comparison_id,pair_type,analysis_role,x,y,x_columns,y_columns,x_dimensions,y_dimensions,original_method,original_status,original_effect,original_effect_unit,spearman_rho,spearman_blank_reason,group_0_n,group_1_n,original_loo_variant_min,original_loo_variant_max,original_loo_study_min,original_loo_study_max,n_paired,paired_variants,n_universe,n_missing_either,missing_variants,missing_columns_by_variant_json,feature_missing_reasons_json,n_studies,study_ids,x_study_composition,y_study_composition,distance_correlation,u_centered_squared_distance_correlation,status,u_status,x_constant_columns,y_constant_columns,x_varying_dimensions,y_varying_dimensions,x_scale_sample_sd_json,y_scale_sample_sd_json,rank_distance_correlation,rank_u_centered_squared_distance_correlation,rank_status,log_outcome_distance_correlation,log_outcome_u_centered_squared_distance_correlation,log_outcome_status,loo_variant_distance_min,loo_variant_distance_max,loo_variant_u_min,loo_variant_u_max,loo_variant_estimable,loo_study_distance_min,loo_study_distance_max,loo_study_u_min,loo_study_u_max,loo_study_estimable,interpretation_limit,description
C001,outcome_outcome,historical_pair,kcat_rel,Na_rel,kcat_rel,Na_rel,1,1,spearman_tie_aware,estimated,-0.548459480244,rho,-0.548459480244,,,,-0.633611219681,-0.435263359607,-0.711303297442,-0.231711624661,14,A797T|D778V|E497D|F834L|G768R|H251N|I457T|L781P|R249Q|R403Q|R663H|R719W|S782N|Y115H,22,8,D239N|D382Y|G741R|I467V|M493I|P710R|R453C|R671C,"{""D239N"":[""Na_rel""],""D382Y"":[""kcat_rel""],""G741R"":[""Na_rel""],""I467V"":[""kcat_rel"",""Na_rel""],""M493I"":[""kcat_rel"",""Na_rel""],""P710R"":[""kcat_rel""],""R453C"":[""Na_rel""],""R671C"":[""kcat_rel"",""Na_rel""]}",{},8,adhikari2016|adhikari2019|kawana2017|morck2022|nag2015|nandwani2025|pathak2026|sarkar2020,adhikari2016:1|adhikari2019:2|kawana2017:1|morck2022:5|nag2015:1|nandwani2025:2|pathak2026:1|sarkar2020:1,adhikari2019:4|morck2022:5|nandwani2025:2|pathak2026:1|sarkar2020:2,0.626376312188,0.190070960587,estimated,estimated,,,1,1,{},{},0.613442453405,0.228663109605,estimated,0.644251745884,0.206132801794,estimated,0.575197571748,0.696953669356,0.048693818551,0.293296315883,14,0.575197571748,0.698778804055,0.048693818551,0.282066559927,8,"Descriptive only; heterogeneous assays, shared measurements and static WT annotations; no p-value, mechanism, interaction attribution or predictive accuracy; deletion ranges are not confidence intervals","This row compares relative catalytic turnover with relative available heads across 14 complete variants. Spearman summarizes increasing or decreasing rank patterns, while the distance scores also describe curved patterns. These exploratory scores do not establish a biological mechanism."
C002,outcome_outcome,historical_pair,kcat_rel,v_rel,kcat_rel,v_rel,1,1,spearman_tie_aware,estimated,0.67032967033,rho,0.67032967033,,,,0.587912087912,0.813186813187,0.587912087912,0.888111888112,14,A797T|D239N|D778V|E497D|F834L|G768R|H251N|I457T|L781P|R403Q|R453C|R663H|S782N|Y115H,22,8,D382Y|G741R|I467V|M493I|P710R|R249Q|R671C|R719W,"{""D382Y"":[""kcat_rel"",""v_rel""],""G741R"":[""v_rel""],""I467V"":[""kcat_rel"",""v_rel""],""M493I"":[""kcat_rel"",""v_rel""],""P710R"":[""kcat_rel""],""R249Q"":[""v_rel""],""R671C"":[""kcat_rel"",""v_rel""],""R719W"":[""v_rel""]}",{},8,adhikari2016|adhikari2019|morck2022|nag2015|nandwani2025|pathak2026|sarkar2020|sommese2013,adhikari2016:2|adhikari2019:1|morck2022:5|nag2015:1|nandwani2025:2|pathak2026:1|sarkar2020:1|sommese2013:1,adhikari2016:2|adhikari2019:1|morck2022:5|nag2015:1|nandwani2025:2|pathak2026:1|sarkar2020:1|sommese2013:1,0.760956148874,0.40014881982,estimated,estimated,,,1,1,{},{},0.678453461482,0.333666333666,estimated,0.717294819136,0.349582072431,estimated,0.670365661378,0.902617034805,0.23793876584,0.726614434373,14,0.670365661378,0.934574135374,0.13274099028,0.815689046025,8,"Descriptive only; heterogeneous assays, shared measurements and static WT annotations; no p-value, mechanism, interaction attribution or predictive accuracy; deletion ranges are not confidence intervals","This row compares relative catalytic turnover with relative unloaded velocity across 14 complete variants. Spearman summarizes increasing or decreasing rank patterns, while the distance scores also describe curved patterns. These exploratory scores do not establish a biological mechanism."
C003,outcome_outcome,historical_pair,Na_rel,v_rel,Na_rel,v_rel,1,1,spearman_tie_aware,estimated,-0.570250097713,rho,-0.570250097713,,,,-0.743864228172,-0.452634365256,-0.743864228172,-0.487722300547,13,A797T|D778V|E497D|F834L|G768R|H251N|I457T|L781P|P710R|R403Q|R663H|S782N|Y115H,22,9,D239N|D382Y|G741R|I467V|M493I|R249Q|R453C|R671C|R719W,"{""D239N"":[""Na_rel""],""D382Y"":[""v_rel""],""G741R"":[""Na_rel"",""v_rel""],""I467V"":[""Na_rel"",""v_rel""],""M493I"":[""Na_rel"",""v_rel""],""R249Q"":[""v_rel""],""R453C"":[""Na_rel""],""R671C"":[""Na_rel"",""v_rel""],""R719W"":[""v_rel""]}",{},8,adhikari2016|adhikari2019|morck2022|nag2015|nandwani2025|pathak2026|sarkar2020|vanderroest2021,adhikari2019:2|morck2022:5|nandwani2025:2|pathak2026:1|sarkar2020:2|vanderroest2021:1,adhikari2016:1|adhikari2019:1|morck2022:5|nag2015:1|nandwani2025:2|pathak2026:1|sarkar2020:1|vanderroest2021:1,0.621400602775,0.0581916621849,estimated,estimated,,,1,1,{},{},0.595605095806,0.186186489881,estimated,0.611248426153,0.103380657594,estimated,0.482785062241,0.728798236915,-0.036299328233,0.25072909911,13,0.59179322082,0.749374576681,-0.036299328233,0.25072909911,8,"Descriptive only; heterogeneous assays, shared measurements and static WT annotations; no p-value, mechanism, interaction attribution or predictive accuracy; deletion ranges are not confidence intervals","This row compares relative available heads with relative unloaded velocity across 13 complete variants. Spearman summarizes increasing or decreasing rank patterns, while the distance scores also describe curved patterns. These exploratory scores do not establish a biological mechanism."
C004,outcome_feature,historical_pair,kcat_rel,adp_rigor_ca_shift_A,kcat_rel,adp_rigor_ca_shift_A,1,1,spearman_tie_aware,estimated,-0.0607142857143,rho,-0.0607142857143,,,,-0.283516483516,0.0461538461538,-0.17032967033,0.0824175824176,15,D239N|D778V|E497D|G741R|G768R|H251N|I457T|L781P|R249Q|R403Q|R453C|R663H|R719W|S782N|Y115H,22,7,A797T|D382Y|F834L|I467V|M493I|P710R|R671C,"{""A797T"":[""adp_rigor_ca_shift_A""],""D382Y"":[""kcat_rel""],""F834L"":[""adp_rigor_ca_shift_A""],""I467V"":[""kcat_rel""],""M493I"":[""kcat_rel""],""P710R"":[""kcat_rel""],""R671C"":[""kcat_rel""]}","{""A797T"":{""adp_rigor_ca_shift_A"":""site_not_observed_in_8EFE_or_8EFD""},""F834L"":{""adp_rigor_ca_shift_A"":""site_not_observed_in_8EFE_or_8EFD""}}",9,adhikari2016|adhikari2019|kawana2017|morck2022|nag2015|nandwani2025|pathak2026|sarkar2020|sommese2013,adhikari2016:2|adhikari2019:2|kawana2017:2|morck2022:3|nag2015:1|nandwani2025:2|pathak2026:1|sarkar2020:1|sommese2013:1,,0.425219303532,0.0838088245664,estimated,estimated,,,1,1,{},"{""adp_rigor_ca_shift_A"":3.8528847133251016}",0.370604382904,-0.0353708791209,estimated,0.415340097289,0.070123665698,estimated,0.391322660672,0.489523952823,0.0382134879952,0.142807779988,15,0.359062043248,0.488817086763,0.0111640957023,0.140861833053,9,"Descriptive only; heterogeneous assays, shared measurements and static WT annotations; no p-value, mechanism, interaction attribution or predictive accuracy; deletion ranges are not confidence intervals","This row compares relative catalytic turnover with site movement from ADP to rigor across 15 complete variants. Spearman summarizes increasing or decreasing rank patterns, while the distance scores also describe curved patterns. These exploratory scores do not establish a biological mechanism."
C005,outcome_feature,historical_pair,kcat_rel,adp_adenine_ca_distance_8efe_A,kcat_rel,adp_adenine_ca_distance_8efe_A,1,1,spearman_tie_aware,estimated,-0.110714285714,rho,-0.110714285714,,,,-0.265934065934,0.0285714285714,-0.230769230769,0.115384615385,15,D239N|D778V|E497D|G741R|G768R|H251N|I457T|L781P|R249Q|R403Q|R453C|R663H|R719W|S782N|Y115H,22,7,A797T|D382Y|F834L|I467V|M493I|P710R|R671C,"{""A797T"":[""adp_adenine_ca_distance_8efe_A""],""D382Y"":[""kcat_rel""],""F834L"":[""adp_adenine_ca_distance_8efe_A""],""I467V"":[""kcat_rel""],""M493I"":[""kcat_rel""],""P710R"":[""kcat_rel""],""R671C"":[""kcat_rel""]}","{""A797T"":{""adp_adenine_ca_distance_8efe_A"":""site_not_observed_in_8EFE""},""F834L"":{""adp_adenine_ca_distance_8efe_A"":""site_not_observed_in_8EFE""}}",9,adhikari2016|adhikari2019|kawana2017|morck2022|nag2015|nandwani2025|pathak2026|sarkar2020|sommese2013,adhikari2016:2|adhikari2019:2|kawana2017:2|morck2022:3|nag2015:1|nandwani2025:2|pathak2026:1|sarkar2020:1|sommese2013:1,,0.399061577362,-0.020021583093,estimated,estimated,,,1,1,{},"{""adp_adenine_ca_distance_8efe_A"":12.966970870664746}",0.317079218823,-0.0834478021978,estimated,0.386324679411,-0.0281938271109,estimated,0.354543941341,0.480034705869,-0.0911026408753,0.0528853381449,15,0.366852671816,0.518223080868,-0.0883096349582,0.0479755249323,9,"Descriptive only; heterogeneous assays, shared measurements and static WT annotations; no p-value, mechanism, interaction attribution or predictive accuracy; deletion ranges are not confidence intervals","This row compares relative catalytic turnover with distance to ADP adenine across 15 complete variants. Spearman summarizes increasing or decreasing rank patterns, while the distance scores also describe curved patterns. These exploratory scores do not establish a biological mechanism."
C006,outcome_feature,historical_pair,kcat_rel,rigor_actin_min_heavy_distance_8efi_A,kcat_rel,rigor_actin_min_heavy_distance_8efi_A,1,1,spearman_tie_aware,estimated,-0.296703296703,rho,-0.296703296703,,,,-0.510989010989,-0.203296703297,-0.482517482517,-0.167832167832,14,D239N|D778V|E497D|G741R|G768R|H251N|I457T|L781P|R249Q|R403Q|R453C|R663H|R719W|Y115H,22,8,A797T|D382Y|F834L|I467V|M493I|P710R|R671C|S782N,"{""A797T"":[""rigor_actin_min_heavy_distance_8efi_A""],""D382Y"":[""kcat_rel""],""F834L"":[""rigor_actin_min_heavy_distance_8efi_A""],""I467V"":[""kcat_rel""],""M493I"":[""kcat_rel""],""P710R"":[""kcat_rel""],""R671C"":[""kcat_rel""],""S782N"":[""rigor_actin_min_heavy_distance_8efi_A""]}","{""A797T"":{""rigor_actin_min_heavy_distance_8efi_A"":""site_not_observed_in_8EFI""},""F834L"":{""rigor_actin_min_heavy_distance_8efi_A"":""site_not_observed_in_8EFI""},""S782N"":{""rigor_actin_min_heavy_distance_8efi_A"":""site_not_observed_in_8EFI""}}",9,adhikari2016|adhikari2019|kawana2017|morck2022|nag2015|nandwani2025|pathak2026|sarkar2020|sommese2013,adhikari2016:2|adhikari2019:2|kawana2017:2|morck2022:2|nag2015:1|nandwani2025:2|pathak2026:1|sarkar2020:1|sommese2013:1,,0.485806649795,0.125072609191,estimated,estimated,,,1,1,{},"{""rigor_actin_min_heavy_distance_8efi_A"":14.982045173084966}",0.48158692753,0.0799200799201,estimated,0.477177671775,0.108035640021,estimated,0.452273540189,0.562580882915,0.0667835644498,0.225942659497,14,0.420948366007,0.562580882915,0.017962982457,0.225942659497,9,"Descriptive only; heterogeneous assays, shared measurements and static WT annotations; no p-value, mechanism, interaction attribution or predictive accuracy; deletion ranges are not confidence intervals","This row compares relative catalytic turnover with distance to actin across 14 complete variants. Spearman summarizes increasing or decreasing rank patterns, while the distance scores also describe curved patterns. These exploratory scores do not establish a biological mechanism."
C007,outcome_feature,historical_pair,kcat_rel,relay_landmark_min_ca_distance_8act_mean_ab,kcat_rel,relay_landmark_min_ca_distance_8act_mean_ab,1,1,spearman_tie_aware,estimated,0.110294117647,rho,0.110294117647,,,,0.0323529411765,0.317647058824,-0.0321428571429,0.346428571429,17,A797T|D239N|D778V|E497D|F834L|G741R|G768R|H251N|I457T|L781P|R249Q|R403Q|R453C|R663H|R719W|S782N|Y115H,22,5,D382Y|I467V|M493I|P710R|R671C,"{""D382Y"":[""kcat_rel""],""I467V"":[""kcat_rel""],""M493I"":[""kcat_rel""],""P710R"":[""kcat_rel""],""R671C"":[""kcat_rel""]}",{},9,adhikari2016|adhikari2019|kawana2017|morck2022|nag2015|nandwani2025|pathak2026|sarkar2020|sommese2013,adhikari2016:2|adhikari2019:2|kawana2017:2|morck2022:5|nag2015:1|nandwani2025:2|pathak2026:1|sarkar2020:1|sommese2013:1,,0.328093417813,-0.0740775227712,estimated,estimated,,,1,1,{},"{""relay_landmark_min_ca_distance_8act_mean_ab"":20.796522476451354}",0.328299088643,-0.0528711484594,estimated,0.325887046816,-0.0696642400116,estimated,0.327337507563,0.367951522336,-0.100862471395,-0.0342575689572,17,0.327337507563,0.460803375682,-0.0958201001678,-0.0259604122799,9,"Descriptive only; heterogeneous assays, shared measurements and static WT annotations; no p-value, mechanism, interaction attribution or predictive accuracy; deletion ranges are not confidence intervals","This row compares relative catalytic turnover with distance to the relay landmark across 17 complete variants. Spearman summarizes increasing or decreasing rank patterns, while the distance scores also describe curved patterns. These exploratory scores do not establish a biological mechanism."
C008,outcome_feature,historical_pair,kcat_rel,elc_min_heavy_distance_8act_mean_ab,kcat_rel,elc_min_heavy_distance_8act_mean_ab,1,1,spearman_tie_aware,estimated,0.308823529412,rho,0.308823529412,,,,0.214705882353,0.397058823529,0.207142857143,0.45,17,A797T|D239N|D778V|E497D|F834L|G741R|G768R|H251N|I457T|L781P|R249Q|R403Q|R453C|R663H|R719W|S782N|Y115H,22,5,D382Y|I467V|M493I|P710R|R671C,"{""D382Y"":[""kcat_rel""],""I467V"":[""kcat_rel""],""M493I"":[""kcat_rel""],""P710R"":[""kcat_rel""],""R671C"":[""kcat_rel""]}",{},9,adhikari2016|adhikari2019|kawana2017|morck2022|nag2015|nandwani2025|pathak2026|sarkar2020|sommese2013,adhikari2016:2|adhikari2019:2|kawana2017:2|morck2022:5|nag2015:1|nandwani2025:2|pathak2026:1|sarkar2020:1|sommese2013:1,,0.459274549959,0.0681793763093,estimated,estimated,,,1,1,{},"{""elc_min_heavy_distance_8act_mean_ab"":14.480871177968607}",0.415420459135,0.0379901960784,estimated,0.456947780944,0.069335653603,estimated,0.395592071957,0.548610559636,-0.0198943398991,0.150922591824,17,0.421549234256,0.56972330698,-0.0111015719454,0.175076066772,9,"Descriptive only; heterogeneous assays, shared measurements and static WT annotations; no p-value, mechanism, interaction attribution or predictive accuracy; deletion ranges are not confidence intervals","This row compares relative catalytic turnover with distance to the essential light chain across 17 complete variants. Spearman summarizes increasing or decreasing rank patterns, while the distance scores also describe curved patterns. These exploratory scores do not establish a biological mechanism."
C009,outcome_feature,historical_pair,kcat_rel,delta_charge,kcat_rel,delta_charge,1,1,spearman_tie_aware,estimated,0.225934459723,rho,0.225934459723,,,,0.0958706236059,0.367183376871,0.0958706236059,0.367183376871,17,A797T|D239N|D778V|E497D|F834L|G741R|G768R|H251N|I457T|L781P|R249Q|R403Q|R453C|R663H|R719W|S782N|Y115H,22,5,D382Y|I467V|M493I|P710R|R671C,"{""D382Y"":[""kcat_rel""],""I467V"":[""kcat_rel"",""delta_charge""],""M493I"":[""kcat_rel"",""delta_charge""],""P710R"":[""kcat_rel""],""R671C"":[""kcat_rel"",""delta_charge""]}","{""I467V"":{""delta_charge"":""missing_in_frozen_analysis_table""},""M493I"":{""delta_charge"":""missing_in_frozen_analysis_table""},""R671C"":{""delta_charge"":""missing_in_frozen_analysis_table""}}",9,adhikari2016|adhikari2019|kawana2017|morck2022|nag2015|nandwani2025|pathak2026|sarkar2020|sommese2013,adhikari2016:2|adhikari2019:2|kawana2017:2|morck2022:5|nag2015:1|nandwani2025:2|pathak2026:1|sarkar2020:1|sommese2013:1,,0.346167762611,-0.0220365119114,estimated,estimated,,,1,1,{},"{""delta_charge"":0.7475450015964021}",0.378057840833,0.0059766611808,estimated,0.363071804103,-0.0186503889557,estimated,0.288173066721,0.431939322362,-0.0810413084575,0.0574496376913,17,0.288173066721,0.431939322362,-0.112714362493,0.0574496376913,9,"Descriptive only; heterogeneous assays, shared measurements and static WT annotations; no p-value, mechanism, interaction attribution or predictive accuracy; deletion ranges are not confidence intervals","This row compares relative catalytic turnover with mutation charge change across 17 complete variants. Spearman summarizes increasing or decreasing rank patterns, while the distance scores also describe curved patterns. These exploratory scores do not establish a biological mechanism."
C010,outcome_feature,historical_pair,kcat_rel,grantham_distance,kcat_rel,grantham_distance,1,1,spearman_tie_aware,estimated,-0.352147504345,rho,-0.352147504345,,,,-0.484179674863,-0.222386102739,-0.563002905778,-0.214477297439,17,A797T|D239N|D778V|E497D|F834L|G741R|G768R|H251N|I457T|L781P|R249Q|R403Q|R453C|R663H|R719W|S782N|Y115H,22,5,D382Y|I467V|M493I|P710R|R671C,"{""D382Y"":[""kcat_rel"",""grantham_distance""],""I467V"":[""kcat_rel"",""grantham_distance""],""M493I"":[""kcat_rel"",""grantham_distance""],""P710R"":[""kcat_rel"",""grantham_distance""],""R671C"":[""kcat_rel"",""grantham_distance""]}","{""D382Y"":{""grantham_distance"":""missing_in_frozen_analysis_table""},""I467V"":{""grantham_distance"":""missing_in_frozen_analysis_table""},""M493I"":{""grantham_distance"":""missing_in_frozen_analysis_table""},""P710R"":{""grantham_distance"":""missing_in_frozen_analysis_table""},""R671C"":{""grantham_distance"":""missing_in_frozen_analysis_table""}}",9,adhikari2016|adhikari2019|kawana2017|morck2022|nag2015|nandwani2025|pathak2026|sarkar2020|sommese2013,adhikari2016:2|adhikari2019:2|kawana2017:2|morck2022:5|nag2015:1|nandwani2025:2|pathak2026:1|sarkar2020:1|sommese2013:1,,0.416655911761,0.00866229193479,estimated,estimated,,,1,1,{},"{""grantham_distance"":46.768752137197204}",0.420046271366,0.0243084301127,estimated,0.433607566263,0.00982752784149,estimated,0.341487236897,0.510820862775,-0.0622746339439,0.102733547209,17,0.341487236897,0.596450329755,-0.0622746339439,0.200664218225,9,"Descriptive only; heterogeneous assays, shared measurements and static WT annotations; no p-value, mechanism, interaction attribution or predictive accuracy; deletion ranges are not confidence intervals","This row compares relative catalytic turnover with amino-acid chemistry difference across 17 complete variants. Spearman summarizes increasing or decreasing rank patterns, while the distance scores also describe curved patterns. These exploratory scores do not establish a biological mechanism."
C011,outcome_feature,historical_pair,kcat_rel,catalytic_motif_min_ca_distance_8act_mean_ab,kcat_rel,catalytic_motif_min_ca_distance_8act_mean_ab,1,1,spearman_tie_aware,estimated,-0.242647058824,rho,-0.242647058824,,,,-0.435294117647,-0.120588235294,-0.346428571429,-0.0321428571429,17,A797T|D239N|D778V|E497D|F834L|G741R|G768R|H251N|I457T|L781P|R249Q|R403Q|R453C|R663H|R719W|S782N|Y115H,22,5,D382Y|I467V|M493I|P710R|R671C,"{""D382Y"":[""kcat_rel"",""catalytic_motif_min_ca_distance_8act_mean_ab""],""I467V"":[""kcat_rel"",""catalytic_motif_min_ca_distance_8act_mean_ab""],""M493I"":[""kcat_rel"",""catalytic_motif_min_ca_distance_8act_mean_ab""],""P710R"":[""kcat_rel"",""catalytic_motif_min_ca_distance_8act_mean_ab""],""R671C"":[""kcat_rel"",""catalytic_motif_min_ca_distance_8act_mean_ab""]}","{""D382Y"":{""catalytic_motif_min_ca_distance_8act_mean_ab"":""missing_in_frozen_analysis_table""},""I467V"":{""catalytic_motif_min_ca_distance_8act_mean_ab"":""missing_in_frozen_analysis_table""},""M493I"":{""catalytic_motif_min_ca_distance_8act_mean_ab"":""missing_in_frozen_analysis_table""},""P710R"":{""catalytic_motif_min_ca_distance_8act_mean_ab"":""missing_in_frozen_analysis_table""},""R671C"":{""catalytic_motif_min_ca_distance_8act_mean_ab"":""missing_in_frozen_analysis_table""}}",9,adhikari2016|adhikari2019|kawana2017|morck2022|nag2015|nandwani2025|pathak2026|sarkar2020|sommese2013,adhikari2016:2|adhikari2019:2|kawana2017:2|morck2022:5|nag2015:1|nandwani2025:2|pathak2026:1|sarkar2020:1|sommese2013:1,,0.458513680925,0.079139986507,estimated,estimated,,,1,1,{},"{""catalytic_motif_min_ca_distance_8act_mean_ab"":20.218423450702087}",0.401809006403,0.0141806722689,estimated,0.448881473156,0.0676203018905,estimated,0.414211605568,0.525905569613,0.0146124769081,0.163938017826,17,0.40957722856,0.524659046407,-0.0562207345176,0.129371592165,9,"Descriptive only; heterogeneous assays, shared measurements and static WT annotations; no p-value, mechanism, interaction attribution or predictive accuracy; deletion ranges are not confidence intervals","This row compares relative catalytic turnover with distance to the catalytic motif across 17 complete variants. Spearman summarizes increasing or decreasing rank patterns, while the distance scores also describe curved patterns. These exploratory scores do not establish a biological mechanism."
C012,outcome_feature,historical_pair,kcat_rel,wt_site_rsa_8act_mean_ab,kcat_rel,wt_site_rsa_8act_mean_ab,1,1,spearman_tie_aware,estimated,-0.402197802198,rho,-0.402197802198,,,,-0.549450549451,-0.252747252747,-0.733333333333,-0.244755244755,14,A797T|D778V|E497D|F834L|G768R|H251N|I457T|L781P|R249Q|R403Q|R663H|R719W|S782N|Y115H,22,8,D239N|D382Y|G741R|I467V|M493I|P710R|R453C|R671C,"{""D239N"":[""wt_site_rsa_8act_mean_ab""],""D382Y"":[""kcat_rel""],""G741R"":[""wt_site_rsa_8act_mean_ab""],""I467V"":[""kcat_rel"",""wt_site_rsa_8act_mean_ab""],""M493I"":[""kcat_rel"",""wt_site_rsa_8act_mean_ab""],""P710R"":[""kcat_rel""],""R453C"":[""wt_site_rsa_8act_mean_ab""],""R671C"":[""kcat_rel"",""wt_site_rsa_8act_mean_ab""]}","{""D239N"":{""wt_site_rsa_8act_mean_ab"":""missing_in_frozen_analysis_table""},""G741R"":{""wt_site_rsa_8act_mean_ab"":""missing_in_frozen_analysis_table""},""I467V"":{""wt_site_rsa_8act_mean_ab"":""missing_in_frozen_analysis_table""},""M493I"":{""wt_site_rsa_8act_mean_ab"":""missing_in_frozen_analysis_table""},""R453C"":{""wt_site_rsa_8act_mean_ab"":""missing_in_frozen_analysis_table""},""R671C"":{""wt_site_rsa_8act_mean_ab"":""missing_in_frozen_analysis_table""}}",8,adhikari2016|adhikari2019|kawana2017|morck2022|nag2015|nandwani2025|pathak2026|sarkar2020,adhikari2016:1|adhikari2019:2|kawana2017:1|morck2022:5|nag2015:1|nandwani2025:2|pathak2026:1|sarkar2020:1,,0.495892776276,0.0588201639638,estimated,estimated,,,1,1,{},"{""wt_site_rsa_8act_mean_ab"":0.19579826263837236}",0.427413125295,-0.0184815184815,estimated,0.496896748992,0.0441295385635,estimated,0.443932539853,0.565909000459,-0.0353363075627,0.138880352296,14,0.46302587706,0.615945981288,-0.0206214756435,0.211583658379,8,"Descriptive only; heterogeneous assays, shared measurements and static WT annotations; no p-value, mechanism, interaction attribution or predictive accuracy; deletion ranges are not confidence intervals","This row compares relative catalytic turnover with wild-type site solvent exposure across 14 complete variants. Spearman summarizes increasing or decreasing rank patterns, while the distance scores also describe curved patterns. These exploratory scores do not establish a biological mechanism."
C013,outcome_feature,historical_pair,kcat_rel,ihm_interface_flag_8act,kcat_rel,ihm_interface_flag_8act,1,1,median_flag1_minus_flag0,fragile_group_n_lt2,0.23666666667,ratio,,binary_original_is_median_difference,13,1,0.23553763441,0.26666666667,0.23553763441,0.29666666667,14,A797T|D778V|E497D|F834L|G768R|H251N|I457T|L781P|R249Q|R403Q|R663H|R719W|S782N|Y115H,22,8,D239N|D382Y|G741R|I467V|M493I|P710R|R453C|R671C,"{""D239N"":[""ihm_interface_flag_8act""],""D382Y"":[""kcat_rel""],""G741R"":[""ihm_interface_flag_8act""],""I467V"":[""kcat_rel"",""ihm_interface_flag_8act""],""M493I"":[""kcat_rel"",""ihm_interface_flag_8act""],""P710R"":[""kcat_rel""],""R453C"":[""ihm_interface_flag_8act""],""R671C"":[""kcat_rel"",""ihm_interface_flag_8act""]}","{""D239N"":{""ihm_interface_flag_8act"":""missing_in_frozen_analysis_table""},""G741R"":{""ihm_interface_flag_8act"":""missing_in_frozen_analysis_table""},""I467V"":{""ihm_interface_flag_8act"":""missing_in_frozen_analysis_table""},""M493I"":{""ihm_interface_flag_8act"":""missing_in_frozen_analysis_table""},""R453C"":{""ihm_interface_flag_8act"":""missing_in_frozen_analysis_table""},""R671C"":{""ihm_interface_flag_8act"":""missing_in_frozen_analysis_table""}}",8,adhikari2016|adhikari2019|kawana2017|morck2022|nag2015|nandwani2025|pathak2026|sarkar2020,adhikari2016:1|adhikari2019:2|kawana2017:1|morck2022:5|nag2015:1|nandwani2025:2|pathak2026:1|sarkar2020:1,,0.343740091325,,estimated,zero_u_distance_variance,,,1,1,{},"{""ihm_interface_flag_8act"":0.26726124191242434}",0.367486175186,,zero_u_distance_variance,0.342668605132,,zero_u_distance_variance,0.338738291256,0.427907246435,,,0,0.338841173264,0.443748780013,,,0,"Descriptive only; heterogeneous assays, shared measurements and static WT annotations; no p-value, mechanism, interaction attribution or predictive accuracy; deletion ranges are not confidence intervals","This row compares relative catalytic turnover with wild-type IHM-interface flag across 14 measured variants. The earlier score is a binary-group median difference, while distance scores describe dependence without an increasing or decreasing direction. A singleton group makes the U score undefined, and shared study context limits interpretation."
C014,outcome_feature,historical_pair,Na_rel,adp_rigor_ca_shift_A,Na_rel,adp_rigor_ca_shift_A,1,1,spearman_tie_aware,estimated,-0.00220264851504,rho,-0.00220264851504,,,,-0.159780220615,0.143251232276,-0.189474850572,0.528475175191,14,D382Y|D778V|E497D|G768R|H251N|I457T|L781P|P710R|R249Q|R403Q|R663H|R719W|S782N|Y115H,22,8,A797T|D239N|F834L|G741R|I467V|M493I|R453C|R671C,"{""A797T"":[""adp_rigor_ca_shift_A""],""D239N"":[""Na_rel""],""F834L"":[""adp_rigor_ca_shift_A""],""G741R"":[""Na_rel""],""I467V"":[""Na_rel""],""M493I"":[""Na_rel""],""R453C"":[""Na_rel""],""R671C"":[""Na_rel""]}","{""A797T"":{""adp_rigor_ca_shift_A"":""site_not_observed_in_8EFE_or_8EFD""},""F834L"":{""adp_rigor_ca_shift_A"":""site_not_observed_in_8EFE_or_8EFD""}}",6,adhikari2019|morck2022|nandwani2025|pathak2026|sarkar2020|vanderroest2021,adhikari2019:5|morck2022:3|nandwani2025:2|pathak2026:1|sarkar2020:2|vanderroest2021:1,,0.374098984366,-0.0298886855156,estimated,estimated,,,1,1,{},"{""adp_rigor_ca_shift_A"":3.773959292993345}",0.413615807143,-0.0269115725665,estimated,0.377741053756,-0.0235275014333,estimated,0.361958719072,0.435767775729,-0.0591888034352,0.0282632980336,14,0.361958719072,0.646840244056,-0.0591888034352,0.276184415931,6,"Descriptive only; heterogeneous assays, shared measurements and static WT annotations; no p-value, mechanism, interaction attribution or predictive accuracy; deletion ranges are not confidence intervals","This row compares relative available heads with site movement from ADP to rigor across 14 complete variants. Spearman summarizes increasing or decreasing rank patterns, while the distance scores also describe curved patterns. These exploratory scores do not establish a biological mechanism."
C015,outcome_feature,historical_pair,Na_rel,adp_adenine_ca_distance_8efe_A,Na_rel,adp_adenine_ca_distance_8efe_A,1,1,spearman_tie_aware,estimated,-0.057268861391,rho,-0.057268861391,,,,-0.225896173973,0.0661159533581,-0.22689876784,0.154897896177,14,D382Y|D778V|E497D|G768R|H251N|I457T|L781P|P710R|R249Q|R403Q|R663H|R719W|S782N|Y115H,22,8,A797T|D239N|F834L|G741R|I467V|M493I|R453C|R671C,"{""A797T"":[""adp_adenine_ca_distance_8efe_A""],""D239N"":[""Na_rel""],""F834L"":[""adp_adenine_ca_distance_8efe_A""],""G741R"":[""Na_rel""],""I467V"":[""Na_rel""],""M493I"":[""Na_rel""],""R453C"":[""Na_rel""],""R671C"":[""Na_rel""]}","{""A797T"":{""adp_adenine_ca_distance_8efe_A"":""site_not_observed_in_8EFE""},""F834L"":{""adp_adenine_ca_distance_8efe_A"":""site_not_observed_in_8EFE""}}",6,adhikari2019|morck2022|nandwani2025|pathak2026|sarkar2020|vanderroest2021,adhikari2019:5|morck2022:3|nandwani2025:2|pathak2026:1|sarkar2020:2|vanderroest2021:1,,0.385751883626,-0.0624351522803,estimated,estimated,,,1,1,{},"{""adp_adenine_ca_distance_8efe_A"":11.726707713953315}",0.345566585919,-0.0697707436909,estimated,0.398735487505,-0.056138232254,estimated,0.372947402162,0.450455221052,-0.0919731126786,-0.00365075463933,14,0.380011431755,0.493200721082,-0.119435898154,0.0247049315827,6,"Descriptive only; heterogeneous assays, shared measurements and static WT annotations; no p-value, mechanism, interaction attribution or predictive accuracy; deletion ranges are not confidence intervals","This row compares relative available heads with distance to ADP adenine across 14 complete variants. Spearman summarizes increasing or decreasing rank patterns, while the distance scores also describe curved patterns. These exploratory scores do not establish a biological mechanism."
C016,outcome_feature,historical_pair,Na_rel,rigor_actin_min_heavy_distance_8efi_A,Na_rel,rigor_actin_min_heavy_distance_8efi_A,1,1,spearman_tie_aware,estimated,0.18431929404,rho,0.18431929404,,,,-0.0385289557586,0.304729013727,-0.0683373071367,0.469249509006,13,D382Y|D778V|E497D|G768R|H251N|I457T|L781P|P710R|R249Q|R403Q|R663H|R719W|Y115H,22,9,A797T|D239N|F834L|G741R|I467V|M493I|R453C|R671C|S782N,"{""A797T"":[""rigor_actin_min_heavy_distance_8efi_A""],""D239N"":[""Na_rel""],""F834L"":[""rigor_actin_min_heavy_distance_8efi_A""],""G741R"":[""Na_rel""],""I467V"":[""Na_rel""],""M493I"":[""Na_rel""],""R453C"":[""Na_rel""],""R671C"":[""Na_rel""],""S782N"":[""rigor_actin_min_heavy_distance_8efi_A""]}","{""A797T"":{""rigor_actin_min_heavy_distance_8efi_A"":""site_not_observed_in_8EFI""},""F834L"":{""rigor_actin_min_heavy_distance_8efi_A"":""site_not_observed_in_8EFI""},""S782N"":{""rigor_actin_min_heavy_distance_8efi_A"":""site_not_observed_in_8EFI""}}",6,adhikari2019|morck2022|nandwani2025|pathak2026|sarkar2020|vanderroest2021,adhikari2019:5|morck2022:2|nandwani2025:2|pathak2026:1|sarkar2020:2|vanderroest2021:1,,0.413143081721,-0.0831003090807,estimated,estimated,,,1,1,{},"{""rigor_actin_min_heavy_distance_8efi_A"":14.858079860004867}",0.346415715406,-0.118274995733,estimated,0.409064396903,-0.082778814658,estimated,0.386156678519,0.46713846123,-0.139314139515,-0.0432747625014,13,0.409628974906,0.551488455537,-0.15072921379,0.0460683781241,6,"Descriptive only; heterogeneous assays, shared measurements and static WT annotations; no p-value, mechanism, interaction attribution or predictive accuracy; deletion ranges are not confidence intervals","This row compares relative available heads with distance to actin across 13 complete variants. Spearman summarizes increasing or decreasing rank patterns, while the distance scores also describe curved patterns. These exploratory scores do not establish a biological mechanism."
C017,outcome_feature,historical_pair,Na_rel,relay_landmark_min_ca_distance_8act_mean_ab,Na_rel,relay_landmark_min_ca_distance_8act_mean_ab,1,1,spearman_tie_aware,estimated,-0.094256361426,rho,-0.094256361426,,,,-0.255814362817,-0.0178891162809,-0.202643663384,0.00911164095156,16,A797T|D382Y|D778V|E497D|F834L|G768R|H251N|I457T|L781P|P710R|R249Q|R403Q|R663H|R719W|S782N|Y115H,22,6,D239N|G741R|I467V|M493I|R453C|R671C,"{""D239N"":[""Na_rel""],""G741R"":[""Na_rel""],""I467V"":[""Na_rel""],""M493I"":[""Na_rel""],""R453C"":[""Na_rel""],""R671C"":[""Na_rel""]}",{},6,adhikari2019|morck2022|nandwani2025|pathak2026|sarkar2020|vanderroest2021,adhikari2019:5|morck2022:5|nandwani2025:2|pathak2026:1|sarkar2020:2|vanderroest2021:1,,0.344089373754,-0.0600297863391,estimated,estimated,,,1,1,{},"{""relay_landmark_min_ca_distance_8act_mean_ab"":23.43164227785453}",0.33041133888,-0.0538179687704,estimated,0.345128993283,-0.0568563568171,estimated,0.341074464825,0.411759313704,-0.0909094080183,0.0476721421522,16,0.341074464825,0.405931774212,-0.138408466494,-0.00236068307646,6,"Descriptive only; heterogeneous assays, shared measurements and static WT annotations; no p-value, mechanism, interaction attribution or predictive accuracy; deletion ranges are not confidence intervals","This row compares relative available heads with distance to the relay landmark across 16 complete variants. Spearman summarizes increasing or decreasing rank patterns, while the distance scores also describe curved patterns. These exploratory scores do not establish a biological mechanism."
C018,outcome_feature,historical_pair,Na_rel,elc_min_heavy_distance_8act_mean_ab,Na_rel,elc_min_heavy_distance_8act_mean_ab,1,1,spearman_tie_aware,estimated,-0.0913108501314,rho,-0.0913108501314,,,,-0.212689986627,0.103756874429,-0.423691304248,-0.0198238366353,16,A797T|D382Y|D778V|E497D|F834L|G768R|H251N|I457T|L781P|P710R|R249Q|R403Q|R663H|R719W|S782N|Y115H,22,6,D239N|G741R|I467V|M493I|R453C|R671C,"{""D239N"":[""Na_rel""],""G741R"":[""Na_rel""],""I467V"":[""Na_rel""],""M493I"":[""Na_rel""],""R453C"":[""Na_rel""],""R671C"":[""Na_rel""]}",{},6,adhikari2019|morck2022|nandwani2025|pathak2026|sarkar2020|vanderroest2021,adhikari2019:5|morck2022:5|nandwani2025:2|pathak2026:1|sarkar2020:2|vanderroest2021:1,,0.384043090501,0.0193870727606,estimated,estimated,,,1,1,{},"{""elc_min_heavy_distance_8act_mean_ab"":17.14953575372914}",0.41379706657,0.015480224725,estimated,0.3769358395,0.0139135207076,estimated,0.364343451416,0.431946140373,-0.0178360182886,0.0556618855923,16,0.379625352407,0.474125905105,-0.0676433418756,0.0849006103043,6,"Descriptive only; heterogeneous assays, shared measurements and static WT annotations; no p-value, mechanism, interaction attribution or predictive accuracy; deletion ranges are not confidence intervals","This row compares relative available heads with distance to the essential light chain across 16 complete variants. Spearman summarizes increasing or decreasing rank patterns, while the distance scores also describe curved patterns. These exploratory scores do not establish a biological mechanism."
C019,outcome_feature,historical_pair,Na_rel,delta_charge,Na_rel,delta_charge,1,1,spearman_tie_aware,estimated,0.0288035764741,rho,0.0288035764741,,,,-0.114232559129,0.196952688154,-0.178292118363,0.360945425802,16,A797T|D382Y|D778V|E497D|F834L|G768R|H251N|I457T|L781P|P710R|R249Q|R403Q|R663H|R719W|S782N|Y115H,22,6,D239N|G741R|I467V|M493I|R453C|R671C,"{""D239N"":[""Na_rel""],""G741R"":[""Na_rel""],""I467V"":[""Na_rel"",""delta_charge""],""M493I"":[""Na_rel"",""delta_charge""],""R453C"":[""Na_rel""],""R671C"":[""Na_rel"",""delta_charge""]}","{""I467V"":{""delta_charge"":""missing_in_frozen_analysis_table""},""M493I"":{""delta_charge"":""missing_in_frozen_analysis_table""},""R671C"":{""delta_charge"":""missing_in_frozen_analysis_table""}}",6,adhikari2019|morck2022|nandwani2025|pathak2026|sarkar2020|vanderroest2021,adhikari2019:5|morck2022:5|nandwani2025:2|pathak2026:1|sarkar2020:2|vanderroest2021:1,,0.275478157263,-0.0962105149567,estimated,estimated,,,1,1,{},"{""delta_charge"":0.7302967433402214}",0.252636770162,-0.0939388560607,estimated,0.27670748607,-0.0961879787457,estimated,0.258099952888,0.348925955545,-0.122967882791,-0.0574221178936,16,0.258099952888,0.473420670073,-0.122967882791,0.00723254965946,6,"Descriptive only; heterogeneous assays, shared measurements and static WT annotations; no p-value, mechanism, interaction attribution or predictive accuracy; deletion ranges are not confidence intervals","This row compares relative available heads with mutation charge change across 16 complete variants. Spearman summarizes increasing or decreasing rank patterns, while the distance scores also describe curved patterns. These exploratory scores do not establish a biological mechanism."
C020,outcome_feature,historical_pair,Na_rel,grantham_distance,Na_rel,grantham_distance,1,1,spearman_tie_aware,estimated,0.174200767399,rho,0.174200767399,,,,0.0331034797655,0.358126721763,0.00701758705823,0.470588235294,14,A797T|D778V|E497D|F834L|G768R|H251N|I457T|L781P|R249Q|R403Q|R663H|R719W|S782N|Y115H,22,8,D239N|D382Y|G741R|I467V|M493I|P710R|R453C|R671C,"{""D239N"":[""Na_rel""],""D382Y"":[""grantham_distance""],""G741R"":[""Na_rel""],""I467V"":[""Na_rel"",""grantham_distance""],""M493I"":[""Na_rel"",""grantham_distance""],""P710R"":[""grantham_distance""],""R453C"":[""Na_rel""],""R671C"":[""Na_rel"",""grantham_distance""]}","{""D382Y"":{""grantham_distance"":""missing_in_frozen_analysis_table""},""I467V"":{""grantham_distance"":""missing_in_frozen_analysis_table""},""M493I"":{""grantham_distance"":""missing_in_frozen_analysis_table""},""P710R"":{""grantham_distance"":""missing_in_frozen_analysis_table""},""R671C"":{""grantham_distance"":""missing_in_frozen_analysis_table""}}",5,adhikari2019|morck2022|nandwani2025|pathak2026|sarkar2020,adhikari2019:4|morck2022:5|nandwani2025:2|pathak2026:1|sarkar2020:2,,0.34474901803,-0.0932520132689,estimated,estimated,,,1,1,{},"{""grantham_distance"":38.009541890494745}",0.335809758212,-0.0942268514044,estimated,0.345945420785,-0.0983683455041,estimated,0.325161839628,0.443312166838,-0.145560247008,-0.0231987089561,14,0.329000831607,0.535417395571,-0.147485082509,-0.0316433896209,5,"Descriptive only; heterogeneous assays, shared measurements and static WT annotations; no p-value, mechanism, interaction attribution or predictive accuracy; deletion ranges are not confidence intervals","This row compares relative available heads with amino-acid chemistry difference across 14 complete variants. Spearman summarizes increasing or decreasing rank patterns, while the distance scores also describe curved patterns. These exploratory scores do not establish a biological mechanism."
C021,outcome_feature,historical_pair,Na_rel,catalytic_motif_min_ca_distance_8act_mean_ab,Na_rel,catalytic_motif_min_ca_distance_8act_mean_ab,1,1,spearman_tie_aware,estimated,0.0374450247556,rho,0.0374450247556,,,,-0.154270557835,0.148760895056,-0.0243906973328,0.267784770802,14,A797T|D778V|E497D|F834L|G768R|H251N|I457T|L781P|R249Q|R403Q|R663H|R719W|S782N|Y115H,22,8,D239N|D382Y|G741R|I467V|M493I|P710R|R453C|R671C,"{""D239N"":[""Na_rel""],""D382Y"":[""catalytic_motif_min_ca_distance_8act_mean_ab""],""G741R"":[""Na_rel""],""I467V"":[""Na_rel"",""catalytic_motif_min_ca_distance_8act_mean_ab""],""M493I"":[""Na_rel"",""catalytic_motif_min_ca_distance_8act_mean_ab""],""P710R"":[""catalytic_motif_min_ca_distance_8act_mean_ab""],""R453C"":[""Na_rel""],""R671C"":[""Na_rel"",""catalytic_motif_min_ca_distance_8act_mean_ab""]}","{""D382Y"":{""catalytic_motif_min_ca_distance_8act_mean_ab"":""missing_in_frozen_analysis_table""},""I467V"":{""catalytic_motif_min_ca_distance_8act_mean_ab"":""missing_in_frozen_analysis_table""},""M493I"":{""catalytic_motif_min_ca_distance_8act_mean_ab"":""missing_in_frozen_analysis_table""},""P710R"":{""catalytic_motif_min_ca_distance_8act_mean_ab"":""missing_in_frozen_analysis_table""},""R671C"":{""catalytic_motif_min_ca_distance_8act_mean_ab"":""missing_in_frozen_analysis_table""}}",5,adhikari2019|morck2022|nandwani2025|pathak2026|sarkar2020,adhikari2019:4|morck2022:5|nandwani2025:2|pathak2026:1|sarkar2020:2,,0.402680020783,-0.0637035071369,estimated,estimated,,,1,1,{},"{""catalytic_motif_min_ca_distance_8act_mean_ab"":20.29965756515351}",0.374624303751,-0.0605284701895,estimated,0.408143875002,-0.0582183288467,estimated,0.387004670562,0.464360473673,-0.100592203946,-0.0285060224166,14,0.407417357155,0.502091507432,-0.1612876805,-0.0424403272285,5,"Descriptive only; heterogeneous assays, shared measurements and static WT annotations; no p-value, mechanism, interaction attribution or predictive accuracy; deletion ranges are not confidence intervals","This row compares relative available heads with distance to the catalytic motif across 14 complete variants. Spearman summarizes increasing or decreasing rank patterns, while the distance scores also describe curved patterns. These exploratory scores do not establish a biological mechanism."
C022,outcome_feature,historical_pair,Na_rel,wt_site_rsa_8act_mean_ab,Na_rel,wt_site_rsa_8act_mean_ab,1,1,spearman_tie_aware,estimated,-0.15169383167,rho,-0.15169383167,,,,-0.398927293064,-0.0500895255865,-0.515987114424,0.341686535684,16,A797T|D382Y|D778V|E497D|F834L|G768R|H251N|I457T|L781P|P710R|R249Q|R403Q|R663H|R719W|S782N|Y115H,22,6,D239N|G741R|I467V|M493I|R453C|R671C,"{""D239N"":[""Na_rel"",""wt_site_rsa_8act_mean_ab""],""G741R"":[""Na_rel"",""wt_site_rsa_8act_mean_ab""],""I467V"":[""Na_rel"",""wt_site_rsa_8act_mean_ab""],""M493I"":[""Na_rel"",""wt_site_rsa_8act_mean_ab""],""R453C"":[""Na_rel"",""wt_site_rsa_8act_mean_ab""],""R671C"":[""Na_rel"",""wt_site_rsa_8act_mean_ab""]}","{""D239N"":{""wt_site_rsa_8act_mean_ab"":""missing_in_frozen_analysis_table""},""G741R"":{""wt_site_rsa_8act_mean_ab"":""missing_in_frozen_analysis_table""},""I467V"":{""wt_site_rsa_8act_mean_ab"":""missing_in_frozen_analysis_table""},""M493I"":{""wt_site_rsa_8act_mean_ab"":""missing_in_frozen_analysis_table""},""R453C"":{""wt_site_rsa_8act_mean_ab"":""missing_in_frozen_analysis_table""},""R671C"":{""wt_site_rsa_8act_mean_ab"":""missing_in_frozen_analysis_table""}}",6,adhikari2019|morck2022|nandwani2025|pathak2026|sarkar2020|vanderroest2021,adhikari2019:5|morck2022:5|nandwani2025:2|pathak2026:1|sarkar2020:2|vanderroest2021:1,,0.381563571811,-0.121425322359,estimated,estimated,,,1,1,{},"{""wt_site_rsa_8act_mean_ab"":0.18427222470229557}",0.394363936606,-0.030234813916,estimated,0.394685037271,-0.120980385696,estimated,0.360195534101,0.5381128836,-0.169222156424,0.0438652037822,16,0.371722212565,0.5381128836,-0.184706142387,0.0438652037822,6,"Descriptive only; heterogeneous assays, shared measurements and static WT annotations; no p-value, mechanism, interaction attribution or predictive accuracy; deletion ranges are not confidence intervals","This row compares relative available heads with wild-type site solvent exposure across 16 complete variants. Spearman summarizes increasing or decreasing rank patterns, while the distance scores also describe curved patterns. These exploratory scores do not establish a biological mechanism."
C023,outcome_feature,historical_pair,Na_rel,ihm_interface_flag_8act,Na_rel,ihm_interface_flag_8act,1,1,median_flag1_minus_flag0,estimated,0.006683375105,ratio,,binary_original_is_median_difference,14,2,-0.03174603175,0.04511278196,-0.121501953085,0.04511278196,16,A797T|D382Y|D778V|E497D|F834L|G768R|H251N|I457T|L781P|P710R|R249Q|R403Q|R663H|R719W|S782N|Y115H,22,6,D239N|G741R|I467V|M493I|R453C|R671C,"{""D239N"":[""Na_rel"",""ihm_interface_flag_8act""],""G741R"":[""Na_rel"",""ihm_interface_flag_8act""],""I467V"":[""Na_rel"",""ihm_interface_flag_8act""],""M493I"":[""Na_rel"",""ihm_interface_flag_8act""],""R453C"":[""Na_rel"",""ihm_interface_flag_8act""],""R671C"":[""Na_rel"",""ihm_interface_flag_8act""]}","{""D239N"":{""ihm_interface_flag_8act"":""missing_in_frozen_analysis_table""},""G741R"":{""ihm_interface_flag_8act"":""missing_in_frozen_analysis_table""},""I467V"":{""ihm_interface_flag_8act"":""missing_in_frozen_analysis_table""},""M493I"":{""ihm_interface_flag_8act"":""missing_in_frozen_analysis_table""},""R453C"":{""ihm_interface_flag_8act"":""missing_in_frozen_analysis_table""},""R671C"":{""ihm_interface_flag_8act"":""missing_in_frozen_analysis_table""}}",6,adhikari2019|morck2022|nandwani2025|pathak2026|sarkar2020|vanderroest2021,adhikari2019:5|morck2022:5|nandwani2025:2|pathak2026:1|sarkar2020:2|vanderroest2021:1,,0.254746682122,0.0198511931861,estimated,estimated,,,1,1,{},"{""ihm_interface_flag_8act"":0.3415650255319866}",0.247315120252,-0.00089200387538,estimated,0.252677457009,0.018450673145,estimated,0.221110809964,0.275531421172,0.0129815550928,0.0278132243225,14,0.223574195678,0.346095058328,0.0135981142168,0.0512362570943,4,"Descriptive only; heterogeneous assays, shared measurements and static WT annotations; no p-value, mechanism, interaction attribution or predictive accuracy; deletion ranges are not confidence intervals","This row compares relative available heads with wild-type IHM-interface flag across 16 measured variants. The earlier score is a binary-group median difference, while distance scores describe dependence without an increasing or decreasing direction. Sparse binary groups and shared study context limit interpretation."
C024,outcome_feature,historical_pair,v_rel,adp_rigor_ca_shift_A,v_rel,adp_rigor_ca_shift_A,1,1,spearman_tie_aware,estimated,-0.434065934066,rho,-0.434065934066,,,,-0.629370629371,-0.342657342657,-0.709090909091,-0.342657342657,13,D239N|D778V|E497D|G768R|H251N|I457T|L781P|P710R|R403Q|R453C|R663H|S782N|Y115H,22,9,A797T|D382Y|F834L|G741R|I467V|M493I|R249Q|R671C|R719W,"{""A797T"":[""adp_rigor_ca_shift_A""],""D382Y"":[""v_rel""],""F834L"":[""adp_rigor_ca_shift_A""],""G741R"":[""v_rel""],""I467V"":[""v_rel""],""M493I"":[""v_rel""],""R249Q"":[""v_rel""],""R671C"":[""v_rel""],""R719W"":[""v_rel""]}","{""A797T"":{""adp_rigor_ca_shift_A"":""site_not_observed_in_8EFE_or_8EFD""},""F834L"":{""adp_rigor_ca_shift_A"":""site_not_observed_in_8EFE_or_8EFD""}}",9,adhikari2016|adhikari2019|morck2022|nag2015|nandwani2025|pathak2026|sarkar2020|sommese2013|vanderroest2021,adhikari2016:2|adhikari2019:1|morck2022:3|nag2015:1|nandwani2025:2|pathak2026:1|sarkar2020:1|sommese2013:1|vanderroest2021:1,,0.405367603275,0.0209303574976,estimated,estimated,,,1,1,{},"{""adp_rigor_ca_shift_A"":3.67758845794947}",0.544046525652,0.145854145854,estimated,0.430669699736,0.03948223288,estimated,0.339178565495,0.528473197886,-0.0491925171213,0.20541528885,13,0.339178565495,0.703807769233,-0.0760478947822,0.449883957991,9,"Descriptive only; heterogeneous assays, shared measurements and static WT annotations; no p-value, mechanism, interaction attribution or predictive accuracy; deletion ranges are not confidence intervals","This row compares relative unloaded velocity with site movement from ADP to rigor across 13 complete variants. Spearman summarizes increasing or decreasing rank patterns, while the distance scores also describe curved patterns. These exploratory scores do not establish a biological mechanism."
C025,outcome_feature,historical_pair,v_rel,adp_adenine_ca_distance_8efe_A,v_rel,adp_adenine_ca_distance_8efe_A,1,1,spearman_tie_aware,estimated,-0.192307692308,rho,-0.192307692308,,,,-0.41958041958,-0.048951048951,-0.463636363636,0.1,13,D239N|D778V|E497D|G768R|H251N|I457T|L781P|P710R|R403Q|R453C|R663H|S782N|Y115H,22,9,A797T|D382Y|F834L|G741R|I467V|M493I|R249Q|R671C|R719W,"{""A797T"":[""adp_adenine_ca_distance_8efe_A""],""D382Y"":[""v_rel""],""F834L"":[""adp_adenine_ca_distance_8efe_A""],""G741R"":[""v_rel""],""I467V"":[""v_rel""],""M493I"":[""v_rel""],""R249Q"":[""v_rel""],""R671C"":[""v_rel""],""R719W"":[""v_rel""]}","{""A797T"":{""adp_adenine_ca_distance_8efe_A"":""site_not_observed_in_8EFE""},""F834L"":{""adp_adenine_ca_distance_8efe_A"":""site_not_observed_in_8EFE""}}",9,adhikari2016|adhikari2019|morck2022|nag2015|nandwani2025|pathak2026|sarkar2020|sommese2013|vanderroest2021,adhikari2016:2|adhikari2019:1|morck2022:3|nag2015:1|nandwani2025:2|pathak2026:1|sarkar2020:1|sommese2013:1|vanderroest2021:1,,0.501188348313,0.0169091364649,estimated,estimated,,,1,1,{},"{""adp_adenine_ca_distance_8efe_A"":12.147372114318793}",0.426375966027,-0.024975024975,estimated,0.44914375077,-0.0293388974308,estimated,0.44307803514,0.647844971729,-0.1313569676,0.226265336177,13,0.44307803514,0.648422616106,-0.133535848815,0.223258101936,9,"Descriptive only; heterogeneous assays, shared measurements and static WT annotations; no p-value, mechanism, interaction attribution or predictive accuracy; deletion ranges are not confidence intervals","This row compares relative unloaded velocity with distance to ADP adenine across 13 complete variants. Spearman summarizes increasing or decreasing rank patterns, while the distance scores also describe curved patterns. These exploratory scores do not establish a biological mechanism."
C026,outcome_feature,historical_pair,v_rel,rigor_actin_min_heavy_distance_8efi_A,v_rel,rigor_actin_min_heavy_distance_8efi_A,1,1,spearman_tie_aware,estimated,-0.454545454545,rho,-0.454545454545,,,,-0.709090909091,-0.363636363636,-0.684848484848,-0.363636363636,12,D239N|D778V|E497D|G768R|H251N|I457T|L781P|P710R|R403Q|R453C|R663H|Y115H,22,10,A797T|D382Y|F834L|G741R|I467V|M493I|R249Q|R671C|R719W|S782N,"{""A797T"":[""rigor_actin_min_heavy_distance_8efi_A""],""D382Y"":[""v_rel""],""F834L"":[""rigor_actin_min_heavy_distance_8efi_A""],""G741R"":[""v_rel""],""I467V"":[""v_rel""],""M493I"":[""v_rel""],""R249Q"":[""v_rel""],""R671C"":[""v_rel""],""R719W"":[""v_rel""],""S782N"":[""rigor_actin_min_heavy_distance_8efi_A""]}","{""A797T"":{""rigor_actin_min_heavy_distance_8efi_A"":""site_not_observed_in_8EFI""},""F834L"":{""rigor_actin_min_heavy_distance_8efi_A"":""site_not_observed_in_8EFI""},""S782N"":{""rigor_actin_min_heavy_distance_8efi_A"":""site_not_observed_in_8EFI""}}",9,adhikari2016|adhikari2019|morck2022|nag2015|nandwani2025|pathak2026|sarkar2020|sommese2013|vanderroest2021,adhikari2016:2|adhikari2019:1|morck2022:2|nag2015:1|nandwani2025:2|pathak2026:1|sarkar2020:1|sommese2013:1|vanderroest2021:1,,0.514298929985,0.159075691904,estimated,estimated,,,1,1,{},"{""rigor_actin_min_heavy_distance_8efi_A"":13.146174679384965}",0.626637950884,0.263403263403,estimated,0.547474607403,0.207678449284,estimated,0.479005250325,0.620329282666,0.0816358518689,0.3999192993,12,0.479005250325,0.625099257128,0.0816358518689,0.402482713719,9,"Descriptive only; heterogeneous assays, shared measurements and static WT annotations; no p-value, mechanism, interaction attribution or predictive accuracy; deletion ranges are not confidence intervals","This row compares relative unloaded velocity with distance to actin across 12 complete variants. Spearman summarizes increasing or decreasing rank patterns, while the distance scores also describe curved patterns. These exploratory scores do not establish a biological mechanism."
C027,outcome_feature,historical_pair,v_rel,relay_landmark_min_ca_distance_8act_mean_ab,v_rel,relay_landmark_min_ca_distance_8act_mean_ab,1,1,spearman_tie_aware,estimated,0.35,rho,0.35,,,,0.230769230769,0.476923076923,0.230769230769,0.476923076923,15,A797T|D239N|D778V|E497D|F834L|G768R|H251N|I457T|L781P|P710R|R403Q|R453C|R663H|S782N|Y115H,22,7,D382Y|G741R|I467V|M493I|R249Q|R671C|R719W,"{""D382Y"":[""v_rel""],""G741R"":[""v_rel""],""I467V"":[""v_rel""],""M493I"":[""v_rel""],""R249Q"":[""v_rel""],""R671C"":[""v_rel""],""R719W"":[""v_rel""]}",{},9,adhikari2016|adhikari2019|morck2022|nag2015|nandwani2025|pathak2026|sarkar2020|sommese2013|vanderroest2021,adhikari2016:2|adhikari2019:1|morck2022:5|nag2015:1|nandwani2025:2|pathak2026:1|sarkar2020:1|sommese2013:1|vanderroest2021:1,,0.443908459373,0.0848982830899,estimated,estimated,,,1,1,{},"{""relay_landmark_min_ca_distance_8act_mean_ab"":22.444247230291236}",0.446496556249,0.0442994505495,estimated,0.48012092118,0.122716151135,estimated,0.39841176275,0.511185354988,0.0169626813593,0.165594886123,15,0.39841176275,0.51568819147,0.0169626813593,0.165594886123,9,"Descriptive only; heterogeneous assays, shared measurements and static WT annotations; no p-value, mechanism, interaction attribution or predictive accuracy; deletion ranges are not confidence intervals","This row compares relative unloaded velocity with distance to the relay landmark across 15 complete variants. Spearman summarizes increasing or decreasing rank patterns, while the distance scores also describe curved patterns. These exploratory scores do not establish a biological mechanism."
C028,outcome_feature,historical_pair,v_rel,elc_min_heavy_distance_8act_mean_ab,v_rel,elc_min_heavy_distance_8act_mean_ab,1,1,spearman_tie_aware,estimated,0.139285714286,rho,0.139285714286,,,,-0.00659340659341,0.235164835165,0.0666666666667,0.269230769231,15,A797T|D239N|D778V|E497D|F834L|G768R|H251N|I457T|L781P|P710R|R403Q|R453C|R663H|S782N|Y115H,22,7,D382Y|G741R|I467V|M493I|R249Q|R671C|R719W,"{""D382Y"":[""v_rel""],""G741R"":[""v_rel""],""I467V"":[""v_rel""],""M493I"":[""v_rel""],""R249Q"":[""v_rel""],""R671C"":[""v_rel""],""R719W"":[""v_rel""]}",{},9,adhikari2016|adhikari2019|morck2022|nag2015|nandwani2025|pathak2026|sarkar2020|sommese2013|vanderroest2021,adhikari2016:2|adhikari2019:1|morck2022:5|nag2015:1|nandwani2025:2|pathak2026:1|sarkar2020:1|sommese2013:1|vanderroest2021:1,,0.401727056724,-0.0295230370849,estimated,estimated,,,1,1,{},"{""elc_min_heavy_distance_8act_mean_ab"":15.05058638288726}",0.358056037918,-0.0412087912088,estimated,0.405986894078,0.00958220368514,estimated,0.383065250018,0.471465892609,-0.0702179793531,0.0302022773453,15,0.383065250018,0.475495308365,-0.0702179793531,0.0174074377703,9,"Descriptive only; heterogeneous assays, shared measurements and static WT annotations; no p-value, mechanism, interaction attribution or predictive accuracy; deletion ranges are not confidence intervals","This row compares relative unloaded velocity with distance to the essential light chain across 15 complete variants. Spearman summarizes increasing or decreasing rank patterns, while the distance scores also describe curved patterns. These exploratory scores do not establish a biological mechanism."
C029,outcome_feature,historical_pair,v_rel,delta_charge,v_rel,delta_charge,1,1,spearman_tie_aware,estimated,-0.0688102353204,rho,-0.0688102353204,,,,-0.243599382882,0.108266392392,-0.302613766334,0.108266392392,15,A797T|D239N|D778V|E497D|F834L|G768R|H251N|I457T|L781P|P710R|R403Q|R453C|R663H|S782N|Y115H,22,7,D382Y|G741R|I467V|M493I|R249Q|R671C|R719W,"{""D382Y"":[""v_rel""],""G741R"":[""v_rel""],""I467V"":[""v_rel"",""delta_charge""],""M493I"":[""v_rel"",""delta_charge""],""R249Q"":[""v_rel""],""R671C"":[""v_rel"",""delta_charge""],""R719W"":[""v_rel""]}","{""I467V"":{""delta_charge"":""missing_in_frozen_analysis_table""},""M493I"":{""delta_charge"":""missing_in_frozen_analysis_table""},""R671C"":{""delta_charge"":""missing_in_frozen_analysis_table""}}",9,adhikari2016|adhikari2019|morck2022|nag2015|nandwani2025|pathak2026|sarkar2020|sommese2013|vanderroest2021,adhikari2016:2|adhikari2019:1|morck2022:5|nag2015:1|nandwani2025:2|pathak2026:1|sarkar2020:1|sommese2013:1|vanderroest2021:1,,0.408056191435,0.000285169079922,estimated,estimated,,,1,1,{},"{""delta_charge"":0.7037315505489968}",0.356600300502,-0.0427964176728,estimated,0.472887746811,0.051133878236,estimated,0.393141130745,0.488652051357,-0.0308637279192,0.0449098331751,15,0.393141130745,0.488652051357,-0.0308637279192,0.0449098331751,9,"Descriptive only; heterogeneous assays, shared measurements and static WT annotations; no p-value, mechanism, interaction attribution or predictive accuracy; deletion ranges are not confidence intervals","This row compares relative unloaded velocity with mutation charge change across 15 complete variants. Spearman summarizes increasing or decreasing rank patterns, while the distance scores also describe curved patterns. These exploratory scores do not establish a biological mechanism."
C030,outcome_feature,historical_pair,v_rel,grantham_distance,v_rel,grantham_distance,1,1,spearman_tie_aware,estimated,-0.336263736264,rho,-0.336263736264,,,,-0.538461538462,-0.225274725275,-0.472527472527,-0.225274725275,14,A797T|D239N|D778V|E497D|F834L|G768R|H251N|I457T|L781P|R403Q|R453C|R663H|S782N|Y115H,22,8,D382Y|G741R|I467V|M493I|P710R|R249Q|R671C|R719W,"{""D382Y"":[""v_rel"",""grantham_distance""],""G741R"":[""v_rel""],""I467V"":[""v_rel"",""grantham_distance""],""M493I"":[""v_rel"",""grantham_distance""],""P710R"":[""grantham_distance""],""R249Q"":[""v_rel""],""R671C"":[""v_rel"",""grantham_distance""],""R719W"":[""v_rel""]}","{""D382Y"":{""grantham_distance"":""missing_in_frozen_analysis_table""},""I467V"":{""grantham_distance"":""missing_in_frozen_analysis_table""},""M493I"":{""grantham_distance"":""missing_in_frozen_analysis_table""},""P710R"":{""grantham_distance"":""missing_in_frozen_analysis_table""},""R671C"":{""grantham_distance"":""missing_in_frozen_analysis_table""}}",8,adhikari2016|adhikari2019|morck2022|nag2015|nandwani2025|pathak2026|sarkar2020|sommese2013,adhikari2016:2|adhikari2019:1|morck2022:5|nag2015:1|nandwani2025:2|pathak2026:1|sarkar2020:1|sommese2013:1,,0.433736334774,-0.0238819693734,estimated,estimated,,,1,1,{},"{""grantham_distance"":48.80601881456295}",0.495455677314,0.0744255744256,estimated,0.488043584596,0.0211900639515,estimated,0.386868010285,0.537734695473,-0.0922628775646,0.111099952579,14,0.386868010285,0.539542029664,-0.0922628775646,0.0686836005352,8,"Descriptive only; heterogeneous assays, shared measurements and static WT annotations; no p-value, mechanism, interaction attribution or predictive accuracy; deletion ranges are not confidence intervals","This row compares relative unloaded velocity with amino-acid chemistry difference across 14 complete variants. Spearman summarizes increasing or decreasing rank patterns, while the distance scores also describe curved patterns. These exploratory scores do not establish a biological mechanism."
C031,outcome_feature,historical_pair,v_rel,catalytic_motif_min_ca_distance_8act_mean_ab,v_rel,catalytic_motif_min_ca_distance_8act_mean_ab,1,1,spearman_tie_aware,estimated,-0.221978021978,rho,-0.221978021978,,,,-0.428571428571,-0.0384615384615,-0.496503496503,0.104895104895,14,A797T|D239N|D778V|E497D|F834L|G768R|H251N|I457T|L781P|R403Q|R453C|R663H|S782N|Y115H,22,8,D382Y|G741R|I467V|M493I|P710R|R249Q|R671C|R719W,"{""D382Y"":[""v_rel"",""catalytic_motif_min_ca_distance_8act_mean_ab""],""G741R"":[""v_rel""],""I467V"":[""v_rel"",""catalytic_motif_min_ca_distance_8act_mean_ab""],""M493I"":[""v_rel"",""catalytic_motif_min_ca_distance_8act_mean_ab""],""P710R"":[""catalytic_motif_min_ca_distance_8act_mean_ab""],""R249Q"":[""v_rel""],""R671C"":[""v_rel"",""catalytic_motif_min_ca_distance_8act_mean_ab""],""R719W"":[""v_rel""]}","{""D382Y"":{""catalytic_motif_min_ca_distance_8act_mean_ab"":""missing_in_frozen_analysis_table""},""I467V"":{""catalytic_motif_min_ca_distance_8act_mean_ab"":""missing_in_frozen_analysis_table""},""M493I"":{""catalytic_motif_min_ca_distance_8act_mean_ab"":""missing_in_frozen_analysis_table""},""P710R"":{""catalytic_motif_min_ca_distance_8act_mean_ab"":""missing_in_frozen_analysis_table""},""R671C"":{""catalytic_motif_min_ca_distance_8act_mean_ab"":""missing_in_frozen_analysis_table""}}",8,adhikari2016|adhikari2019|morck2022|nag2015|nandwani2025|pathak2026|sarkar2020|sommese2013,adhikari2016:2|adhikari2019:1|morck2022:5|nag2015:1|nandwani2025:2|pathak2026:1|sarkar2020:1|sommese2013:1,,0.493516305003,0.0783922684686,estimated,estimated,,,1,1,{},"{""catalytic_motif_min_ca_distance_8act_mean_ab"":21.277049743894594}",0.408028978984,-0.0324675324675,estimated,0.450267990104,0.0382169138467,estimated,0.414809364294,0.565567764456,-0.045401957694,0.195830537256,14,0.437927828467,0.646110292804,-0.0604116581473,0.22952869871,8,"Descriptive only; heterogeneous assays, shared measurements and static WT annotations; no p-value, mechanism, interaction attribution or predictive accuracy; deletion ranges are not confidence intervals","This row compares relative unloaded velocity with distance to the catalytic motif across 14 complete variants. Spearman summarizes increasing or decreasing rank patterns, while the distance scores also describe curved patterns. These exploratory scores do not establish a biological mechanism."
C032,outcome_feature,historical_pair,v_rel,wt_site_rsa_8act_mean_ab,v_rel,wt_site_rsa_8act_mean_ab,1,1,spearman_tie_aware,estimated,-0.0989010989011,rho,-0.0989010989011,,,,-0.20979020979,0.146853146853,-0.452380952381,0.146853146853,13,A797T|D778V|E497D|F834L|G768R|H251N|I457T|L781P|P710R|R403Q|R663H|S782N|Y115H,22,9,D239N|D382Y|G741R|I467V|M493I|R249Q|R453C|R671C|R719W,"{""D239N"":[""wt_site_rsa_8act_mean_ab""],""D382Y"":[""v_rel""],""G741R"":[""v_rel"",""wt_site_rsa_8act_mean_ab""],""I467V"":[""v_rel"",""wt_site_rsa_8act_mean_ab""],""M493I"":[""v_rel"",""wt_site_rsa_8act_mean_ab""],""R249Q"":[""v_rel""],""R453C"":[""wt_site_rsa_8act_mean_ab""],""R671C"":[""v_rel"",""wt_site_rsa_8act_mean_ab""],""R719W"":[""v_rel""]}","{""D239N"":{""wt_site_rsa_8act_mean_ab"":""missing_in_frozen_analysis_table""},""G741R"":{""wt_site_rsa_8act_mean_ab"":""missing_in_frozen_analysis_table""},""I467V"":{""wt_site_rsa_8act_mean_ab"":""missing_in_frozen_analysis_table""},""M493I"":{""wt_site_rsa_8act_mean_ab"":""missing_in_frozen_analysis_table""},""R453C"":{""wt_site_rsa_8act_mean_ab"":""missing_in_frozen_analysis_table""},""R671C"":{""wt_site_rsa_8act_mean_ab"":""missing_in_frozen_analysis_table""}}",8,adhikari2016|adhikari2019|morck2022|nag2015|nandwani2025|pathak2026|sarkar2020|vanderroest2021,adhikari2016:1|adhikari2019:1|morck2022:5|nag2015:1|nandwani2025:2|pathak2026:1|sarkar2020:1|vanderroest2021:1,,0.38098330504,-0.153429313802,estimated,estimated,,,1,1,{},"{""wt_site_rsa_8act_mean_ab"":0.2054099911660925}",0.373513937159,-0.108891108891,estimated,0.404918554121,-0.165184229769,estimated,0.36694762684,0.455370177154,-0.198765533454,-0.0338018027183,13,0.36694762684,0.460413166605,-0.198765533454,-0.0338018027183,8,"Descriptive only; heterogeneous assays, shared measurements and static WT annotations; no p-value, mechanism, interaction attribution or predictive accuracy; deletion ranges are not confidence intervals","This row compares relative unloaded velocity with wild-type site solvent exposure across 13 complete variants. Spearman summarizes increasing or decreasing rank patterns, while the distance scores also describe curved patterns. These exploratory scores do not establish a biological mechanism."
C033,outcome_feature,historical_pair,v_rel,ihm_interface_flag_8act,v_rel,ihm_interface_flag_8act,1,1,median_flag1_minus_flag0,fragile_group_n_lt2,0.18199177728,ratio,,binary_original_is_median_difference,12,1,0.165204908536,0.198778646025,0.146793141628,0.337038155638,13,A797T|D778V|E497D|F834L|G768R|H251N|I457T|L781P|P710R|R403Q|R663H|S782N|Y115H,22,9,D239N|D382Y|G741R|I467V|M493I|R249Q|R453C|R671C|R719W,"{""D239N"":[""ihm_interface_flag_8act""],""D382Y"":[""v_rel""],""G741R"":[""v_rel"",""ihm_interface_flag_8act""],""I467V"":[""v_rel"",""ihm_interface_flag_8act""],""M493I"":[""v_rel"",""ihm_interface_flag_8act""],""R249Q"":[""v_rel""],""R453C"":[""ihm_interface_flag_8act""],""R671C"":[""v_rel"",""ihm_interface_flag_8act""],""R719W"":[""v_rel""]}","{""D239N"":{""ihm_interface_flag_8act"":""missing_in_frozen_analysis_table""},""G741R"":{""ihm_interface_flag_8act"":""missing_in_frozen_analysis_table""},""I467V"":{""ihm_interface_flag_8act"":""missing_in_frozen_analysis_table""},""M493I"":{""ihm_interface_flag_8act"":""missing_in_frozen_analysis_table""},""R453C"":{""ihm_interface_flag_8act"":""missing_in_frozen_analysis_table""},""R671C"":{""ihm_interface_flag_8act"":""missing_in_frozen_analysis_table""}}",8,adhikari2016|adhikari2019|morck2022|nag2015|nandwani2025|pathak2026|sarkar2020|vanderroest2021,adhikari2016:1|adhikari2019:1|morck2022:5|nag2015:1|nandwani2025:2|pathak2026:1|sarkar2020:1|vanderroest2021:1,,0.269081890836,,estimated,zero_u_distance_variance,,,1,1,{},"{""ihm_interface_flag_8act"":0.2773500981126146}",0.326820527829,,zero_u_distance_variance,0.254244614201,,zero_u_distance_variance,0.265249827658,0.325277309069,,,0,0.264169492275,0.344577626965,,,0,"Descriptive only; heterogeneous assays, shared measurements and static WT annotations; no p-value, mechanism, interaction attribution or predictive accuracy; deletion ranges are not confidence intervals","This row compares relative unloaded velocity with wild-type IHM-interface flag across 13 measured variants. The earlier score is a binary-group median difference, while distance scores describe dependence without an increasing or decreasing direction. A singleton group makes the U score undefined, and shared study context limits interpretation."
C034,feature_feature,historical_pair,adp_rigor_ca_shift_A,adp_adenine_ca_distance_8efe_A,adp_rigor_ca_shift_A,adp_adenine_ca_distance_8efe_A,1,1,spearman_tie_aware,estimated,0.457142857143,rho,0.457142857143,,,,0.40701754386,0.671929824561,,,20,D239N|D382Y|D778V|E497D|G741R|G768R|H251N|I457T|I467V|L781P|M493I|P710R|R249Q|R403Q|R453C|R663H|R671C|R719W|S782N|Y115H,22,2,A797T|F834L,"{""A797T"":[""adp_rigor_ca_shift_A"",""adp_adenine_ca_distance_8efe_A""],""F834L"":[""adp_rigor_ca_shift_A"",""adp_adenine_ca_distance_8efe_A""]}","{""A797T"":{""adp_adenine_ca_distance_8efe_A"":""site_not_observed_in_8EFE"",""adp_rigor_ca_shift_A"":""site_not_observed_in_8EFE_or_8EFD""},""F834L"":{""adp_adenine_ca_distance_8efe_A"":""site_not_observed_in_8EFE"",""adp_rigor_ca_shift_A"":""site_not_observed_in_8EFE_or_8EFD""}}",0,,,,0.68928413743,0.434778118496,estimated,estimated,,,1,1,"{""adp_rigor_ca_shift_A"":3.4608098512538956}","{""adp_adenine_ca_distance_8efe_A"":12.688481330920176}",0.606009169953,0.279817190034,estimated,,,not_applicable_feature_pair,0.657940661297,0.79042174284,0.379585849286,0.599037204267,20,,,,,not_applicable_feature_pair,"Descriptive only; heterogeneous assays, shared measurements and static WT annotations; no p-value, mechanism, interaction attribution or predictive accuracy; deletion ranges are not confidence intervals","This row compares site movement from ADP to rigor with distance to ADP adenine across 20 complete variants. Spearman summarizes increasing or decreasing rank patterns, while the distance scores also describe curved patterns. These exploratory scores do not establish a biological mechanism."
C035,feature_feature,historical_pair,adp_rigor_ca_shift_A,rigor_actin_min_heavy_distance_8efi_A,adp_rigor_ca_shift_A,rigor_actin_min_heavy_distance_8efi_A,1,1,spearman_tie_aware,estimated,0.729824561404,rho,0.729824561404,,,,0.69040247678,0.781217750258,,,19,D239N|D382Y|D778V|E497D|G741R|G768R|H251N|I457T|I467V|L781P|M493I|P710R|R249Q|R403Q|R453C|R663H|R671C|R719W|Y115H,22,3,A797T|F834L|S782N,"{""A797T"":[""adp_rigor_ca_shift_A"",""rigor_actin_min_heavy_distance_8efi_A""],""F834L"":[""adp_rigor_ca_shift_A"",""rigor_actin_min_heavy_distance_8efi_A""],""S782N"":[""rigor_actin_min_heavy_distance_8efi_A""]}","{""A797T"":{""adp_rigor_ca_shift_A"":""site_not_observed_in_8EFE_or_8EFD"",""rigor_actin_min_heavy_distance_8efi_A"":""site_not_observed_in_8EFI""},""F834L"":{""adp_rigor_ca_shift_A"":""site_not_observed_in_8EFE_or_8EFD"",""rigor_actin_min_heavy_distance_8efi_A"":""site_not_observed_in_8EFI""},""S782N"":{""rigor_actin_min_heavy_distance_8efi_A"":""site_not_observed_in_8EFI""}}",0,,,,0.842076955302,0.696151640632,estimated,estimated,,,1,1,"{""adp_rigor_ca_shift_A"":3.2025526591859284}","{""rigor_actin_min_heavy_distance_8efi_A"":13.694895669343643}",0.718375822329,0.437790247678,estimated,,,not_applicable_feature_pair,0.802542108665,0.904738575294,0.615431029661,0.830463958352,19,,,,,not_applicable_feature_pair,"Descriptive only; heterogeneous assays, shared measurements and static WT annotations; no p-value, mechanism, interaction attribution or predictive accuracy; deletion ranges are not confidence intervals","This row compares site movement from ADP to rigor with distance to actin across 19 complete variants. Spearman summarizes increasing or decreasing rank patterns, while the distance scores also describe curved patterns. These exploratory scores do not establish a biological mechanism."
C036,feature_feature,historical_pair,adp_rigor_ca_shift_A,relay_landmark_min_ca_distance_8act_mean_ab,adp_rigor_ca_shift_A,relay_landmark_min_ca_distance_8act_mean_ab,1,1,spearman_tie_aware,estimated,-0.141353383459,rho,-0.141353383459,,,,-0.257894736842,-0.0263157894737,,,20,D239N|D382Y|D778V|E497D|G741R|G768R|H251N|I457T|I467V|L781P|M493I|P710R|R249Q|R403Q|R453C|R663H|R671C|R719W|S782N|Y115H,22,2,A797T|F834L,"{""A797T"":[""adp_rigor_ca_shift_A""],""F834L"":[""adp_rigor_ca_shift_A""]}","{""A797T"":{""adp_rigor_ca_shift_A"":""site_not_observed_in_8EFE_or_8EFD""},""F834L"":{""adp_rigor_ca_shift_A"":""site_not_observed_in_8EFE_or_8EFD""}}",0,,,,0.330877573139,0.0166029541493,estimated,estimated,,,1,1,"{""adp_rigor_ca_shift_A"":3.4608098512538956}","{""relay_landmark_min_ca_distance_8act_mean_ab"":15.360836599746152}",0.39573854324,0.0370779890904,estimated,,,not_applicable_feature_pair,0.311654343316,0.363476284796,-0.00458312886218,0.0404920144517,20,,,,,not_applicable_feature_pair,"Descriptive only; heterogeneous assays, shared measurements and static WT annotations; no p-value, mechanism, interaction attribution or predictive accuracy; deletion ranges are not confidence intervals","This row compares site movement from ADP to rigor with distance to the relay landmark across 20 complete variants. Spearman summarizes increasing or decreasing rank patterns, while the distance scores also describe curved patterns. These exploratory scores do not establish a biological mechanism."
C037,feature_feature,historical_pair,adp_rigor_ca_shift_A,elc_min_heavy_distance_8act_mean_ab,adp_rigor_ca_shift_A,elc_min_heavy_distance_8act_mean_ab,1,1,spearman_tie_aware,estimated,-0.524812030075,rho,-0.524812030075,,,,-0.60350877193,-0.445614035088,,,20,D239N|D382Y|D778V|E497D|G741R|G768R|H251N|I457T|I467V|L781P|M493I|P710R|R249Q|R403Q|R453C|R663H|R671C|R719W|S782N|Y115H,22,2,A797T|F834L,"{""A797T"":[""adp_rigor_ca_shift_A""],""F834L"":[""adp_rigor_ca_shift_A""]}","{""A797T"":{""adp_rigor_ca_shift_A"":""site_not_observed_in_8EFE_or_8EFD""},""F834L"":{""adp_rigor_ca_shift_A"":""site_not_observed_in_8EFE_or_8EFD""}}",0,,,,0.650402588253,0.394666330641,estimated,estimated,,,1,1,"{""adp_rigor_ca_shift_A"":3.4608098512538956}","{""elc_min_heavy_distance_8act_mean_ab"":16.278595264691514}",0.596994269496,0.258440218193,estimated,,,not_applicable_feature_pair,0.600074326015,0.701101002635,0.315565607945,0.471094835887,20,,,,,not_applicable_feature_pair,"Descriptive only; heterogeneous assays, shared measurements and static WT annotations; no p-value, mechanism, interaction attribution or predictive accuracy; deletion ranges are not confidence intervals","This row compares site movement from ADP to rigor with distance to the essential light chain across 20 complete variants. Spearman summarizes increasing or decreasing rank patterns, while the distance scores also describe curved patterns. These exploratory scores do not establish a biological mechanism."
C038,feature_feature,historical_pair,adp_rigor_ca_shift_A,delta_charge,adp_rigor_ca_shift_A,delta_charge,1,1,spearman_tie_aware,estimated,0.474219572553,rho,0.474219572553,,,,0.391390181928,0.626224291085,,,17,D239N|D382Y|D778V|E497D|G741R|G768R|H251N|I457T|L781P|P710R|R249Q|R403Q|R453C|R663H|R719W|S782N|Y115H,22,5,A797T|F834L|I467V|M493I|R671C,"{""A797T"":[""adp_rigor_ca_shift_A""],""F834L"":[""adp_rigor_ca_shift_A""],""I467V"":[""delta_charge""],""M493I"":[""delta_charge""],""R671C"":[""delta_charge""]}","{""A797T"":{""adp_rigor_ca_shift_A"":""site_not_observed_in_8EFE_or_8EFD""},""F834L"":{""adp_rigor_ca_shift_A"":""site_not_observed_in_8EFE_or_8EFD""},""I467V"":{""delta_charge"":""missing_in_frozen_analysis_table""},""M493I"":{""delta_charge"":""missing_in_frozen_analysis_table""},""R671C"":{""delta_charge"":""missing_in_frozen_analysis_table""}}",0,,,,0.350191484981,0.0275798341592,estimated,estimated,,,1,1,"{""adp_rigor_ca_shift_A"":3.6681722129725967}","{""delta_charge"":0.8269362305593853}",0.534542514459,0.18906815998,estimated,,,not_applicable_feature_pair,0.307221170535,0.493220237303,-0.013840567952,0.169926434403,17,,,,,not_applicable_feature_pair,"Descriptive only; heterogeneous assays, shared measurements and static WT annotations; no p-value, mechanism, interaction attribution or predictive accuracy; deletion ranges are not confidence intervals","This row compares site movement from ADP to rigor with mutation charge change across 17 complete variants. Spearman summarizes increasing or decreasing rank patterns, while the distance scores also describe curved patterns. These exploratory scores do not establish a biological mechanism."
C039,feature_feature,historical_pair,adp_rigor_ca_shift_A,grantham_distance,adp_rigor_ca_shift_A,grantham_distance,1,1,spearman_tie_aware,estimated,0.500895255865,rho,0.500895255865,,,,0.422442499853,0.627754826786,,,15,D239N|D778V|E497D|G741R|G768R|H251N|I457T|L781P|R249Q|R403Q|R453C|R663H|R719W|S782N|Y115H,22,7,A797T|D382Y|F834L|I467V|M493I|P710R|R671C,"{""A797T"":[""adp_rigor_ca_shift_A""],""D382Y"":[""grantham_distance""],""F834L"":[""adp_rigor_ca_shift_A""],""I467V"":[""grantham_distance""],""M493I"":[""grantham_distance""],""P710R"":[""grantham_distance""],""R671C"":[""grantham_distance""]}","{""A797T"":{""adp_rigor_ca_shift_A"":""site_not_observed_in_8EFE_or_8EFD""},""D382Y"":{""grantham_distance"":""missing_in_frozen_analysis_table""},""F834L"":{""adp_rigor_ca_shift_A"":""site_not_observed_in_8EFE_or_8EFD""},""I467V"":{""grantham_distance"":""missing_in_frozen_analysis_table""},""M493I"":{""grantham_distance"":""missing_in_frozen_analysis_table""},""P710R"":{""grantham_distance"":""missing_in_frozen_analysis_table""},""R671C"":{""grantham_distance"":""missing_in_frozen_analysis_table""}}",0,,,,0.489395174072,0.130957849821,estimated,estimated,,,1,1,"{""adp_rigor_ca_shift_A"":3.8528847133251016}","{""grantham_distance"":47.083006741387315}",0.597180751895,0.239455416703,estimated,,,not_applicable_feature_pair,0.438817253557,0.638193722039,0.0637089918419,0.335597346508,15,,,,,not_applicable_feature_pair,"Descriptive only; heterogeneous assays, shared measurements and static WT annotations; no p-value, mechanism, interaction attribution or predictive accuracy; deletion ranges are not confidence intervals","This row compares site movement from ADP to rigor with amino-acid chemistry difference across 15 complete variants. Spearman summarizes increasing or decreasing rank patterns, while the distance scores also describe curved patterns. These exploratory scores do not establish a biological mechanism."
C040,feature_feature,historical_pair,adp_rigor_ca_shift_A,catalytic_motif_min_ca_distance_8act_mean_ab,adp_rigor_ca_shift_A,catalytic_motif_min_ca_distance_8act_mean_ab,1,1,spearman_tie_aware,estimated,0.710714285714,rho,0.710714285714,,,,0.665934065934,0.806593406593,,,15,D239N|D778V|E497D|G741R|G768R|H251N|I457T|L781P|R249Q|R403Q|R453C|R663H|R719W|S782N|Y115H,22,7,A797T|D382Y|F834L|I467V|M493I|P710R|R671C,"{""A797T"":[""adp_rigor_ca_shift_A""],""D382Y"":[""catalytic_motif_min_ca_distance_8act_mean_ab""],""F834L"":[""adp_rigor_ca_shift_A""],""I467V"":[""catalytic_motif_min_ca_distance_8act_mean_ab""],""M493I"":[""catalytic_motif_min_ca_distance_8act_mean_ab""],""P710R"":[""catalytic_motif_min_ca_distance_8act_mean_ab""],""R671C"":[""catalytic_motif_min_ca_distance_8act_mean_ab""]}","{""A797T"":{""adp_rigor_ca_shift_A"":""site_not_observed_in_8EFE_or_8EFD""},""D382Y"":{""catalytic_motif_min_ca_distance_8act_mean_ab"":""missing_in_frozen_analysis_table""},""F834L"":{""adp_rigor_ca_shift_A"":""site_not_observed_in_8EFE_or_8EFD""},""I467V"":{""catalytic_motif_min_ca_distance_8act_mean_ab"":""missing_in_frozen_analysis_table""},""M493I"":{""catalytic_motif_min_ca_distance_8act_mean_ab"":""missing_in_frozen_analysis_table""},""P710R"":{""catalytic_motif_min_ca_distance_8act_mean_ab"":""missing_in_frozen_analysis_table""},""R671C"":{""catalytic_motif_min_ca_distance_8act_mean_ab"":""missing_in_frozen_analysis_table""}}",0,,,,0.857579229972,0.723006688127,estimated,estimated,,,1,1,"{""adp_rigor_ca_shift_A"":3.8528847133251016}","{""catalytic_motif_min_ca_distance_8act_mean_ab"":13.101913649396574}",0.773329457292,0.529876373626,estimated,,,not_applicable_feature_pair,0.835909522488,0.952820408147,0.676133111499,0.923181690923,15,,,,,not_applicable_feature_pair,"Descriptive only; heterogeneous assays, shared measurements and static WT annotations; no p-value, mechanism, interaction attribution or predictive accuracy; deletion ranges are not confidence intervals","This row compares site movement from ADP to rigor with distance to the catalytic motif across 15 complete variants. Spearman summarizes increasing or decreasing rank patterns, while the distance scores also describe curved patterns. These exploratory scores do not establish a biological mechanism."
C041,feature_feature,historical_pair,adp_rigor_ca_shift_A,wt_site_rsa_8act_mean_ab,adp_rigor_ca_shift_A,wt_site_rsa_8act_mean_ab,1,1,spearman_tie_aware,estimated,0.204395604396,rho,0.204395604396,,,,0.0879120879121,0.406593406593,,,14,D382Y|D778V|E497D|G768R|H251N|I457T|L781P|P710R|R249Q|R403Q|R663H|R719W|S782N|Y115H,22,8,A797T|D239N|F834L|G741R|I467V|M493I|R453C|R671C,"{""A797T"":[""adp_rigor_ca_shift_A""],""D239N"":[""wt_site_rsa_8act_mean_ab""],""F834L"":[""adp_rigor_ca_shift_A""],""G741R"":[""wt_site_rsa_8act_mean_ab""],""I467V"":[""wt_site_rsa_8act_mean_ab""],""M493I"":[""wt_site_rsa_8act_mean_ab""],""R453C"":[""wt_site_rsa_8act_mean_ab""],""R671C"":[""wt_site_rsa_8act_mean_ab""]}","{""A797T"":{""adp_rigor_ca_shift_A"":""site_not_observed_in_8EFE_or_8EFD""},""D239N"":{""wt_site_rsa_8act_mean_ab"":""missing_in_frozen_analysis_table""},""F834L"":{""adp_rigor_ca_shift_A"":""site_not_observed_in_8EFE_or_8EFD""},""G741R"":{""wt_site_rsa_8act_mean_ab"":""missing_in_frozen_analysis_table""},""I467V"":{""wt_site_rsa_8act_mean_ab"":""missing_in_frozen_analysis_table""},""M493I"":{""wt_site_rsa_8act_mean_ab"":""missing_in_frozen_analysis_table""},""R453C"":{""wt_site_rsa_8act_mean_ab"":""missing_in_frozen_analysis_table""},""R671C"":{""wt_site_rsa_8act_mean_ab"":""missing_in_frozen_analysis_table""}}",0,,,,0.368944162931,-0.00434478626748,estimated,estimated,,,1,1,"{""adp_rigor_ca_shift_A"":3.773959292993345}","{""wt_site_rsa_8act_mean_ab"":0.19091423956870243}",0.408028978984,-0.0124875124875,estimated,,,not_applicable_feature_pair,0.310965695108,0.53045020099,-0.0655574095568,0.165307733355,14,,,,,not_applicable_feature_pair,"Descriptive only; heterogeneous assays, shared measurements and static WT annotations; no p-value, mechanism, interaction attribution or predictive accuracy; deletion ranges are not confidence intervals","This row compares site movement from ADP to rigor with wild-type site solvent exposure across 14 complete variants. Spearman summarizes increasing or decreasing rank patterns, while the distance scores also describe curved patterns. These exploratory scores do not establish a biological mechanism."
C042,feature_feature,historical_pair,adp_rigor_ca_shift_A,ihm_interface_flag_8act,adp_rigor_ca_shift_A,ihm_interface_flag_8act,1,1,median_flag1_minus_flag0,estimated,-2.7212791725,angstrom,,binary_original_is_median_difference,12,2,-3.869795346,-1.572762999,,,14,D382Y|D778V|E497D|G768R|H251N|I457T|L781P|P710R|R249Q|R403Q|R663H|R719W|S782N|Y115H,22,8,A797T|D239N|F834L|G741R|I467V|M493I|R453C|R671C,"{""A797T"":[""adp_rigor_ca_shift_A""],""D239N"":[""ihm_interface_flag_8act""],""F834L"":[""adp_rigor_ca_shift_A""],""G741R"":[""ihm_interface_flag_8act""],""I467V"":[""ihm_interface_flag_8act""],""M493I"":[""ihm_interface_flag_8act""],""R453C"":[""ihm_interface_flag_8act""],""R671C"":[""ihm_interface_flag_8act""]}","{""A797T"":{""adp_rigor_ca_shift_A"":""site_not_observed_in_8EFE_or_8EFD""},""D239N"":{""ihm_interface_flag_8act"":""missing_in_frozen_analysis_table""},""F834L"":{""adp_rigor_ca_shift_A"":""site_not_observed_in_8EFE_or_8EFD""},""G741R"":{""ihm_interface_flag_8act"":""missing_in_frozen_analysis_table""},""I467V"":{""ihm_interface_flag_8act"":""missing_in_frozen_analysis_table""},""M493I"":{""ihm_interface_flag_8act"":""missing_in_frozen_analysis_table""},""R453C"":{""ihm_interface_flag_8act"":""missing_in_frozen_analysis_table""},""R671C"":{""ihm_interface_flag_8act"":""missing_in_frozen_analysis_table""}}",0,,,,0.348257462084,0.077341221542,estimated,estimated,,,1,1,"{""adp_rigor_ca_shift_A"":3.773959292993345}","{""ihm_interface_flag_8act"":0.3631365196012815}",0.335007586566,-0.00701378863464,estimated,,,not_applicable_feature_pair,0.267011830233,0.390980690394,0.0672732484802,0.101761711096,12,,,,,not_applicable_feature_pair,"Descriptive only; heterogeneous assays, shared measurements and static WT annotations; no p-value, mechanism, interaction attribution or predictive accuracy; deletion ranges are not confidence intervals","This row compares site movement from ADP to rigor with wild-type IHM-interface flag across 14 measured variants. The earlier score is a binary-group median difference, while distance scores describe dependence without an increasing or decreasing direction. Sparse binary groups and shared study context limit interpretation."
C043,feature_feature,historical_pair,adp_adenine_ca_distance_8efe_A,rigor_actin_min_heavy_distance_8efi_A,adp_adenine_ca_distance_8efe_A,rigor_actin_min_heavy_distance_8efi_A,1,1,spearman_tie_aware,estimated,0.208771929825,rho,0.208771929825,,,,0.106295149639,0.422084623323,,,19,D239N|D382Y|D778V|E497D|G741R|G768R|H251N|I457T|I467V|L781P|M493I|P710R|R249Q|R403Q|R453C|R663H|R671C|R719W|Y115H,22,3,A797T|F834L|S782N,"{""A797T"":[""adp_adenine_ca_distance_8efe_A"",""rigor_actin_min_heavy_distance_8efi_A""],""F834L"":[""adp_adenine_ca_distance_8efe_A"",""rigor_actin_min_heavy_distance_8efi_A""],""S782N"":[""rigor_actin_min_heavy_distance_8efi_A""]}","{""A797T"":{""adp_adenine_ca_distance_8efe_A"":""site_not_observed_in_8EFE"",""rigor_actin_min_heavy_distance_8efi_A"":""site_not_observed_in_8EFI""},""F834L"":{""adp_adenine_ca_distance_8efe_A"":""site_not_observed_in_8EFE"",""rigor_actin_min_heavy_distance_8efi_A"":""site_not_observed_in_8EFI""},""S782N"":{""rigor_actin_min_heavy_distance_8efi_A"":""site_not_observed_in_8EFI""}}",0,,,,0.550294005902,0.156587266216,estimated,estimated,,,1,1,"{""adp_adenine_ca_distance_8efe_A"":12.662635708439677}","{""rigor_actin_min_heavy_distance_8efi_A"":13.694895669343643}",0.481593928989,0.0990712074303,estimated,,,not_applicable_feature_pair,0.512815977843,0.629840229821,0.0667142658643,0.282659289167,19,,,,,not_applicable_feature_pair,"Descriptive only; heterogeneous assays, shared measurements and static WT annotations; no p-value, mechanism, interaction attribution or predictive accuracy; deletion ranges are not confidence intervals","This row compares distance to ADP adenine with distance to actin across 19 complete variants. Spearman summarizes increasing or decreasing rank patterns, while the distance scores also describe curved patterns. These exploratory scores do not establish a biological mechanism."
C044,feature_feature,historical_pair,adp_adenine_ca_distance_8efe_A,relay_landmark_min_ca_distance_8act_mean_ab,adp_adenine_ca_distance_8efe_A,relay_landmark_min_ca_distance_8act_mean_ab,1,1,spearman_tie_aware,estimated,0.204511278195,rho,0.204511278195,,,,0.0754385964912,0.310526315789,,,20,D239N|D382Y|D778V|E497D|G741R|G768R|H251N|I457T|I467V|L781P|M493I|P710R|R249Q|R403Q|R453C|R663H|R671C|R719W|S782N|Y115H,22,2,A797T|F834L,"{""A797T"":[""adp_adenine_ca_distance_8efe_A""],""F834L"":[""adp_adenine_ca_distance_8efe_A""]}","{""A797T"":{""adp_adenine_ca_distance_8efe_A"":""site_not_observed_in_8EFE""},""F834L"":{""adp_adenine_ca_distance_8efe_A"":""site_not_observed_in_8EFE""}}",0,,,,0.473961502204,0.0967210169242,estimated,estimated,,,1,1,"{""adp_adenine_ca_distance_8efe_A"":12.688481330920176}","{""relay_landmark_min_ca_distance_8act_mean_ab"":15.360836599746152}",0.438299738425,0.0757039657968,estimated,,,not_applicable_feature_pair,0.407543110471,0.533565818228,0.0135240265872,0.162849224343,20,,,,,not_applicable_feature_pair,"Descriptive only; heterogeneous assays, shared measurements and static WT annotations; no p-value, mechanism, interaction attribution or predictive accuracy; deletion ranges are not confidence intervals","This row compares distance to ADP adenine with distance to the relay landmark across 20 complete variants. Spearman summarizes increasing or decreasing rank patterns, while the distance scores also describe curved patterns. These exploratory scores do not establish a biological mechanism."
C045,feature_feature,historical_pair,adp_adenine_ca_distance_8efe_A,elc_min_heavy_distance_8act_mean_ab,adp_adenine_ca_distance_8efe_A,elc_min_heavy_distance_8act_mean_ab,1,1,spearman_tie_aware,estimated,-0.291729323308,rho,-0.291729323308,,,,-0.50701754386,-0.250877192982,,,20,D239N|D382Y|D778V|E497D|G741R|G768R|H251N|I457T|I467V|L781P|M493I|P710R|R249Q|R403Q|R453C|R663H|R671C|R719W|S782N|Y115H,22,2,A797T|F834L,"{""A797T"":[""adp_adenine_ca_distance_8efe_A""],""F834L"":[""adp_adenine_ca_distance_8efe_A""]}","{""A797T"":{""adp_adenine_ca_distance_8efe_A"":""site_not_observed_in_8EFE""},""F834L"":{""adp_adenine_ca_distance_8efe_A"":""site_not_observed_in_8EFE""}}",0,,,,0.493820913171,0.111626625926,estimated,estimated,,,1,1,"{""adp_adenine_ca_distance_8efe_A"":12.688481330920176}","{""elc_min_heavy_distance_8act_mean_ab"":16.278595264691514}",0.502752576494,0.133864071945,estimated,,,not_applicable_feature_pair,0.476343448145,0.571190181491,0.0735537152544,0.197618619677,20,,,,,not_applicable_feature_pair,"Descriptive only; heterogeneous assays, shared measurements and static WT annotations; no p-value, mechanism, interaction attribution or predictive accuracy; deletion ranges are not confidence intervals","This row compares distance to ADP adenine with distance to the essential light chain across 20 complete variants. Spearman summarizes increasing or decreasing rank patterns, while the distance scores also describe curved patterns. These exploratory scores do not establish a biological mechanism."
C046,feature_feature,historical_pair,adp_adenine_ca_distance_8efe_A,delta_charge,adp_adenine_ca_distance_8efe_A,delta_charge,1,1,spearman_tie_aware,estimated,0.12472624374,rho,0.12472624374,,,,0.0342997170285,0.300587659721,,,17,D239N|D382Y|D778V|E497D|G741R|G768R|H251N|I457T|L781P|P710R|R249Q|R403Q|R453C|R663H|R719W|S782N|Y115H,22,5,A797T|F834L|I467V|M493I|R671C,"{""A797T"":[""adp_adenine_ca_distance_8efe_A""],""F834L"":[""adp_adenine_ca_distance_8efe_A""],""I467V"":[""delta_charge""],""M493I"":[""delta_charge""],""R671C"":[""delta_charge""]}","{""A797T"":{""adp_adenine_ca_distance_8efe_A"":""site_not_observed_in_8EFE""},""F834L"":{""adp_adenine_ca_distance_8efe_A"":""site_not_observed_in_8EFE""},""I467V"":{""delta_charge"":""missing_in_frozen_analysis_table""},""M493I"":{""delta_charge"":""missing_in_frozen_analysis_table""},""R671C"":{""delta_charge"":""missing_in_frozen_analysis_table""}}",0,,,,0.248690275803,-0.0738528636946,estimated,estimated,,,1,1,"{""adp_adenine_ca_distance_8efe_A"":12.497821069462368}","{""delta_charge"":0.8269362305593853}",0.255300511191,-0.0702296977054,estimated,,,not_applicable_feature_pair,0.224110210413,0.351673058437,-0.100105035736,-0.00588494674191,17,,,,,not_applicable_feature_pair,"Descriptive only; heterogeneous assays, shared measurements and static WT annotations; no p-value, mechanism, interaction attribution or predictive accuracy; deletion ranges are not confidence intervals","This row compares distance to ADP adenine with mutation charge change across 17 complete variants. Spearman summarizes increasing or decreasing rank patterns, while the distance scores also describe curved patterns. These exploratory scores do not establish a biological mechanism."
C047,feature_feature,historical_pair,adp_adenine_ca_distance_8efe_A,grantham_distance,adp_adenine_ca_distance_8efe_A,grantham_distance,1,1,spearman_tie_aware,estimated,0.313059534915,rho,0.313059534915,,,,0.185022475263,0.492849583162,,,15,D239N|D778V|E497D|G741R|G768R|H251N|I457T|L781P|R249Q|R403Q|R453C|R663H|R719W|S782N|Y115H,22,7,A797T|D382Y|F834L|I467V|M493I|P710R|R671C,"{""A797T"":[""adp_adenine_ca_distance_8efe_A""],""D382Y"":[""grantham_distance""],""F834L"":[""adp_adenine_ca_distance_8efe_A""],""I467V"":[""grantham_distance""],""M493I"":[""grantham_distance""],""P710R"":[""grantham_distance""],""R671C"":[""grantham_distance""]}","{""A797T"":{""adp_adenine_ca_distance_8efe_A"":""site_not_observed_in_8EFE""},""D382Y"":{""grantham_distance"":""missing_in_frozen_analysis_table""},""F834L"":{""adp_adenine_ca_distance_8efe_A"":""site_not_observed_in_8EFE""},""I467V"":{""grantham_distance"":""missing_in_frozen_analysis_table""},""M493I"":{""grantham_distance"":""missing_in_frozen_analysis_table""},""P710R"":{""grantham_distance"":""missing_in_frozen_analysis_table""},""R671C"":{""grantham_distance"":""missing_in_frozen_analysis_table""}}",0,,,,0.413186597983,0.0144626413355,estimated,estimated,,,1,1,"{""adp_adenine_ca_distance_8efe_A"":12.966970870664746}","{""grantham_distance"":47.083006741387315}",0.45728574581,0.0519814249781,estimated,,,not_applicable_feature_pair,0.37705729094,0.512700733745,-0.0325289482409,0.117805849429,15,,,,,not_applicable_feature_pair,"Descriptive only; heterogeneous assays, shared measurements and static WT annotations; no p-value, mechanism, interaction attribution or predictive accuracy; deletion ranges are not confidence intervals","This row compares distance to ADP adenine with amino-acid chemistry difference across 15 complete variants. Spearman summarizes increasing or decreasing rank patterns, while the distance scores also describe curved patterns. These exploratory scores do not establish a biological mechanism."
C048,feature_feature,historical_pair,adp_adenine_ca_distance_8efe_A,catalytic_motif_min_ca_distance_8act_mean_ab,adp_adenine_ca_distance_8efe_A,catalytic_motif_min_ca_distance_8act_mean_ab,1,1,spearman_tie_aware,estimated,0.932142857143,rho,0.932142857143,,,,0.916483516484,0.982417582418,,,15,D239N|D778V|E497D|G741R|G768R|H251N|I457T|L781P|R249Q|R403Q|R453C|R663H|R719W|S782N|Y115H,22,7,A797T|D382Y|F834L|I467V|M493I|P710R|R671C,"{""A797T"":[""adp_adenine_ca_distance_8efe_A""],""D382Y"":[""catalytic_motif_min_ca_distance_8act_mean_ab""],""F834L"":[""adp_adenine_ca_distance_8efe_A""],""I467V"":[""catalytic_motif_min_ca_distance_8act_mean_ab""],""M493I"":[""catalytic_motif_min_ca_distance_8act_mean_ab""],""P710R"":[""catalytic_motif_min_ca_distance_8act_mean_ab""],""R671C"":[""catalytic_motif_min_ca_distance_8act_mean_ab""]}","{""A797T"":{""adp_adenine_ca_distance_8efe_A"":""site_not_observed_in_8EFE""},""D382Y"":{""catalytic_motif_min_ca_distance_8act_mean_ab"":""missing_in_frozen_analysis_table""},""F834L"":{""adp_adenine_ca_distance_8efe_A"":""site_not_observed_in_8EFE""},""I467V"":{""catalytic_motif_min_ca_distance_8act_mean_ab"":""missing_in_frozen_analysis_table""},""M493I"":{""catalytic_motif_min_ca_distance_8act_mean_ab"":""missing_in_frozen_analysis_table""},""P710R"":{""catalytic_motif_min_ca_distance_8act_mean_ab"":""missing_in_frozen_analysis_table""},""R671C"":{""catalytic_motif_min_ca_distance_8act_mean_ab"":""missing_in_frozen_analysis_table""}}",0,,,,0.96717137221,0.939508884396,estimated,estimated,,,1,1,"{""adp_adenine_ca_distance_8efe_A"":12.966970870664746}","{""catalytic_motif_min_ca_distance_8act_mean_ab"":13.101913649396574}",0.961817955388,0.925137362637,estimated,,,not_applicable_feature_pair,0.962459342111,0.97633617722,0.928705824751,0.957158506083,15,,,,,not_applicable_feature_pair,"Descriptive only; heterogeneous assays, shared measurements and static WT annotations; no p-value, mechanism, interaction attribution or predictive accuracy; deletion ranges are not confidence intervals","This row compares distance to ADP adenine with distance to the catalytic motif across 15 complete variants. Spearman summarizes increasing or decreasing rank patterns, while the distance scores also describe curved patterns. These exploratory scores do not establish a biological mechanism."
C049,feature_feature,historical_pair,adp_adenine_ca_distance_8efe_A,wt_site_rsa_8act_mean_ab,adp_adenine_ca_distance_8efe_A,wt_site_rsa_8act_mean_ab,1,1,spearman_tie_aware,estimated,0.441758241758,rho,0.441758241758,,,,0.313186813187,0.565934065934,,,14,D382Y|D778V|E497D|G768R|H251N|I457T|L781P|P710R|R249Q|R403Q|R663H|R719W|S782N|Y115H,22,8,A797T|D239N|F834L|G741R|I467V|M493I|R453C|R671C,"{""A797T"":[""adp_adenine_ca_distance_8efe_A""],""D239N"":[""wt_site_rsa_8act_mean_ab""],""F834L"":[""adp_adenine_ca_distance_8efe_A""],""G741R"":[""wt_site_rsa_8act_mean_ab""],""I467V"":[""wt_site_rsa_8act_mean_ab""],""M493I"":[""wt_site_rsa_8act_mean_ab""],""R453C"":[""wt_site_rsa_8act_mean_ab""],""R671C"":[""wt_site_rsa_8act_mean_ab""]}","{""A797T"":{""adp_adenine_ca_distance_8efe_A"":""site_not_observed_in_8EFE""},""D239N"":{""wt_site_rsa_8act_mean_ab"":""missing_in_frozen_analysis_table""},""F834L"":{""adp_adenine_ca_distance_8efe_A"":""site_not_observed_in_8EFE""},""G741R"":{""wt_site_rsa_8act_mean_ab"":""missing_in_frozen_analysis_table""},""I467V"":{""wt_site_rsa_8act_mean_ab"":""missing_in_frozen_analysis_table""},""M493I"":{""wt_site_rsa_8act_mean_ab"":""missing_in_frozen_analysis_table""},""R453C"":{""wt_site_rsa_8act_mean_ab"":""missing_in_frozen_analysis_table""},""R671C"":{""wt_site_rsa_8act_mean_ab"":""missing_in_frozen_analysis_table""}}",0,,,,0.50440618304,0.116318368808,estimated,estimated,,,1,1,"{""adp_adenine_ca_distance_8efe_A"":11.726707713953315}","{""wt_site_rsa_8act_mean_ab"":0.19091423956870243}",0.537066925463,0.138361638362,estimated,,,not_applicable_feature_pair,0.437972592765,0.628893215489,0.0257047189902,0.323212776838,14,,,,,not_applicable_feature_pair,"Descriptive only; heterogeneous assays, shared measurements and static WT annotations; no p-value, mechanism, interaction attribution or predictive accuracy; deletion ranges are not confidence intervals","This row compares distance to ADP adenine with wild-type site solvent exposure across 14 complete variants. Spearman summarizes increasing or decreasing rank patterns, while the distance scores also describe curved patterns. These exploratory scores do not establish a biological mechanism."
C050,feature_feature,historical_pair,adp_adenine_ca_distance_8efe_A,ihm_interface_flag_8act,adp_adenine_ca_distance_8efe_A,ihm_interface_flag_8act,1,1,median_flag1_minus_flag0,estimated,16.0837177095,angstrom,,binary_original_is_median_difference,12,2,12.861150295,19.306285124,,,14,D382Y|D778V|E497D|G768R|H251N|I457T|L781P|P710R|R249Q|R403Q|R663H|R719W|S782N|Y115H,22,8,A797T|D239N|F834L|G741R|I467V|M493I|R453C|R671C,"{""A797T"":[""adp_adenine_ca_distance_8efe_A""],""D239N"":[""ihm_interface_flag_8act""],""F834L"":[""adp_adenine_ca_distance_8efe_A""],""G741R"":[""ihm_interface_flag_8act""],""I467V"":[""ihm_interface_flag_8act""],""M493I"":[""ihm_interface_flag_8act""],""R453C"":[""ihm_interface_flag_8act""],""R671C"":[""ihm_interface_flag_8act""]}","{""A797T"":{""adp_adenine_ca_distance_8efe_A"":""site_not_observed_in_8EFE""},""D239N"":{""ihm_interface_flag_8act"":""missing_in_frozen_analysis_table""},""F834L"":{""adp_adenine_ca_distance_8efe_A"":""site_not_observed_in_8EFE""},""G741R"":{""ihm_interface_flag_8act"":""missing_in_frozen_analysis_table""},""I467V"":{""ihm_interface_flag_8act"":""missing_in_frozen_analysis_table""},""M493I"":{""ihm_interface_flag_8act"":""missing_in_frozen_analysis_table""},""R453C"":{""ihm_interface_flag_8act"":""missing_in_frozen_analysis_table""},""R671C"":{""ihm_interface_flag_8act"":""missing_in_frozen_analysis_table""}}",0,,,,0.530965175134,0.191654104463,estimated,estimated,,,1,1,"{""adp_adenine_ca_distance_8efe_A"":11.726707713953315}","{""ihm_interface_flag_8act"":0.3631365196012815}",0.62674180545,0.308606699924,estimated,,,not_applicable_feature_pair,0.374363166358,0.58713325164,0.184006525455,0.248290092585,12,,,,,not_applicable_feature_pair,"Descriptive only; heterogeneous assays, shared measurements and static WT annotations; no p-value, mechanism, interaction attribution or predictive accuracy; deletion ranges are not confidence intervals","This row compares distance to ADP adenine with wild-type IHM-interface flag across 14 measured variants. The earlier score is a binary-group median difference, while distance scores describe dependence without an increasing or decreasing direction. Sparse binary groups and shared study context limit interpretation."
C051,feature_feature,historical_pair,rigor_actin_min_heavy_distance_8efi_A,relay_landmark_min_ca_distance_8act_mean_ab,rigor_actin_min_heavy_distance_8efi_A,relay_landmark_min_ca_distance_8act_mean_ab,1,1,spearman_tie_aware,estimated,-0.159649122807,rho,-0.159649122807,,,,-0.279669762642,-0.015479876161,,,19,D239N|D382Y|D778V|E497D|G741R|G768R|H251N|I457T|I467V|L781P|M493I|P710R|R249Q|R403Q|R453C|R663H|R671C|R719W|Y115H,22,3,A797T|F834L|S782N,"{""A797T"":[""rigor_actin_min_heavy_distance_8efi_A""],""F834L"":[""rigor_actin_min_heavy_distance_8efi_A""],""S782N"":[""rigor_actin_min_heavy_distance_8efi_A""]}","{""A797T"":{""rigor_actin_min_heavy_distance_8efi_A"":""site_not_observed_in_8EFI""},""F834L"":{""rigor_actin_min_heavy_distance_8efi_A"":""site_not_observed_in_8EFI""},""S782N"":{""rigor_actin_min_heavy_distance_8efi_A"":""site_not_observed_in_8EFI""}}",0,,,,0.486710012266,0.0480086042904,estimated,estimated,,,1,1,"{""rigor_actin_min_heavy_distance_8efi_A"":13.694895669343643}","{""relay_landmark_min_ca_distance_8act_mean_ab"":15.650530453264526}",0.296722403157,-0.0614357585139,estimated,,,not_applicable_feature_pair,0.353023409836,0.555633660509,-0.0743848734431,0.123462930962,19,,,,,not_applicable_feature_pair,"Descriptive only; heterogeneous assays, shared measurements and static WT annotations; no p-value, mechanism, interaction attribution or predictive accuracy; deletion ranges are not confidence intervals","This row compares distance to actin with distance to the relay landmark across 19 complete variants. Spearman summarizes increasing or decreasing rank patterns, while the distance scores also describe curved patterns. These exploratory scores do not establish a biological mechanism."
C052,feature_feature,historical_pair,rigor_actin_min_heavy_distance_8efi_A,elc_min_heavy_distance_8act_mean_ab,rigor_actin_min_heavy_distance_8efi_A,elc_min_heavy_distance_8act_mean_ab,1,1,spearman_tie_aware,estimated,-0.721052631579,rho,-0.721052631579,,,,-0.772961816305,-0.671826625387,,,19,D239N|D382Y|D778V|E497D|G741R|G768R|H251N|I457T|I467V|L781P|M493I|P710R|R249Q|R403Q|R453C|R663H|R671C|R719W|Y115H,22,3,A797T|F834L|S782N,"{""A797T"":[""rigor_actin_min_heavy_distance_8efi_A""],""F834L"":[""rigor_actin_min_heavy_distance_8efi_A""],""S782N"":[""rigor_actin_min_heavy_distance_8efi_A""]}","{""A797T"":{""rigor_actin_min_heavy_distance_8efi_A"":""site_not_observed_in_8EFI""},""F834L"":{""rigor_actin_min_heavy_distance_8efi_A"":""site_not_observed_in_8EFI""},""S782N"":{""rigor_actin_min_heavy_distance_8efi_A"":""site_not_observed_in_8EFI""}}",0,,,,0.704815560089,0.390368541956,estimated,estimated,,,1,1,"{""rigor_actin_min_heavy_distance_8efi_A"":13.694895669343643}","{""elc_min_heavy_distance_8act_mean_ab"":16.183210822028848}",0.693498380915,0.396575077399,estimated,,,not_applicable_feature_pair,0.652557620517,0.746263533069,0.327082244096,0.449967340687,19,,,,,not_applicable_feature_pair,"Descriptive only; heterogeneous assays, shared measurements and static WT annotations; no p-value, mechanism, interaction attribution or predictive accuracy; deletion ranges are not confidence intervals","This row compares distance to actin with distance to the essential light chain across 19 complete variants. Spearman summarizes increasing or decreasing rank patterns, while the distance scores also describe curved patterns. These exploratory scores do not establish a biological mechanism."
C053,feature_feature,historical_pair,rigor_actin_min_heavy_distance_8efi_A,delta_charge,rigor_actin_min_heavy_distance_8efi_A,delta_charge,1,1,spearman_tie_aware,estimated,0.350792560519,rho,0.350792560519,,,,0.24881392527,0.524218651714,,,16,D239N|D382Y|D778V|E497D|G741R|G768R|H251N|I457T|L781P|P710R|R249Q|R403Q|R453C|R663H|R719W|Y115H,22,6,A797T|F834L|I467V|M493I|R671C|S782N,"{""A797T"":[""rigor_actin_min_heavy_distance_8efi_A""],""F834L"":[""rigor_actin_min_heavy_distance_8efi_A""],""I467V"":[""delta_charge""],""M493I"":[""delta_charge""],""R671C"":[""delta_charge""],""S782N"":[""rigor_actin_min_heavy_distance_8efi_A""]}","{""A797T"":{""rigor_actin_min_heavy_distance_8efi_A"":""site_not_observed_in_8EFI""},""F834L"":{""rigor_actin_min_heavy_distance_8efi_A"":""site_not_observed_in_8EFI""},""I467V"":{""delta_charge"":""missing_in_frozen_analysis_table""},""M493I"":{""delta_charge"":""missing_in_frozen_analysis_table""},""R671C"":{""delta_charge"":""missing_in_frozen_analysis_table""},""S782N"":{""rigor_actin_min_heavy_distance_8efi_A"":""site_not_observed_in_8EFI""}}",0,,,,0.402643819898,0.00785608158755,estimated,estimated,,,1,1,"{""rigor_actin_min_heavy_distance_8efi_A"":14.52903883962328}","{""delta_charge"":0.8539125638299665}",0.388368238746,0.0149747870286,estimated,,,not_applicable_feature_pair,0.304871437451,0.551972423433,-0.0845749122197,0.172992841582,16,,,,,not_applicable_feature_pair,"Descriptive only; heterogeneous assays, shared measurements and static WT annotations; no p-value, mechanism, interaction attribution or predictive accuracy; deletion ranges are not confidence intervals","This row compares distance to actin with mutation charge change across 16 complete variants. Spearman summarizes increasing or decreasing rank patterns, while the distance scores also describe curved patterns. These exploratory scores do not establish a biological mechanism."
C054,feature_feature,historical_pair,rigor_actin_min_heavy_distance_8efi_A,grantham_distance,rigor_actin_min_heavy_distance_8efi_A,grantham_distance,1,1,spearman_tie_aware,estimated,0.700442227782,rho,0.700442227782,,,,0.662999251696,0.746559306668,,,14,D239N|D778V|E497D|G741R|G768R|H251N|I457T|L781P|R249Q|R403Q|R453C|R663H|R719W|Y115H,22,8,A797T|D382Y|F834L|I467V|M493I|P710R|R671C|S782N,"{""A797T"":[""rigor_actin_min_heavy_distance_8efi_A""],""D382Y"":[""grantham_distance""],""F834L"":[""rigor_actin_min_heavy_distance_8efi_A""],""I467V"":[""grantham_distance""],""M493I"":[""grantham_distance""],""P710R"":[""grantham_distance""],""R671C"":[""grantham_distance""],""S782N"":[""rigor_actin_min_heavy_distance_8efi_A""]}","{""A797T"":{""rigor_actin_min_heavy_distance_8efi_A"":""site_not_observed_in_8EFI""},""D382Y"":{""grantham_distance"":""missing_in_frozen_analysis_table""},""F834L"":{""rigor_actin_min_heavy_distance_8efi_A"":""site_not_observed_in_8EFI""},""I467V"":{""grantham_distance"":""missing_in_frozen_analysis_table""},""M493I"":{""grantham_distance"":""missing_in_frozen_analysis_table""},""P710R"":{""grantham_distance"":""missing_in_frozen_analysis_table""},""R671C"":{""grantham_distance"":""missing_in_frozen_analysis_table""},""S782N"":{""rigor_actin_min_heavy_distance_8efi_A"":""site_not_observed_in_8EFI""}}",0,,,,0.680026028474,0.397136127764,estimated,estimated,,,1,1,"{""rigor_actin_min_heavy_distance_8efi_A"":14.982045173084966}","{""grantham_distance"":47.670342336315755}",0.770122580317,0.532819064447,estimated,,,not_applicable_feature_pair,0.634158601865,0.788377509254,0.31305095167,0.587457860405,14,,,,,not_applicable_feature_pair,"Descriptive only; heterogeneous assays, shared measurements and static WT annotations; no p-value, mechanism, interaction attribution or predictive accuracy; deletion ranges are not confidence intervals","This row compares distance to actin with amino-acid chemistry difference across 14 complete variants. Spearman summarizes increasing or decreasing rank patterns, while the distance scores also describe curved patterns. These exploratory scores do not establish a biological mechanism."
C055,feature_feature,historical_pair,rigor_actin_min_heavy_distance_8efi_A,catalytic_motif_min_ca_distance_8act_mean_ab,rigor_actin_min_heavy_distance_8efi_A,catalytic_motif_min_ca_distance_8act_mean_ab,1,1,spearman_tie_aware,estimated,0.578021978022,rho,0.578021978022,,,,0.472527472527,0.71978021978,,,14,D239N|D778V|E497D|G741R|G768R|H251N|I457T|L781P|R249Q|R403Q|R453C|R663H|R719W|Y115H,22,8,A797T|D382Y|F834L|I467V|M493I|P710R|R671C|S782N,"{""A797T"":[""rigor_actin_min_heavy_distance_8efi_A""],""D382Y"":[""catalytic_motif_min_ca_distance_8act_mean_ab""],""F834L"":[""rigor_actin_min_heavy_distance_8efi_A""],""I467V"":[""catalytic_motif_min_ca_distance_8act_mean_ab""],""M493I"":[""catalytic_motif_min_ca_distance_8act_mean_ab""],""P710R"":[""catalytic_motif_min_ca_distance_8act_mean_ab""],""R671C"":[""catalytic_motif_min_ca_distance_8act_mean_ab""],""S782N"":[""rigor_actin_min_heavy_distance_8efi_A""]}","{""A797T"":{""rigor_actin_min_heavy_distance_8efi_A"":""site_not_observed_in_8EFI""},""D382Y"":{""catalytic_motif_min_ca_distance_8act_mean_ab"":""missing_in_frozen_analysis_table""},""F834L"":{""rigor_actin_min_heavy_distance_8efi_A"":""site_not_observed_in_8EFI""},""I467V"":{""catalytic_motif_min_ca_distance_8act_mean_ab"":""missing_in_frozen_analysis_table""},""M493I"":{""catalytic_motif_min_ca_distance_8act_mean_ab"":""missing_in_frozen_analysis_table""},""P710R"":{""catalytic_motif_min_ca_distance_8act_mean_ab"":""missing_in_frozen_analysis_table""},""R671C"":{""catalytic_motif_min_ca_distance_8act_mean_ab"":""missing_in_frozen_analysis_table""},""S782N"":{""rigor_actin_min_heavy_distance_8efi_A"":""site_not_observed_in_8EFI""}}",0,,,,0.694777897048,0.391228274692,estimated,estimated,,,1,1,"{""rigor_actin_min_heavy_distance_8efi_A"":14.982045173084966}","{""catalytic_motif_min_ca_distance_8act_mean_ab"":12.953090919489611}",0.67869698391,0.340659340659,estimated,,,not_applicable_feature_pair,0.624210686485,0.839174324592,0.236363988499,0.672154551422,14,,,,,not_applicable_feature_pair,"Descriptive only; heterogeneous assays, shared measurements and static WT annotations; no p-value, mechanism, interaction attribution or predictive accuracy; deletion ranges are not confidence intervals","This row compares distance to actin with distance to the catalytic motif across 14 complete variants. Spearman summarizes increasing or decreasing rank patterns, while the distance scores also describe curved patterns. These exploratory scores do not establish a biological mechanism."
C056,feature_feature,historical_pair,rigor_actin_min_heavy_distance_8efi_A,wt_site_rsa_8act_mean_ab,rigor_actin_min_heavy_distance_8efi_A,wt_site_rsa_8act_mean_ab,1,1,spearman_tie_aware,estimated,-0.214285714286,rho,-0.214285714286,,,,-0.370629370629,-0.0769230769231,,,13,D382Y|D778V|E497D|G768R|H251N|I457T|L781P|P710R|R249Q|R403Q|R663H|R719W|Y115H,22,9,A797T|D239N|F834L|G741R|I467V|M493I|R453C|R671C|S782N,"{""A797T"":[""rigor_actin_min_heavy_distance_8efi_A""],""D239N"":[""wt_site_rsa_8act_mean_ab""],""F834L"":[""rigor_actin_min_heavy_distance_8efi_A""],""G741R"":[""wt_site_rsa_8act_mean_ab""],""I467V"":[""wt_site_rsa_8act_mean_ab""],""M493I"":[""wt_site_rsa_8act_mean_ab""],""R453C"":[""wt_site_rsa_8act_mean_ab""],""R671C"":[""wt_site_rsa_8act_mean_ab""],""S782N"":[""rigor_actin_min_heavy_distance_8efi_A""]}","{""A797T"":{""rigor_actin_min_heavy_distance_8efi_A"":""site_not_observed_in_8EFI""},""D239N"":{""wt_site_rsa_8act_mean_ab"":""missing_in_frozen_analysis_table""},""F834L"":{""rigor_actin_min_heavy_distance_8efi_A"":""site_not_observed_in_8EFI""},""G741R"":{""wt_site_rsa_8act_mean_ab"":""missing_in_frozen_analysis_table""},""I467V"":{""wt_site_rsa_8act_mean_ab"":""missing_in_frozen_analysis_table""},""M493I"":{""wt_site_rsa_8act_mean_ab"":""missing_in_frozen_analysis_table""},""R453C"":{""wt_site_rsa_8act_mean_ab"":""missing_in_frozen_analysis_table""},""R671C"":{""wt_site_rsa_8act_mean_ab"":""missing_in_frozen_analysis_table""},""S782N"":{""rigor_actin_min_heavy_distance_8efi_A"":""site_not_observed_in_8EFI""}}",0,,,,0.393259937939,-0.0546708277087,estimated,estimated,,,1,1,"{""rigor_actin_min_heavy_distance_8efi_A"":14.858079860004867}","{""wt_site_rsa_8act_mean_ab"":0.19548957084614374}",0.438529009654,0.016983016983,estimated,,,not_applicable_feature_pair,0.387103591096,0.534286831971,-0.0863502128189,0.0531269504567,13,,,,,not_applicable_feature_pair,"Descriptive only; heterogeneous assays, shared measurements and static WT annotations; no p-value, mechanism, interaction attribution or predictive accuracy; deletion ranges are not confidence intervals","This row compares distance to actin with wild-type site solvent exposure across 13 complete variants. Spearman summarizes increasing or decreasing rank patterns, while the distance scores also describe curved patterns. These exploratory scores do not establish a biological mechanism."
C057,feature_feature,historical_pair,rigor_actin_min_heavy_distance_8efi_A,ihm_interface_flag_8act,rigor_actin_min_heavy_distance_8efi_A,ihm_interface_flag_8act,1,1,median_flag1_minus_flag0,estimated,-26.385668255,angstrom,,binary_original_is_median_difference,11,2,-34.546744992,-18.224591518,,,13,D382Y|D778V|E497D|G768R|H251N|I457T|L781P|P710R|R249Q|R403Q|R663H|R719W|Y115H,22,9,A797T|D239N|F834L|G741R|I467V|M493I|R453C|R671C|S782N,"{""A797T"":[""rigor_actin_min_heavy_distance_8efi_A""],""D239N"":[""ihm_interface_flag_8act""],""F834L"":[""rigor_actin_min_heavy_distance_8efi_A""],""G741R"":[""ihm_interface_flag_8act""],""I467V"":[""ihm_interface_flag_8act""],""M493I"":[""ihm_interface_flag_8act""],""R453C"":[""ihm_interface_flag_8act""],""R671C"":[""ihm_interface_flag_8act""],""S782N"":[""rigor_actin_min_heavy_distance_8efi_A""]}","{""A797T"":{""rigor_actin_min_heavy_distance_8efi_A"":""site_not_observed_in_8EFI""},""D239N"":{""ihm_interface_flag_8act"":""missing_in_frozen_analysis_table""},""F834L"":{""rigor_actin_min_heavy_distance_8efi_A"":""site_not_observed_in_8EFI""},""G741R"":{""ihm_interface_flag_8act"":""missing_in_frozen_analysis_table""},""I467V"":{""ihm_interface_flag_8act"":""missing_in_frozen_analysis_table""},""M493I"":{""ihm_interface_flag_8act"":""missing_in_frozen_analysis_table""},""R453C"":{""ihm_interface_flag_8act"":""missing_in_frozen_analysis_table""},""R671C"":{""ihm_interface_flag_8act"":""missing_in_frozen_analysis_table""},""S782N"":{""rigor_actin_min_heavy_distance_8efi_A"":""site_not_observed_in_8EFI""}}",0,,,,0.648265224725,0.275378753673,estimated,estimated,,,1,1,"{""rigor_actin_min_heavy_distance_8efi_A"":14.858079860004867}","{""ihm_interface_flag_8act"":0.37553380809940534}",0.582608868036,0.241088561502,estimated,,,not_applicable_feature_pair,0.466841311499,0.752711414976,0.266391061216,0.428074650163,11,,,,,not_applicable_feature_pair,"Descriptive only; heterogeneous assays, shared measurements and static WT annotations; no p-value, mechanism, interaction attribution or predictive accuracy; deletion ranges are not confidence intervals","This row compares distance to actin with wild-type IHM-interface flag across 13 measured variants. The earlier score is a binary-group median difference, while distance scores describe dependence without an increasing or decreasing direction. Sparse binary groups and shared study context limit interpretation."
C058,feature_feature,historical_pair,relay_landmark_min_ca_distance_8act_mean_ab,elc_min_heavy_distance_8act_mean_ab,relay_landmark_min_ca_distance_8act_mean_ab,elc_min_heavy_distance_8act_mean_ab,1,1,spearman_tie_aware,estimated,0.0671936758893,rho,0.0671936758893,,,,-0.0662337662338,0.151948051948,,,22,A797T|D239N|D382Y|D778V|E497D|F834L|G741R|G768R|H251N|I457T|I467V|L781P|M493I|P710R|R249Q|R403Q|R453C|R663H|R671C|R719W|S782N|Y115H,22,0,,{},{},0,,,,0.579564000389,0.216081677989,estimated,estimated,,,1,1,"{""relay_landmark_min_ca_distance_8act_mean_ab"":20.95354553556219}","{""elc_min_heavy_distance_8act_mean_ab"":16.087772503195872}",0.459136782146,0.105278017177,estimated,,,not_applicable_feature_pair,0.493836502946,0.649217300191,0.0722324581282,0.327715888172,22,,,,,not_applicable_feature_pair,"Descriptive only; heterogeneous assays, shared measurements and static WT annotations; no p-value, mechanism, interaction attribution or predictive accuracy; deletion ranges are not confidence intervals","This row compares distance to the relay landmark with distance to the essential light chain across 22 complete variants. Spearman summarizes increasing or decreasing rank patterns, while the distance scores also describe curved patterns. These exploratory scores do not establish a biological mechanism."
C059,feature_feature,historical_pair,relay_landmark_min_ca_distance_8act_mean_ab,delta_charge,relay_landmark_min_ca_distance_8act_mean_ab,delta_charge,1,1,spearman_tie_aware,estimated,-0.0290196539577,rho,-0.0290196539577,,,,-0.143665705307,0.0861994231841,,,19,A797T|D239N|D382Y|D778V|E497D|F834L|G741R|G768R|H251N|I457T|L781P|P710R|R249Q|R403Q|R453C|R663H|R719W|S782N|Y115H,22,3,I467V|M493I|R671C,"{""I467V"":[""delta_charge""],""M493I"":[""delta_charge""],""R671C"":[""delta_charge""]}","{""I467V"":{""delta_charge"":""missing_in_frozen_analysis_table""},""M493I"":{""delta_charge"":""missing_in_frozen_analysis_table""},""R671C"":{""delta_charge"":""missing_in_frozen_analysis_table""}}",0,,,,0.180844890834,-0.104118856596,estimated,estimated,,,1,1,"{""relay_landmark_min_ca_distance_8act_mean_ab"":21.669422661954183}","{""delta_charge"":0.7798635358208025}",0.194565295462,-0.088727721638,estimated,,,not_applicable_feature_pair,0.175502672243,0.269674229683,-0.126440705161,-0.0595731166574,19,,,,,not_applicable_feature_pair,"Descriptive only; heterogeneous assays, shared measurements and static WT annotations; no p-value, mechanism, interaction attribution or predictive accuracy; deletion ranges are not confidence intervals","This row compares distance to the relay landmark with mutation charge change across 19 complete variants. Spearman summarizes increasing or decreasing rank patterns, while the distance scores also describe curved patterns. These exploratory scores do not establish a biological mechanism."
C060,feature_feature,historical_pair,relay_landmark_min_ca_distance_8act_mean_ab,grantham_distance,relay_landmark_min_ca_distance_8act_mean_ab,grantham_distance,1,1,spearman_tie_aware,estimated,-0.310429681531,rho,-0.310429681531,,,,-0.478645585366,-0.172312410732,,,17,A797T|D239N|D778V|E497D|F834L|G741R|G768R|H251N|I457T|L781P|R249Q|R403Q|R453C|R663H|R719W|S782N|Y115H,22,5,D382Y|I467V|M493I|P710R|R671C,"{""D382Y"":[""grantham_distance""],""I467V"":[""grantham_distance""],""M493I"":[""grantham_distance""],""P710R"":[""grantham_distance""],""R671C"":[""grantham_distance""]}","{""D382Y"":{""grantham_distance"":""missing_in_frozen_analysis_table""},""I467V"":{""grantham_distance"":""missing_in_frozen_analysis_table""},""M493I"":{""grantham_distance"":""missing_in_frozen_analysis_table""},""P710R"":{""grantham_distance"":""missing_in_frozen_analysis_table""},""R671C"":{""grantham_distance"":""missing_in_frozen_analysis_table""}}",0,,,,0.489002143494,0.118331114119,estimated,estimated,,,1,1,"{""relay_landmark_min_ca_distance_8act_mean_ab"":20.796522476451354}","{""grantham_distance"":46.768752137197204}",0.461680278311,0.0660422581556,estimated,,,not_applicable_feature_pair,0.437924566036,0.559337776544,0.049698890215,0.210763054507,17,,,,,not_applicable_feature_pair,"Descriptive only; heterogeneous assays, shared measurements and static WT annotations; no p-value, mechanism, interaction attribution or predictive accuracy; deletion ranges are not confidence intervals","This row compares distance to the relay landmark with amino-acid chemistry difference across 17 complete variants. Spearman summarizes increasing or decreasing rank patterns, while the distance scores also describe curved patterns. These exploratory scores do not establish a biological mechanism."
C061,feature_feature,historical_pair,relay_landmark_min_ca_distance_8act_mean_ab,catalytic_motif_min_ca_distance_8act_mean_ab,relay_landmark_min_ca_distance_8act_mean_ab,catalytic_motif_min_ca_distance_8act_mean_ab,1,1,spearman_tie_aware,estimated,0.301470588235,rho,0.301470588235,,,,0.161764705882,0.444117647059,,,17,A797T|D239N|D778V|E497D|F834L|G741R|G768R|H251N|I457T|L781P|R249Q|R403Q|R453C|R663H|R719W|S782N|Y115H,22,5,D382Y|I467V|M493I|P710R|R671C,"{""D382Y"":[""catalytic_motif_min_ca_distance_8act_mean_ab""],""I467V"":[""catalytic_motif_min_ca_distance_8act_mean_ab""],""M493I"":[""catalytic_motif_min_ca_distance_8act_mean_ab""],""P710R"":[""catalytic_motif_min_ca_distance_8act_mean_ab""],""R671C"":[""catalytic_motif_min_ca_distance_8act_mean_ab""]}","{""D382Y"":{""catalytic_motif_min_ca_distance_8act_mean_ab"":""missing_in_frozen_analysis_table""},""I467V"":{""catalytic_motif_min_ca_distance_8act_mean_ab"":""missing_in_frozen_analysis_table""},""M493I"":{""catalytic_motif_min_ca_distance_8act_mean_ab"":""missing_in_frozen_analysis_table""},""P710R"":{""catalytic_motif_min_ca_distance_8act_mean_ab"":""missing_in_frozen_analysis_table""},""R671C"":{""catalytic_motif_min_ca_distance_8act_mean_ab"":""missing_in_frozen_analysis_table""}}",0,,,,0.671856337927,0.155540223584,estimated,estimated,,,1,1,"{""relay_landmark_min_ca_distance_8act_mean_ab"":20.796522476451354}","{""catalytic_motif_min_ca_distance_8act_mean_ab"":20.218423450702087}",0.448238269792,0.0568977591036,estimated,,,not_applicable_feature_pair,0.446156188833,0.726759424887,0.00607738201316,0.249261349165,17,,,,,not_applicable_feature_pair,"Descriptive only; heterogeneous assays, shared measurements and static WT annotations; no p-value, mechanism, interaction attribution or predictive accuracy; deletion ranges are not confidence intervals","This row compares distance to the relay landmark with distance to the catalytic motif across 17 complete variants. Spearman summarizes increasing or decreasing rank patterns, while the distance scores also describe curved patterns. These exploratory scores do not establish a biological mechanism."
C062,feature_feature,historical_pair,relay_landmark_min_ca_distance_8act_mean_ab,wt_site_rsa_8act_mean_ab,relay_landmark_min_ca_distance_8act_mean_ab,wt_site_rsa_8act_mean_ab,1,1,spearman_tie_aware,estimated,0.147058823529,rho,0.147058823529,,,,0.0464285714286,0.310714285714,,,16,A797T|D382Y|D778V|E497D|F834L|G768R|H251N|I457T|L781P|P710R|R249Q|R403Q|R663H|R719W|S782N|Y115H,22,6,D239N|G741R|I467V|M493I|R453C|R671C,"{""D239N"":[""wt_site_rsa_8act_mean_ab""],""G741R"":[""wt_site_rsa_8act_mean_ab""],""I467V"":[""wt_site_rsa_8act_mean_ab""],""M493I"":[""wt_site_rsa_8act_mean_ab""],""R453C"":[""wt_site_rsa_8act_mean_ab""],""R671C"":[""wt_site_rsa_8act_mean_ab""]}","{""D239N"":{""wt_site_rsa_8act_mean_ab"":""missing_in_frozen_analysis_table""},""G741R"":{""wt_site_rsa_8act_mean_ab"":""missing_in_frozen_analysis_table""},""I467V"":{""wt_site_rsa_8act_mean_ab"":""missing_in_frozen_analysis_table""},""M493I"":{""wt_site_rsa_8act_mean_ab"":""missing_in_frozen_analysis_table""},""R453C"":{""wt_site_rsa_8act_mean_ab"":""missing_in_frozen_analysis_table""},""R671C"":{""wt_site_rsa_8act_mean_ab"":""missing_in_frozen_analysis_table""}}",0,,,,0.397352011083,0.0300762573233,estimated,estimated,,,1,1,"{""relay_landmark_min_ca_distance_8act_mean_ab"":23.43164227785453}","{""wt_site_rsa_8act_mean_ab"":0.18427222470229557}",0.374283856591,-0.0217356173239,estimated,,,not_applicable_feature_pair,0.382988044668,0.437355432081,-0.0138326429744,0.0912066913265,16,,,,,not_applicable_feature_pair,"Descriptive only; heterogeneous assays, shared measurements and static WT annotations; no p-value, mechanism, interaction attribution or predictive accuracy; deletion ranges are not confidence intervals","This row compares distance to the relay landmark with wild-type site solvent exposure across 16 complete variants. Spearman summarizes increasing or decreasing rank patterns, while the distance scores also describe curved patterns. These exploratory scores do not establish a biological mechanism."
C063,feature_feature,historical_pair,relay_landmark_min_ca_distance_8act_mean_ab,ihm_interface_flag_8act,relay_landmark_min_ca_distance_8act_mean_ab,ihm_interface_flag_8act,1,1,median_flag1_minus_flag0,estimated,35.5332961085,angstrom,,binary_original_is_median_difference,14,2,33.383957386,37.682634831,,,16,A797T|D382Y|D778V|E497D|F834L|G768R|H251N|I457T|L781P|P710R|R249Q|R403Q|R663H|R719W|S782N|Y115H,22,6,D239N|G741R|I467V|M493I|R453C|R671C,"{""D239N"":[""ihm_interface_flag_8act""],""G741R"":[""ihm_interface_flag_8act""],""I467V"":[""ihm_interface_flag_8act""],""M493I"":[""ihm_interface_flag_8act""],""R453C"":[""ihm_interface_flag_8act""],""R671C"":[""ihm_interface_flag_8act""]}","{""D239N"":{""ihm_interface_flag_8act"":""missing_in_frozen_analysis_table""},""G741R"":{""ihm_interface_flag_8act"":""missing_in_frozen_analysis_table""},""I467V"":{""ihm_interface_flag_8act"":""missing_in_frozen_analysis_table""},""M493I"":{""ihm_interface_flag_8act"":""missing_in_frozen_analysis_table""},""R453C"":{""ihm_interface_flag_8act"":""missing_in_frozen_analysis_table""},""R671C"":{""ihm_interface_flag_8act"":""missing_in_frozen_analysis_table""}}",0,,,,0.623664876932,0.336410160213,estimated,estimated,,,1,1,"{""relay_landmark_min_ca_distance_8act_mean_ab"":23.43164227785453}","{""ihm_interface_flag_8act"":0.3415650255319866}",0.530907808247,0.213056699643,estimated,,,not_applicable_feature_pair,0.486792942746,0.772553581267,0.331397919848,0.514092453172,14,,,,,not_applicable_feature_pair,"Descriptive only; heterogeneous assays, shared measurements and static WT annotations; no p-value, mechanism, interaction attribution or predictive accuracy; deletion ranges are not confidence intervals","This row compares distance to the relay landmark with wild-type IHM-interface flag across 16 measured variants. The earlier score is a binary-group median difference, while distance scores describe dependence without an increasing or decreasing direction. Sparse binary groups and shared study context limit interpretation."
C064,feature_feature,historical_pair,elc_min_heavy_distance_8act_mean_ab,delta_charge,elc_min_heavy_distance_8act_mean_ab,delta_charge,1,1,spearman_tie_aware,estimated,0.0439975398713,rho,0.0439975398713,,,,-0.0574662821227,0.197296086471,,,19,A797T|D239N|D382Y|D778V|E497D|F834L|G741R|G768R|H251N|I457T|L781P|P710R|R249Q|R403Q|R453C|R663H|R719W|S782N|Y115H,22,3,I467V|M493I|R671C,"{""I467V"":[""delta_charge""],""M493I"":[""delta_charge""],""R671C"":[""delta_charge""]}","{""I467V"":{""delta_charge"":""missing_in_frozen_analysis_table""},""M493I"":{""delta_charge"":""missing_in_frozen_analysis_table""},""R671C"":{""delta_charge"":""missing_in_frozen_analysis_table""}}",0,,,,0.241140176411,-0.0916629983551,estimated,estimated,,,1,1,"{""elc_min_heavy_distance_8act_mean_ab"":16.507493133431602}","{""delta_charge"":0.7798635358208025}",0.234697609088,-0.0637953507957,estimated,,,not_applicable_feature_pair,0.213697999697,0.363679009397,-0.122427196134,-0.00258601943183,19,,,,,not_applicable_feature_pair,"Descriptive only; heterogeneous assays, shared measurements and static WT annotations; no p-value, mechanism, interaction attribution or predictive accuracy; deletion ranges are not confidence intervals","This row compares distance to the essential light chain with mutation charge change across 19 complete variants. Spearman summarizes increasing or decreasing rank patterns, while the distance scores also describe curved patterns. These exploratory scores do not establish a biological mechanism."
C065,feature_feature,historical_pair,elc_min_heavy_distance_8act_mean_ab,grantham_distance,elc_min_heavy_distance_8act_mean_ab,grantham_distance,1,1,spearman_tie_aware,estimated,-0.606135425598,rho,-0.606135425598,,,,-0.692195154222,-0.540501322552,,,17,A797T|D239N|D778V|E497D|F834L|G741R|G768R|H251N|I457T|L781P|R249Q|R403Q|R453C|R663H|R719W|S782N|Y115H,22,5,D382Y|I467V|M493I|P710R|R671C,"{""D382Y"":[""grantham_distance""],""I467V"":[""grantham_distance""],""M493I"":[""grantham_distance""],""P710R"":[""grantham_distance""],""R671C"":[""grantham_distance""]}","{""D382Y"":{""grantham_distance"":""missing_in_frozen_analysis_table""},""I467V"":{""grantham_distance"":""missing_in_frozen_analysis_table""},""M493I"":{""grantham_distance"":""missing_in_frozen_analysis_table""},""P710R"":{""grantham_distance"":""missing_in_frozen_analysis_table""},""R671C"":{""grantham_distance"":""missing_in_frozen_analysis_table""}}",0,,,,0.590036665124,0.283694666481,estimated,estimated,,,1,1,"{""elc_min_heavy_distance_8act_mean_ab"":14.480871177968607}","{""grantham_distance"":46.768752137197204}",0.677216388794,0.377085611211,estimated,,,not_applicable_feature_pair,0.533567543497,0.666308982711,0.198011650605,0.409629911302,17,,,,,not_applicable_feature_pair,"Descriptive only; heterogeneous assays, shared measurements and static WT annotations; no p-value, mechanism, interaction attribution or predictive accuracy; deletion ranges are not confidence intervals","This row compares distance to the essential light chain with amino-acid chemistry difference across 17 complete variants. Spearman summarizes increasing or decreasing rank patterns, while the distance scores also describe curved patterns. These exploratory scores do not establish a biological mechanism."
C066,feature_feature,historical_pair,elc_min_heavy_distance_8act_mean_ab,catalytic_motif_min_ca_distance_8act_mean_ab,elc_min_heavy_distance_8act_mean_ab,catalytic_motif_min_ca_distance_8act_mean_ab,1,1,spearman_tie_aware,estimated,-0.450980392157,rho,-0.450980392157,,,,-0.673529411765,-0.367647058824,,,17,A797T|D239N|D778V|E497D|F834L|G741R|G768R|H251N|I457T|L781P|R249Q|R403Q|R453C|R663H|R719W|S782N|Y115H,22,5,D382Y|I467V|M493I|P710R|R671C,"{""D382Y"":[""catalytic_motif_min_ca_distance_8act_mean_ab""],""I467V"":[""catalytic_motif_min_ca_distance_8act_mean_ab""],""M493I"":[""catalytic_motif_min_ca_distance_8act_mean_ab""],""P710R"":[""catalytic_motif_min_ca_distance_8act_mean_ab""],""R671C"":[""catalytic_motif_min_ca_distance_8act_mean_ab""]}","{""D382Y"":{""catalytic_motif_min_ca_distance_8act_mean_ab"":""missing_in_frozen_analysis_table""},""I467V"":{""catalytic_motif_min_ca_distance_8act_mean_ab"":""missing_in_frozen_analysis_table""},""M493I"":{""catalytic_motif_min_ca_distance_8act_mean_ab"":""missing_in_frozen_analysis_table""},""P710R"":{""catalytic_motif_min_ca_distance_8act_mean_ab"":""missing_in_frozen_analysis_table""},""R671C"":{""catalytic_motif_min_ca_distance_8act_mean_ab"":""missing_in_frozen_analysis_table""}}",0,,,,0.527291466393,0.128503848357,estimated,estimated,,,1,1,"{""elc_min_heavy_distance_8act_mean_ab"":14.480871177968607}","{""catalytic_motif_min_ca_distance_8act_mean_ab"":20.218423450702087}",0.543599348218,0.162464985994,estimated,,,not_applicable_feature_pair,0.496030472421,0.644642812085,0.0588932879294,0.307636817179,17,,,,,not_applicable_feature_pair,"Descriptive only; heterogeneous assays, shared measurements and static WT annotations; no p-value, mechanism, interaction attribution or predictive accuracy; deletion ranges are not confidence intervals","This row compares distance to the essential light chain with distance to the catalytic motif across 17 complete variants. Spearman summarizes increasing or decreasing rank patterns, while the distance scores also describe curved patterns. These exploratory scores do not establish a biological mechanism."
C067,feature_feature,historical_pair,elc_min_heavy_distance_8act_mean_ab,wt_site_rsa_8act_mean_ab,elc_min_heavy_distance_8act_mean_ab,wt_site_rsa_8act_mean_ab,1,1,spearman_tie_aware,estimated,0.102941176471,rho,0.102941176471,,,,-0.0285714285714,0.214285714286,,,16,A797T|D382Y|D778V|E497D|F834L|G768R|H251N|I457T|L781P|P710R|R249Q|R403Q|R663H|R719W|S782N|Y115H,22,6,D239N|G741R|I467V|M493I|R453C|R671C,"{""D239N"":[""wt_site_rsa_8act_mean_ab""],""G741R"":[""wt_site_rsa_8act_mean_ab""],""I467V"":[""wt_site_rsa_8act_mean_ab""],""M493I"":[""wt_site_rsa_8act_mean_ab""],""R453C"":[""wt_site_rsa_8act_mean_ab""],""R671C"":[""wt_site_rsa_8act_mean_ab""]}","{""D239N"":{""wt_site_rsa_8act_mean_ab"":""missing_in_frozen_analysis_table""},""G741R"":{""wt_site_rsa_8act_mean_ab"":""missing_in_frozen_analysis_table""},""I467V"":{""wt_site_rsa_8act_mean_ab"":""missing_in_frozen_analysis_table""},""M493I"":{""wt_site_rsa_8act_mean_ab"":""missing_in_frozen_analysis_table""},""R453C"":{""wt_site_rsa_8act_mean_ab"":""missing_in_frozen_analysis_table""},""R671C"":{""wt_site_rsa_8act_mean_ab"":""missing_in_frozen_analysis_table""}}",0,,,,0.331400581587,-0.00637563242675,estimated,estimated,,,1,1,"{""elc_min_heavy_distance_8act_mean_ab"":17.14953575372914}","{""wt_site_rsa_8act_mean_ab"":0.18427222470229557}",0.297616052186,-0.0816095669037,estimated,,,not_applicable_feature_pair,0.319081081764,0.365024871206,-0.0490085752473,0.0106838551962,16,,,,,not_applicable_feature_pair,"Descriptive only; heterogeneous assays, shared measurements and static WT annotations; no p-value, mechanism, interaction attribution or predictive accuracy; deletion ranges are not confidence intervals","This row compares distance to the essential light chain with wild-type site solvent exposure across 16 complete variants. Spearman summarizes increasing or decreasing rank patterns, while the distance scores also describe curved patterns. These exploratory scores do not establish a biological mechanism."
C068,feature_feature,historical_pair,elc_min_heavy_distance_8act_mean_ab,ihm_interface_flag_8act,elc_min_heavy_distance_8act_mean_ab,ihm_interface_flag_8act,1,1,median_flag1_minus_flag0,estimated,43.1679628675,angstrom,,binary_original_is_median_difference,14,2,41.3189682425,45.0169574925,,,16,A797T|D382Y|D778V|E497D|F834L|G768R|H251N|I457T|L781P|P710R|R249Q|R403Q|R663H|R719W|S782N|Y115H,22,6,D239N|G741R|I467V|M493I|R453C|R671C,"{""D239N"":[""ihm_interface_flag_8act""],""G741R"":[""ihm_interface_flag_8act""],""I467V"":[""ihm_interface_flag_8act""],""M493I"":[""ihm_interface_flag_8act""],""R453C"":[""ihm_interface_flag_8act""],""R671C"":[""ihm_interface_flag_8act""]}","{""D239N"":{""ihm_interface_flag_8act"":""missing_in_frozen_analysis_table""},""G741R"":{""ihm_interface_flag_8act"":""missing_in_frozen_analysis_table""},""I467V"":{""ihm_interface_flag_8act"":""missing_in_frozen_analysis_table""},""M493I"":{""ihm_interface_flag_8act"":""missing_in_frozen_analysis_table""},""R453C"":{""ihm_interface_flag_8act"":""missing_in_frozen_analysis_table""},""R671C"":{""ihm_interface_flag_8act"":""missing_in_frozen_analysis_table""}}",0,,,,0.888434187065,0.715284123769,estimated,estimated,,,1,1,"{""elc_min_heavy_distance_8act_mean_ab"":17.14953575372914}","{""ihm_interface_flag_8act"":0.3415650255319866}",0.591906411632,0.271163072273,estimated,,,not_applicable_feature_pair,0.770108979387,0.915564939264,0.714217306068,0.775438223741,14,,,,,not_applicable_feature_pair,"Descriptive only; heterogeneous assays, shared measurements and static WT annotations; no p-value, mechanism, interaction attribution or predictive accuracy; deletion ranges are not confidence intervals","This row compares distance to the essential light chain with wild-type IHM-interface flag across 16 measured variants. The earlier score is a binary-group median difference, while distance scores describe dependence without an increasing or decreasing direction. Sparse binary groups and shared study context limit interpretation."
C069,feature_feature,historical_pair,delta_charge,grantham_distance,delta_charge,grantham_distance,1,1,spearman_tie_aware,estimated,0.226211850202,rho,0.226211850202,,,,0.128368091806,0.422452454953,,,17,A797T|D239N|D778V|E497D|F834L|G741R|G768R|H251N|I457T|L781P|R249Q|R403Q|R453C|R663H|R719W|S782N|Y115H,22,5,D382Y|I467V|M493I|P710R|R671C,"{""D382Y"":[""grantham_distance""],""I467V"":[""delta_charge"",""grantham_distance""],""M493I"":[""delta_charge"",""grantham_distance""],""P710R"":[""grantham_distance""],""R671C"":[""delta_charge"",""grantham_distance""]}","{""D382Y"":{""grantham_distance"":""missing_in_frozen_analysis_table""},""I467V"":{""delta_charge"":""missing_in_frozen_analysis_table"",""grantham_distance"":""missing_in_frozen_analysis_table""},""M493I"":{""delta_charge"":""missing_in_frozen_analysis_table"",""grantham_distance"":""missing_in_frozen_analysis_table""},""P710R"":{""grantham_distance"":""missing_in_frozen_analysis_table""},""R671C"":{""delta_charge"":""missing_in_frozen_analysis_table"",""grantham_distance"":""missing_in_frozen_analysis_table""}}",0,,,,0.416728180269,0.0180962063554,estimated,estimated,,,1,1,"{""delta_charge"":0.7475450015964021}","{""grantham_distance"":46.768752137197204}",0.406701139096,0.0189146778882,estimated,,,not_applicable_feature_pair,0.350915071507,0.542104884631,-0.0729851757535,0.158334723723,17,,,,,not_applicable_feature_pair,"Descriptive only; heterogeneous assays, shared measurements and static WT annotations; no p-value, mechanism, interaction attribution or predictive accuracy; deletion ranges are not confidence intervals","This row compares mutation charge change with amino-acid chemistry difference across 17 complete variants. Spearman summarizes increasing or decreasing rank patterns, while the distance scores also describe curved patterns. These exploratory scores do not establish a biological mechanism."
C070,feature_feature,historical_pair,delta_charge,catalytic_motif_min_ca_distance_8act_mean_ab,delta_charge,catalytic_motif_min_ca_distance_8act_mean_ab,1,1,spearman_tie_aware,estimated,0.137410431645,rho,0.137410431645,,,,0.0352752589133,0.333511538817,,,17,A797T|D239N|D778V|E497D|F834L|G741R|G768R|H251N|I457T|L781P|R249Q|R403Q|R453C|R663H|R719W|S782N|Y115H,22,5,D382Y|I467V|M493I|P710R|R671C,"{""D382Y"":[""catalytic_motif_min_ca_distance_8act_mean_ab""],""I467V"":[""delta_charge"",""catalytic_motif_min_ca_distance_8act_mean_ab""],""M493I"":[""delta_charge"",""catalytic_motif_min_ca_distance_8act_mean_ab""],""P710R"":[""catalytic_motif_min_ca_distance_8act_mean_ab""],""R671C"":[""delta_charge"",""catalytic_motif_min_ca_distance_8act_mean_ab""]}","{""D382Y"":{""catalytic_motif_min_ca_distance_8act_mean_ab"":""missing_in_frozen_analysis_table""},""I467V"":{""catalytic_motif_min_ca_distance_8act_mean_ab"":""missing_in_frozen_analysis_table"",""delta_charge"":""missing_in_frozen_analysis_table""},""M493I"":{""catalytic_motif_min_ca_distance_8act_mean_ab"":""missing_in_frozen_analysis_table"",""delta_charge"":""missing_in_frozen_analysis_table""},""P710R"":{""catalytic_motif_min_ca_distance_8act_mean_ab"":""missing_in_frozen_analysis_table""},""R671C"":{""catalytic_motif_min_ca_distance_8act_mean_ab"":""missing_in_frozen_analysis_table"",""delta_charge"":""missing_in_frozen_analysis_table""}}",0,,,,0.269984284161,-0.066873720472,estimated,estimated,,,1,1,"{""delta_charge"":0.7475450015964021}","{""catalytic_motif_min_ca_distance_8act_mean_ab"":20.218423450702087}",0.277491311844,-0.0550526255246,estimated,,,not_applicable_feature_pair,0.248662930581,0.337399925397,-0.0940868034766,0.00107521021069,17,,,,,not_applicable_feature_pair,"Descriptive only; heterogeneous assays, shared measurements and static WT annotations; no p-value, mechanism, interaction attribution or predictive accuracy; deletion ranges are not confidence intervals","This row compares mutation charge change with distance to the catalytic motif across 17 complete variants. Spearman summarizes increasing or decreasing rank patterns, while the distance scores also describe curved patterns. These exploratory scores do not establish a biological mechanism."
C071,feature_feature,historical_pair,delta_charge,wt_site_rsa_8act_mean_ab,delta_charge,wt_site_rsa_8act_mean_ab,1,1,spearman_tie_aware,estimated,0.0958706236059,rho,0.0958706236059,,,,-0.0845382891079,0.265410907664,,,16,A797T|D382Y|D778V|E497D|F834L|G768R|H251N|I457T|L781P|P710R|R249Q|R403Q|R663H|R719W|S782N|Y115H,22,6,D239N|G741R|I467V|M493I|R453C|R671C,"{""D239N"":[""wt_site_rsa_8act_mean_ab""],""G741R"":[""wt_site_rsa_8act_mean_ab""],""I467V"":[""delta_charge"",""wt_site_rsa_8act_mean_ab""],""M493I"":[""delta_charge"",""wt_site_rsa_8act_mean_ab""],""R453C"":[""wt_site_rsa_8act_mean_ab""],""R671C"":[""delta_charge"",""wt_site_rsa_8act_mean_ab""]}","{""D239N"":{""wt_site_rsa_8act_mean_ab"":""missing_in_frozen_analysis_table""},""G741R"":{""wt_site_rsa_8act_mean_ab"":""missing_in_frozen_analysis_table""},""I467V"":{""delta_charge"":""missing_in_frozen_analysis_table"",""wt_site_rsa_8act_mean_ab"":""missing_in_frozen_analysis_table""},""M493I"":{""delta_charge"":""missing_in_frozen_analysis_table"",""wt_site_rsa_8act_mean_ab"":""missing_in_frozen_analysis_table""},""R453C"":{""wt_site_rsa_8act_mean_ab"":""missing_in_frozen_analysis_table""},""R671C"":{""delta_charge"":""missing_in_frozen_analysis_table"",""wt_site_rsa_8act_mean_ab"":""missing_in_frozen_analysis_table""}}",0,,,,0.394952681452,-0.00914420217036,estimated,estimated,,,1,1,"{""delta_charge"":0.7302967433402214}","{""wt_site_rsa_8act_mean_ab"":0.18427222470229557}",0.449486637058,0.0870353114706,estimated,,,not_applicable_feature_pair,0.364753967901,0.520148220508,-0.0459111471294,0.146571593234,16,,,,,not_applicable_feature_pair,"Descriptive only; heterogeneous assays, shared measurements and static WT annotations; no p-value, mechanism, interaction attribution or predictive accuracy; deletion ranges are not confidence intervals","This row compares mutation charge change with wild-type site solvent exposure across 16 complete variants. Spearman summarizes increasing or decreasing rank patterns, while the distance scores also describe curved patterns. These exploratory scores do not establish a biological mechanism."
C072,feature_feature,historical_pair,delta_charge,ihm_interface_flag_8act,delta_charge,ihm_interface_flag_8act,1,1,median_flag1_minus_flag0,estimated,0,formal_charge_units,,binary_original_is_median_difference,14,2,-1,1,,,16,A797T|D382Y|D778V|E497D|F834L|G768R|H251N|I457T|L781P|P710R|R249Q|R403Q|R663H|R719W|S782N|Y115H,22,6,D239N|G741R|I467V|M493I|R453C|R671C,"{""D239N"":[""ihm_interface_flag_8act""],""G741R"":[""ihm_interface_flag_8act""],""I467V"":[""delta_charge"",""ihm_interface_flag_8act""],""M493I"":[""delta_charge"",""ihm_interface_flag_8act""],""R453C"":[""ihm_interface_flag_8act""],""R671C"":[""delta_charge"",""ihm_interface_flag_8act""]}","{""D239N"":{""ihm_interface_flag_8act"":""missing_in_frozen_analysis_table""},""G741R"":{""ihm_interface_flag_8act"":""missing_in_frozen_analysis_table""},""I467V"":{""delta_charge"":""missing_in_frozen_analysis_table"",""ihm_interface_flag_8act"":""missing_in_frozen_analysis_table""},""M493I"":{""delta_charge"":""missing_in_frozen_analysis_table"",""ihm_interface_flag_8act"":""missing_in_frozen_analysis_table""},""R453C"":{""ihm_interface_flag_8act"":""missing_in_frozen_analysis_table""},""R671C"":{""delta_charge"":""missing_in_frozen_analysis_table"",""ihm_interface_flag_8act"":""missing_in_frozen_analysis_table""}}",0,,,,0.25276007695,-0.117689135441,estimated,estimated,,,1,1,"{""delta_charge"":0.7302967433402214}","{""ihm_interface_flag_8act"":0.3415650255319866}",0.25276007695,-0.117689135441,estimated,,,not_applicable_feature_pair,0.238593565638,0.395614310102,-0.125550490238,-0.123961406333,14,,,,,not_applicable_feature_pair,"Descriptive only; heterogeneous assays, shared measurements and static WT annotations; no p-value, mechanism, interaction attribution or predictive accuracy; deletion ranges are not confidence intervals","This row compares mutation charge change with wild-type IHM-interface flag across 16 measured variants. The earlier score is a binary-group median difference, while distance scores describe dependence without an increasing or decreasing direction. Sparse binary groups and shared study context limit interpretation."
C073,feature_feature,historical_pair,grantham_distance,catalytic_motif_min_ca_distance_8act_mean_ab,grantham_distance,catalytic_motif_min_ca_distance_8act_mean_ab,1,1,spearman_tie_aware,estimated,0.16441730168,rho,0.16441730168,,,,0.0441826694184,0.397644024766,,,17,A797T|D239N|D778V|E497D|F834L|G741R|G768R|H251N|I457T|L781P|R249Q|R403Q|R453C|R663H|R719W|S782N|Y115H,22,5,D382Y|I467V|M493I|P710R|R671C,"{""D382Y"":[""grantham_distance"",""catalytic_motif_min_ca_distance_8act_mean_ab""],""I467V"":[""grantham_distance"",""catalytic_motif_min_ca_distance_8act_mean_ab""],""M493I"":[""grantham_distance"",""catalytic_motif_min_ca_distance_8act_mean_ab""],""P710R"":[""grantham_distance"",""catalytic_motif_min_ca_distance_8act_mean_ab""],""R671C"":[""grantham_distance"",""catalytic_motif_min_ca_distance_8act_mean_ab""]}","{""D382Y"":{""catalytic_motif_min_ca_distance_8act_mean_ab"":""missing_in_frozen_analysis_table"",""grantham_distance"":""missing_in_frozen_analysis_table""},""I467V"":{""catalytic_motif_min_ca_distance_8act_mean_ab"":""missing_in_frozen_analysis_table"",""grantham_distance"":""missing_in_frozen_analysis_table""},""M493I"":{""catalytic_motif_min_ca_distance_8act_mean_ab"":""missing_in_frozen_analysis_table"",""grantham_distance"":""missing_in_frozen_analysis_table""},""P710R"":{""catalytic_motif_min_ca_distance_8act_mean_ab"":""missing_in_frozen_analysis_table"",""grantham_distance"":""missing_in_frozen_analysis_table""},""R671C"":{""catalytic_motif_min_ca_distance_8act_mean_ab"":""missing_in_frozen_analysis_table"",""grantham_distance"":""missing_in_frozen_analysis_table""}}",0,,,,0.38025648684,-0.0347998233885,estimated,estimated,,,1,1,"{""grantham_distance"":46.768752137197204}","{""catalytic_motif_min_ca_distance_8act_mean_ab"":20.218423450702087}",0.358883764124,-0.0346765418812,estimated,,,not_applicable_feature_pair,0.368427694581,0.423581503926,-0.0640624197314,0.0198282413274,17,,,,,not_applicable_feature_pair,"Descriptive only; heterogeneous assays, shared measurements and static WT annotations; no p-value, mechanism, interaction attribution or predictive accuracy; deletion ranges are not confidence intervals","This row compares amino-acid chemistry difference with distance to the catalytic motif across 17 complete variants. Spearman summarizes increasing or decreasing rank patterns, while the distance scores also describe curved patterns. These exploratory scores do not establish a biological mechanism."
C074,feature_feature,historical_pair,grantham_distance,wt_site_rsa_8act_mean_ab,grantham_distance,wt_site_rsa_8act_mean_ab,1,1,spearman_tie_aware,estimated,-0.11001106767,rho,-0.11001106767,,,,-0.371389622319,0.0302613766334,,,14,A797T|D778V|E497D|F834L|G768R|H251N|I457T|L781P|R249Q|R403Q|R663H|R719W|S782N|Y115H,22,8,D239N|D382Y|G741R|I467V|M493I|P710R|R453C|R671C,"{""D239N"":[""wt_site_rsa_8act_mean_ab""],""D382Y"":[""grantham_distance""],""G741R"":[""wt_site_rsa_8act_mean_ab""],""I467V"":[""grantham_distance"",""wt_site_rsa_8act_mean_ab""],""M493I"":[""grantham_distance"",""wt_site_rsa_8act_mean_ab""],""P710R"":[""grantham_distance""],""R453C"":[""wt_site_rsa_8act_mean_ab""],""R671C"":[""grantham_distance"",""wt_site_rsa_8act_mean_ab""]}","{""D239N"":{""wt_site_rsa_8act_mean_ab"":""missing_in_frozen_analysis_table""},""D382Y"":{""grantham_distance"":""missing_in_frozen_analysis_table""},""G741R"":{""wt_site_rsa_8act_mean_ab"":""missing_in_frozen_analysis_table""},""I467V"":{""grantham_distance"":""missing_in_frozen_analysis_table"",""wt_site_rsa_8act_mean_ab"":""missing_in_frozen_analysis_table""},""M493I"":{""grantham_distance"":""missing_in_frozen_analysis_table"",""wt_site_rsa_8act_mean_ab"":""missing_in_frozen_analysis_table""},""P710R"":{""grantham_distance"":""missing_in_frozen_analysis_table""},""R453C"":{""wt_site_rsa_8act_mean_ab"":""missing_in_frozen_analysis_table""},""R671C"":{""grantham_distance"":""missing_in_frozen_analysis_table"",""wt_site_rsa_8act_mean_ab"":""missing_in_frozen_analysis_table""}}",0,,,,0.431851803694,-0.0469545331595,estimated,estimated,,,1,1,"{""grantham_distance"":38.009541890494745}","{""wt_site_rsa_8act_mean_ab"":0.19579826263837236}",0.466267165948,0.0420345263316,estimated,,,not_applicable_feature_pair,0.408769625327,0.553508589315,-0.0858236078988,0.0596881505183,14,,,,,not_applicable_feature_pair,"Descriptive only; heterogeneous assays, shared measurements and static WT annotations; no p-value, mechanism, interaction attribution or predictive accuracy; deletion ranges are not confidence intervals","This row compares amino-acid chemistry difference with wild-type site solvent exposure across 14 complete variants. Spearman summarizes increasing or decreasing rank patterns, while the distance scores also describe curved patterns. These exploratory scores do not establish a biological mechanism."
C075,feature_feature,historical_pair,grantham_distance,ihm_interface_flag_8act,grantham_distance,ihm_interface_flag_8act,1,1,median_flag1_minus_flag0,fragile_group_n_lt2,-25,Grantham_1974_score,,binary_original_is_median_difference,13,1,-32.5,-20,,,14,A797T|D778V|E497D|F834L|G768R|H251N|I457T|L781P|R249Q|R403Q|R663H|R719W|S782N|Y115H,22,8,D239N|D382Y|G741R|I467V|M493I|P710R|R453C|R671C,"{""D239N"":[""ihm_interface_flag_8act""],""D382Y"":[""grantham_distance""],""G741R"":[""ihm_interface_flag_8act""],""I467V"":[""grantham_distance"",""ihm_interface_flag_8act""],""M493I"":[""grantham_distance"",""ihm_interface_flag_8act""],""P710R"":[""grantham_distance""],""R453C"":[""ihm_interface_flag_8act""],""R671C"":[""grantham_distance"",""ihm_interface_flag_8act""]}","{""D239N"":{""ihm_interface_flag_8act"":""missing_in_frozen_analysis_table""},""D382Y"":{""grantham_distance"":""missing_in_frozen_analysis_table""},""G741R"":{""ihm_interface_flag_8act"":""missing_in_frozen_analysis_table""},""I467V"":{""grantham_distance"":""missing_in_frozen_analysis_table"",""ihm_interface_flag_8act"":""missing_in_frozen_analysis_table""},""M493I"":{""grantham_distance"":""missing_in_frozen_analysis_table"",""ihm_interface_flag_8act"":""missing_in_frozen_analysis_table""},""P710R"":{""grantham_distance"":""missing_in_frozen_analysis_table""},""R453C"":{""ihm_interface_flag_8act"":""missing_in_frozen_analysis_table""},""R671C"":{""grantham_distance"":""missing_in_frozen_analysis_table"",""ihm_interface_flag_8act"":""missing_in_frozen_analysis_table""}}",0,,,,0.28023682842,,estimated,zero_u_distance_variance,,,1,1,"{""grantham_distance"":38.009541890494745}","{""ihm_interface_flag_8act"":0.26726124191242434}",0.341338790438,,zero_u_distance_variance,,,not_applicable_feature_pair,0.271272857283,0.315032183438,,,0,,,,,not_applicable_feature_pair,"Descriptive only; heterogeneous assays, shared measurements and static WT annotations; no p-value, mechanism, interaction attribution or predictive accuracy; deletion ranges are not confidence intervals","This row compares amino-acid chemistry difference with wild-type IHM-interface flag across 14 measured variants. The earlier score is a binary-group median difference, while distance scores describe dependence without an increasing or decreasing direction. A singleton group makes the U score undefined, and shared study context limits interpretation."
C076,feature_feature,historical_pair,catalytic_motif_min_ca_distance_8act_mean_ab,wt_site_rsa_8act_mean_ab,catalytic_motif_min_ca_distance_8act_mean_ab,wt_site_rsa_8act_mean_ab,1,1,spearman_tie_aware,estimated,0.226373626374,rho,0.226373626374,,,,0.0824175824176,0.368131868132,,,14,A797T|D778V|E497D|F834L|G768R|H251N|I457T|L781P|R249Q|R403Q|R663H|R719W|S782N|Y115H,22,8,D239N|D382Y|G741R|I467V|M493I|P710R|R453C|R671C,"{""D239N"":[""wt_site_rsa_8act_mean_ab""],""D382Y"":[""catalytic_motif_min_ca_distance_8act_mean_ab""],""G741R"":[""wt_site_rsa_8act_mean_ab""],""I467V"":[""catalytic_motif_min_ca_distance_8act_mean_ab"",""wt_site_rsa_8act_mean_ab""],""M493I"":[""catalytic_motif_min_ca_distance_8act_mean_ab"",""wt_site_rsa_8act_mean_ab""],""P710R"":[""catalytic_motif_min_ca_distance_8act_mean_ab""],""R453C"":[""wt_site_rsa_8act_mean_ab""],""R671C"":[""catalytic_motif_min_ca_distance_8act_mean_ab"",""wt_site_rsa_8act_mean_ab""]}","{""D239N"":{""wt_site_rsa_8act_mean_ab"":""missing_in_frozen_analysis_table""},""D382Y"":{""catalytic_motif_min_ca_distance_8act_mean_ab"":""missing_in_frozen_analysis_table""},""G741R"":{""wt_site_rsa_8act_mean_ab"":""missing_in_frozen_analysis_table""},""I467V"":{""catalytic_motif_min_ca_distance_8act_mean_ab"":""missing_in_frozen_analysis_table"",""wt_site_rsa_8act_mean_ab"":""missing_in_frozen_analysis_table""},""M493I"":{""catalytic_motif_min_ca_distance_8act_mean_ab"":""missing_in_frozen_analysis_table"",""wt_site_rsa_8act_mean_ab"":""missing_in_frozen_analysis_table""},""P710R"":{""catalytic_motif_min_ca_distance_8act_mean_ab"":""missing_in_frozen_analysis_table""},""R453C"":{""wt_site_rsa_8act_mean_ab"":""missing_in_frozen_analysis_table""},""R671C"":{""catalytic_motif_min_ca_distance_8act_mean_ab"":""missing_in_frozen_analysis_table"",""wt_site_rsa_8act_mean_ab"":""missing_in_frozen_analysis_table""}}",0,,,,0.375169023416,-0.0237754846661,estimated,estimated,,,1,1,"{""catalytic_motif_min_ca_distance_8act_mean_ab"":20.29965756515351}","{""wt_site_rsa_8act_mean_ab"":0.19579826263837236}",0.405184120732,-0.024975024975,estimated,,,not_applicable_feature_pair,0.357310921948,0.460623580039,-0.0696881094369,0.067398925899,14,,,,,not_applicable_feature_pair,"Descriptive only; heterogeneous assays, shared measurements and static WT annotations; no p-value, mechanism, interaction attribution or predictive accuracy; deletion ranges are not confidence intervals","This row compares distance to the catalytic motif with wild-type site solvent exposure across 14 complete variants. Spearman summarizes increasing or decreasing rank patterns, while the distance scores also describe curved patterns. These exploratory scores do not establish a biological mechanism."
C077,feature_feature,historical_pair,catalytic_motif_min_ca_distance_8act_mean_ab,ihm_interface_flag_8act,catalytic_motif_min_ca_distance_8act_mean_ab,ihm_interface_flag_8act,1,1,median_flag1_minus_flag0,fragile_group_n_lt2,6.04516342254,angstrom,,binary_original_is_median_difference,13,1,2.36207697061,8.37261506084,,,14,A797T|D778V|E497D|F834L|G768R|H251N|I457T|L781P|R249Q|R403Q|R663H|R719W|S782N|Y115H,22,8,D239N|D382Y|G741R|I467V|M493I|P710R|R453C|R671C,"{""D239N"":[""ihm_interface_flag_8act""],""D382Y"":[""catalytic_motif_min_ca_distance_8act_mean_ab""],""G741R"":[""ihm_interface_flag_8act""],""I467V"":[""catalytic_motif_min_ca_distance_8act_mean_ab"",""ihm_interface_flag_8act""],""M493I"":[""catalytic_motif_min_ca_distance_8act_mean_ab"",""ihm_interface_flag_8act""],""P710R"":[""catalytic_motif_min_ca_distance_8act_mean_ab""],""R453C"":[""ihm_interface_flag_8act""],""R671C"":[""catalytic_motif_min_ca_distance_8act_mean_ab"",""ihm_interface_flag_8act""]}","{""D239N"":{""ihm_interface_flag_8act"":""missing_in_frozen_analysis_table""},""D382Y"":{""catalytic_motif_min_ca_distance_8act_mean_ab"":""missing_in_frozen_analysis_table""},""G741R"":{""ihm_interface_flag_8act"":""missing_in_frozen_analysis_table""},""I467V"":{""catalytic_motif_min_ca_distance_8act_mean_ab"":""missing_in_frozen_analysis_table"",""ihm_interface_flag_8act"":""missing_in_frozen_analysis_table""},""M493I"":{""catalytic_motif_min_ca_distance_8act_mean_ab"":""missing_in_frozen_analysis_table"",""ihm_interface_flag_8act"":""missing_in_frozen_analysis_table""},""P710R"":{""catalytic_motif_min_ca_distance_8act_mean_ab"":""missing_in_frozen_analysis_table""},""R453C"":{""ihm_interface_flag_8act"":""missing_in_frozen_analysis_table""},""R671C"":{""catalytic_motif_min_ca_distance_8act_mean_ab"":""missing_in_frozen_analysis_table"",""ihm_interface_flag_8act"":""missing_in_frozen_analysis_table""}}",0,,,,0.237623240909,,estimated,zero_u_distance_variance,,,1,1,"{""catalytic_motif_min_ca_distance_8act_mean_ab"":20.29965756515351}","{""ihm_interface_flag_8act"":0.26726124191242434}",0.247079404226,,zero_u_distance_variance,,,not_applicable_feature_pair,0.234905955361,0.279145229973,,,0,,,,,not_applicable_feature_pair,"Descriptive only; heterogeneous assays, shared measurements and static WT annotations; no p-value, mechanism, interaction attribution or predictive accuracy; deletion ranges are not confidence intervals","This row compares distance to the catalytic motif with wild-type IHM-interface flag across 14 measured variants. The earlier score is a binary-group median difference, while distance scores describe dependence without an increasing or decreasing direction. A singleton group makes the U score undefined, and shared study context limits interpretation."
C078,feature_feature,historical_pair,wt_site_rsa_8act_mean_ab,ihm_interface_flag_8act,wt_site_rsa_8act_mean_ab,ihm_interface_flag_8act,1,1,median_flag1_minus_flag0,estimated,0.05143361466,fraction_0_to_1,,binary_original_is_median_difference,14,2,0.0266030684495,0.0762641608705,,,16,A797T|D382Y|D778V|E497D|F834L|G768R|H251N|I457T|L781P|P710R|R249Q|R403Q|R663H|R719W|S782N|Y115H,22,6,D239N|G741R|I467V|M493I|R453C|R671C,"{""D239N"":[""wt_site_rsa_8act_mean_ab"",""ihm_interface_flag_8act""],""G741R"":[""wt_site_rsa_8act_mean_ab"",""ihm_interface_flag_8act""],""I467V"":[""wt_site_rsa_8act_mean_ab"",""ihm_interface_flag_8act""],""M493I"":[""wt_site_rsa_8act_mean_ab"",""ihm_interface_flag_8act""],""R453C"":[""wt_site_rsa_8act_mean_ab"",""ihm_interface_flag_8act""],""R671C"":[""wt_site_rsa_8act_mean_ab"",""ihm_interface_flag_8act""]}","{""D239N"":{""ihm_interface_flag_8act"":""missing_in_frozen_analysis_table"",""wt_site_rsa_8act_mean_ab"":""missing_in_frozen_analysis_table""},""G741R"":{""ihm_interface_flag_8act"":""missing_in_frozen_analysis_table"",""wt_site_rsa_8act_mean_ab"":""missing_in_frozen_analysis_table""},""I467V"":{""ihm_interface_flag_8act"":""missing_in_frozen_analysis_table"",""wt_site_rsa_8act_mean_ab"":""missing_in_frozen_analysis_table""},""M493I"":{""ihm_interface_flag_8act"":""missing_in_frozen_analysis_table"",""wt_site_rsa_8act_mean_ab"":""missing_in_frozen_analysis_table""},""R453C"":{""ihm_interface_flag_8act"":""missing_in_frozen_analysis_table"",""wt_site_rsa_8act_mean_ab"":""missing_in_frozen_analysis_table""},""R671C"":{""ihm_interface_flag_8act"":""missing_in_frozen_analysis_table"",""wt_site_rsa_8act_mean_ab"":""missing_in_frozen_analysis_table""}}",0,,,,0.263353007069,0.0291148052559,estimated,estimated,,,1,1,"{""wt_site_rsa_8act_mean_ab"":0.18427222470229557}","{""ihm_interface_flag_8act"":0.3415650255319866}",0.285764364837,0.0163889768956,estimated,,,not_applicable_feature_pair,0.206608315561,0.29823658307,0.02486324532,0.03996855599,14,,,,,not_applicable_feature_pair,"Descriptive only; heterogeneous assays, shared measurements and static WT annotations; no p-value, mechanism, interaction attribution or predictive accuracy; deletion ranges are not confidence intervals","This row compares wild-type site solvent exposure with wild-type IHM-interface flag across 16 measured variants. The earlier score is a binary-group median difference, while distance scores describe dependence without an increasing or decreasing direction. Sparse binary groups and shared study context limit interpretation."
B001,block_outcome,primary_block,chemistry,kcat_rel,delta_charge|grantham_distance,kcat_rel,2,1,not_applicable_multivariate_block,,,,,multivariate_vector_has_no_single_rho,,,,,,,17,A797T|D239N|D778V|E497D|F834L|G741R|G768R|H251N|I457T|L781P|R249Q|R403Q|R453C|R663H|R719W|S782N|Y115H,22,5,D382Y|I467V|M493I|P710R|R671C,"{""D382Y"":[""grantham_distance"",""kcat_rel""],""I467V"":[""delta_charge"",""grantham_distance"",""kcat_rel""],""M493I"":[""delta_charge"",""grantham_distance"",""kcat_rel""],""P710R"":[""grantham_distance"",""kcat_rel""],""R671C"":[""delta_charge"",""grantham_distance"",""kcat_rel""]}","{""D382Y"":{""grantham_distance"":""missing_in_frozen_analysis_table""},""I467V"":{""delta_charge"":""missing_in_frozen_analysis_table"",""grantham_distance"":""missing_in_frozen_analysis_table""},""M493I"":{""delta_charge"":""missing_in_frozen_analysis_table"",""grantham_distance"":""missing_in_frozen_analysis_table""},""P710R"":{""grantham_distance"":""missing_in_frozen_analysis_table""},""R671C"":{""delta_charge"":""missing_in_frozen_analysis_table"",""grantham_distance"":""missing_in_frozen_analysis_table""}}",9,adhikari2016|adhikari2019|kawana2017|morck2022|nag2015|nandwani2025|pathak2026|sarkar2020|sommese2013,,adhikari2016:2|adhikari2019:2|kawana2017:2|morck2022:5|nag2015:1|nandwani2025:2|pathak2026:1|sarkar2020:1|sommese2013:1,0.451018295029,-0.0291722936024,estimated,estimated,,,2,1,"{""delta_charge"":0.7475450015964021,""grantham_distance"":46.768752137197204}",{},0.451365744816,-0.015405843396,estimated,0.467191928303,-0.0310274574447,estimated,0.389308685344,0.503622713457,-0.0854524005683,0.018590564768,17,0.389308685344,0.576021474477,-0.0854524005683,0.0882182579149,9,"Descriptive only; heterogeneous assays, shared measurements and static WT annotations; no p-value, mechanism, interaction attribution or predictive accuracy; deletion ranges are not confidence intervals","This row compares the chemistry feature block with relative catalytic turnover across 17 complete variants. The distance scores describe the block jointly and do not identify an individual feature or prove an interaction. Small cohorts, missing measurements and shared studies limit interpretation."
B002,block_outcome,primary_block,chemistry,Na_rel,delta_charge|grantham_distance,Na_rel,2,1,not_applicable_multivariate_block,,,,,multivariate_vector_has_no_single_rho,,,,,,,14,A797T|D778V|E497D|F834L|G768R|H251N|I457T|L781P|R249Q|R403Q|R663H|R719W|S782N|Y115H,22,8,D239N|D382Y|G741R|I467V|M493I|P710R|R453C|R671C,"{""D239N"":[""Na_rel""],""D382Y"":[""grantham_distance""],""G741R"":[""Na_rel""],""I467V"":[""delta_charge"",""grantham_distance"",""Na_rel""],""M493I"":[""delta_charge"",""grantham_distance"",""Na_rel""],""P710R"":[""grantham_distance""],""R453C"":[""Na_rel""],""R671C"":[""delta_charge"",""grantham_distance"",""Na_rel""]}","{""D382Y"":{""grantham_distance"":""missing_in_frozen_analysis_table""},""I467V"":{""delta_charge"":""missing_in_frozen_analysis_table"",""grantham_distance"":""missing_in_frozen_analysis_table""},""M493I"":{""delta_charge"":""missing_in_frozen_analysis_table"",""grantham_distance"":""missing_in_frozen_analysis_table""},""P710R"":{""grantham_distance"":""missing_in_frozen_analysis_table""},""R671C"":{""delta_charge"":""missing_in_frozen_analysis_table"",""grantham_distance"":""missing_in_frozen_analysis_table""}}",5,adhikari2019|morck2022|nandwani2025|pathak2026|sarkar2020,,adhikari2019:4|morck2022:5|nandwani2025:2|pathak2026:1|sarkar2020:2,0.358839308016,-0.165584666218,estimated,estimated,,,2,1,"{""delta_charge"":0.6629935441317958,""grantham_distance"":38.009541890494745}",{},0.341581214054,-0.167291715093,estimated,0.36034026674,-0.169477117101,estimated,0.346198083857,0.448958117956,-0.195397863258,-0.125531983215,14,0.360099866301,0.515889067983,-0.182539200967,-0.122164184857,5,"Descriptive only; heterogeneous assays, shared measurements and static WT annotations; no p-value, mechanism, interaction attribution or predictive accuracy; deletion ranges are not confidence intervals","This row compares the chemistry feature block with relative available heads across 14 complete variants. The distance scores describe the block jointly and do not identify an individual feature or prove an interaction. Small cohorts, missing measurements and shared studies limit interpretation."
B003,block_outcome,primary_block,chemistry,v_rel,delta_charge|grantham_distance,v_rel,2,1,not_applicable_multivariate_block,,,,,multivariate_vector_has_no_single_rho,,,,,,,14,A797T|D239N|D778V|E497D|F834L|G768R|H251N|I457T|L781P|R403Q|R453C|R663H|S782N|Y115H,22,8,D382Y|G741R|I467V|M493I|P710R|R249Q|R671C|R719W,"{""D382Y"":[""grantham_distance"",""v_rel""],""G741R"":[""v_rel""],""I467V"":[""delta_charge"",""grantham_distance"",""v_rel""],""M493I"":[""delta_charge"",""grantham_distance"",""v_rel""],""P710R"":[""grantham_distance""],""R249Q"":[""v_rel""],""R671C"":[""delta_charge"",""grantham_distance"",""v_rel""],""R719W"":[""v_rel""]}","{""D382Y"":{""grantham_distance"":""missing_in_frozen_analysis_table""},""I467V"":{""delta_charge"":""missing_in_frozen_analysis_table"",""grantham_distance"":""missing_in_frozen_analysis_table""},""M493I"":{""delta_charge"":""missing_in_frozen_analysis_table"",""grantham_distance"":""missing_in_frozen_analysis_table""},""P710R"":{""grantham_distance"":""missing_in_frozen_analysis_table""},""R671C"":{""delta_charge"":""missing_in_frozen_analysis_table"",""grantham_distance"":""missing_in_frozen_analysis_table""}}",8,adhikari2016|adhikari2019|morck2022|nag2015|nandwani2025|pathak2026|sarkar2020|sommese2013,,adhikari2016:2|adhikari2019:1|morck2022:5|nag2015:1|nandwani2025:2|pathak2026:1|sarkar2020:1|sommese2013:1,0.516411310958,-0.0322101663307,estimated,estimated,,,2,1,"{""delta_charge"":0.6793662204867574,""grantham_distance"":48.80601881456295}",{},0.516490977601,2.86815647708e-05,estimated,0.55504756571,-0.0209584668229,estimated,0.505543068554,0.608696157478,-0.0911947454161,0.0398979949559,14,0.505543068554,0.608696157478,-0.0911947454161,0.0398979949559,8,"Descriptive only; heterogeneous assays, shared measurements and static WT annotations; no p-value, mechanism, interaction attribution or predictive accuracy; deletion ranges are not confidence intervals","This row compares the chemistry feature block with relative unloaded velocity across 14 complete variants. The distance scores describe the block jointly and do not identify an individual feature or prove an interaction. Small cohorts, missing measurements and shared studies limit interpretation."
B004,block_outcome,primary_block,adp_geometry,kcat_rel,adp_rigor_ca_shift_A|adp_adenine_ca_distance_8efe_A,kcat_rel,2,1,not_applicable_multivariate_block,,,,,multivariate_vector_has_no_single_rho,,,,,,,15,D239N|D778V|E497D|G741R|G768R|H251N|I457T|L781P|R249Q|R403Q|R453C|R663H|R719W|S782N|Y115H,22,7,A797T|D382Y|F834L|I467V|M493I|P710R|R671C,"{""A797T"":[""adp_rigor_ca_shift_A"",""adp_adenine_ca_distance_8efe_A""],""D382Y"":[""kcat_rel""],""F834L"":[""adp_rigor_ca_shift_A"",""adp_adenine_ca_distance_8efe_A""],""I467V"":[""kcat_rel""],""M493I"":[""kcat_rel""],""P710R"":[""kcat_rel""],""R671C"":[""kcat_rel""]}","{""A797T"":{""adp_adenine_ca_distance_8efe_A"":""site_not_observed_in_8EFE"",""adp_rigor_ca_shift_A"":""site_not_observed_in_8EFE_or_8EFD""},""F834L"":{""adp_adenine_ca_distance_8efe_A"":""site_not_observed_in_8EFE"",""adp_rigor_ca_shift_A"":""site_not_observed_in_8EFE_or_8EFD""}}",9,adhikari2016|adhikari2019|kawana2017|morck2022|nag2015|nandwani2025|pathak2026|sarkar2020|sommese2013,,adhikari2016:2|adhikari2019:2|kawana2017:2|morck2022:3|nag2015:1|nandwani2025:2|pathak2026:1|sarkar2020:1|sommese2013:1,0.444401960677,0.0344407555336,estimated,estimated,,,2,1,"{""adp_adenine_ca_distance_8efe_A"":12.966970870664746,""adp_rigor_ca_shift_A"":3.8528847133251016}",{},0.401021283666,-0.0536071680927,estimated,0.433389009418,0.0225101736029,estimated,0.414457374255,0.520391063347,-0.0273228165075,0.108695031812,15,0.398245140438,0.522375136147,-0.041499914715,0.0791349031365,9,"Descriptive only; heterogeneous assays, shared measurements and static WT annotations; no p-value, mechanism, interaction attribution or predictive accuracy; deletion ranges are not confidence intervals","This row compares the ADP geometry feature block with relative catalytic turnover across 15 complete variants. The distance scores describe the block jointly and do not identify an individual feature or prove an interaction. Small cohorts, missing measurements and shared studies limit interpretation."
B005,block_outcome,primary_block,adp_geometry,Na_rel,adp_rigor_ca_shift_A|adp_adenine_ca_distance_8efe_A,Na_rel,2,1,not_applicable_multivariate_block,,,,,multivariate_vector_has_no_single_rho,,,,,,,14,D382Y|D778V|E497D|G768R|H251N|I457T|L781P|P710R|R249Q|R403Q|R663H|R719W|S782N|Y115H,22,8,A797T|D239N|F834L|G741R|I467V|M493I|R453C|R671C,"{""A797T"":[""adp_rigor_ca_shift_A"",""adp_adenine_ca_distance_8efe_A""],""D239N"":[""Na_rel""],""F834L"":[""adp_rigor_ca_shift_A"",""adp_adenine_ca_distance_8efe_A""],""G741R"":[""Na_rel""],""I467V"":[""Na_rel""],""M493I"":[""Na_rel""],""R453C"":[""Na_rel""],""R671C"":[""Na_rel""]}","{""A797T"":{""adp_adenine_ca_distance_8efe_A"":""site_not_observed_in_8EFE"",""adp_rigor_ca_shift_A"":""site_not_observed_in_8EFE_or_8EFD""},""F834L"":{""adp_adenine_ca_distance_8efe_A"":""site_not_observed_in_8EFE"",""adp_rigor_ca_shift_A"":""site_not_observed_in_8EFE_or_8EFD""}}",6,adhikari2019|morck2022|nandwani2025|pathak2026|sarkar2020|vanderroest2021,,adhikari2019:5|morck2022:3|nandwani2025:2|pathak2026:1|sarkar2020:2|vanderroest2021:1,0.420891646909,-0.0555988095223,estimated,estimated,,,2,1,"{""adp_adenine_ca_distance_8efe_A"":11.726707713953315,""adp_rigor_ca_shift_A"":3.773959292993345}",{},0.413428971133,-0.0700361982252,estimated,0.430368617288,-0.0476847595955,estimated,0.415483216049,0.484491612288,-0.081093034457,0.0197981670297,14,0.416015272372,0.610382612672,-0.0851413339769,0.109976429656,6,"Descriptive only; heterogeneous assays, shared measurements and static WT annotations; no p-value, mechanism, interaction attribution or predictive accuracy; deletion ranges are not confidence intervals","This row compares the ADP geometry feature block with relative available heads across 14 complete variants. The distance scores describe the block jointly and do not identify an individual feature or prove an interaction. Small cohorts, missing measurements and shared studies limit interpretation."
B006,block_outcome,primary_block,adp_geometry,v_rel,adp_rigor_ca_shift_A|adp_adenine_ca_distance_8efe_A,v_rel,2,1,not_applicable_multivariate_block,,,,,multivariate_vector_has_no_single_rho,,,,,,,13,D239N|D778V|E497D|G768R|H251N|I457T|L781P|P710R|R403Q|R453C|R663H|S782N|Y115H,22,9,A797T|D382Y|F834L|G741R|I467V|M493I|R249Q|R671C|R719W,"{""A797T"":[""adp_rigor_ca_shift_A"",""adp_adenine_ca_distance_8efe_A""],""D382Y"":[""v_rel""],""F834L"":[""adp_rigor_ca_shift_A"",""adp_adenine_ca_distance_8efe_A""],""G741R"":[""v_rel""],""I467V"":[""v_rel""],""M493I"":[""v_rel""],""R249Q"":[""v_rel""],""R671C"":[""v_rel""],""R719W"":[""v_rel""]}","{""A797T"":{""adp_adenine_ca_distance_8efe_A"":""site_not_observed_in_8EFE"",""adp_rigor_ca_shift_A"":""site_not_observed_in_8EFE_or_8EFD""},""F834L"":{""adp_adenine_ca_distance_8efe_A"":""site_not_observed_in_8EFE"",""adp_rigor_ca_shift_A"":""site_not_observed_in_8EFE_or_8EFD""}}",9,adhikari2016|adhikari2019|morck2022|nag2015|nandwani2025|pathak2026|sarkar2020|sommese2013|vanderroest2021,,adhikari2016:2|adhikari2019:1|morck2022:3|nag2015:1|nandwani2025:2|pathak2026:1|sarkar2020:1|sommese2013:1|vanderroest2021:1,0.486617672939,0.00529682324995,estimated,estimated,,,2,1,"{""adp_adenine_ca_distance_8efe_A"":12.147372114318793,""adp_rigor_ca_shift_A"":3.67758845794947}",{},0.517203690229,0.0524793187347,estimated,0.467229202428,-0.00955024799978,estimated,0.443671215902,0.600124272171,-0.118636249368,0.1536844332,13,0.443671215902,0.710790054539,-0.133943396249,0.342240366021,9,"Descriptive only; heterogeneous assays, shared measurements and static WT annotations; no p-value, mechanism, interaction attribution or predictive accuracy; deletion ranges are not confidence intervals","This row compares the ADP geometry feature block with relative unloaded velocity across 13 complete variants. The distance scores describe the block jointly and do not identify an individual feature or prove an interaction. Small cohorts, missing measurements and shared studies limit interpretation."
B007,block_outcome,primary_block,motor_geometry,kcat_rel,rigor_actin_min_heavy_distance_8efi_A|relay_landmark_min_ca_distance_8act_mean_ab|elc_min_heavy_distance_8act_mean_ab,kcat_rel,3,1,not_applicable_multivariate_block,,,,,multivariate_vector_has_no_single_rho,,,,,,,14,D239N|D778V|E497D|G741R|G768R|H251N|I457T|L781P|R249Q|R403Q|R453C|R663H|R719W|Y115H,22,8,A797T|D382Y|F834L|I467V|M493I|P710R|R671C|S782N,"{""A797T"":[""rigor_actin_min_heavy_distance_8efi_A""],""D382Y"":[""kcat_rel""],""F834L"":[""rigor_actin_min_heavy_distance_8efi_A""],""I467V"":[""kcat_rel""],""M493I"":[""kcat_rel""],""P710R"":[""kcat_rel""],""R671C"":[""kcat_rel""],""S782N"":[""rigor_actin_min_heavy_distance_8efi_A""]}","{""A797T"":{""rigor_actin_min_heavy_distance_8efi_A"":""site_not_observed_in_8EFI""},""F834L"":{""rigor_actin_min_heavy_distance_8efi_A"":""site_not_observed_in_8EFI""},""S782N"":{""rigor_actin_min_heavy_distance_8efi_A"":""site_not_observed_in_8EFI""}}",9,adhikari2016|adhikari2019|kawana2017|morck2022|nag2015|nandwani2025|pathak2026|sarkar2020|sommese2013,,adhikari2016:2|adhikari2019:2|kawana2017:2|morck2022:2|nag2015:1|nandwani2025:2|pathak2026:1|sarkar2020:1|sommese2013:1,0.506678659055,0.0095902635431,estimated,estimated,,,3,1,"{""elc_min_heavy_distance_8act_mean_ab"":14.71921557884904,""relay_landmark_min_ca_distance_8act_mean_ab"":13.238164001974921,""rigor_actin_min_heavy_distance_8efi_A"":14.982045173084966}",{},0.523804885767,0.0080691988465,estimated,0.502184437008,0.010221691479,estimated,0.486645273856,0.568640172901,-0.074419679273,0.0943711793258,14,0.472530585246,0.596031533019,-0.0949079082944,0.0943711793258,9,"Descriptive only; heterogeneous assays, shared measurements and static WT annotations; no p-value, mechanism, interaction attribution or predictive accuracy; deletion ranges are not confidence intervals","This row compares the motor geometry feature block with relative catalytic turnover across 14 complete variants. The distance scores describe the block jointly and do not identify an individual feature or prove an interaction. Small cohorts, missing measurements and shared studies limit interpretation."
B008,block_outcome,primary_block,motor_geometry,Na_rel,rigor_actin_min_heavy_distance_8efi_A|relay_landmark_min_ca_distance_8act_mean_ab|elc_min_heavy_distance_8act_mean_ab,Na_rel,3,1,not_applicable_multivariate_block,,,,,multivariate_vector_has_no_single_rho,,,,,,,13,D382Y|D778V|E497D|G768R|H251N|I457T|L781P|P710R|R249Q|R403Q|R663H|R719W|Y115H,22,9,A797T|D239N|F834L|G741R|I467V|M493I|R453C|R671C|S782N,"{""A797T"":[""rigor_actin_min_heavy_distance_8efi_A""],""D239N"":[""Na_rel""],""F834L"":[""rigor_actin_min_heavy_distance_8efi_A""],""G741R"":[""Na_rel""],""I467V"":[""Na_rel""],""M493I"":[""Na_rel""],""R453C"":[""Na_rel""],""R671C"":[""Na_rel""],""S782N"":[""rigor_actin_min_heavy_distance_8efi_A""]}","{""A797T"":{""rigor_actin_min_heavy_distance_8efi_A"":""site_not_observed_in_8EFI""},""F834L"":{""rigor_actin_min_heavy_distance_8efi_A"":""site_not_observed_in_8EFI""},""S782N"":{""rigor_actin_min_heavy_distance_8efi_A"":""site_not_observed_in_8EFI""}}",6,adhikari2019|morck2022|nandwani2025|pathak2026|sarkar2020|vanderroest2021,,adhikari2019:5|morck2022:2|nandwani2025:2|pathak2026:1|sarkar2020:2|vanderroest2021:1,0.452552099957,-0.0375080207414,estimated,estimated,,,3,1,"{""elc_min_heavy_distance_8act_mean_ab"":17.725422748687325,""relay_landmark_min_ca_distance_8act_mean_ab"":17.78257489194021,""rigor_actin_min_heavy_distance_8efi_A"":14.858079860004867}",{},0.498089518266,-0.0462983688607,estimated,0.449741395522,-0.03682480231,estimated,0.442437066797,0.486855873641,-0.111953712231,-0.0126369043253,13,0.456958194531,0.565498792194,-0.150792313444,0.0719592568553,6,"Descriptive only; heterogeneous assays, shared measurements and static WT annotations; no p-value, mechanism, interaction attribution or predictive accuracy; deletion ranges are not confidence intervals","This row compares the motor geometry feature block with relative available heads across 13 complete variants. The distance scores describe the block jointly and do not identify an individual feature or prove an interaction. Small cohorts, missing measurements and shared studies limit interpretation."
B009,block_outcome,primary_block,motor_geometry,v_rel,rigor_actin_min_heavy_distance_8efi_A|relay_landmark_min_ca_distance_8act_mean_ab|elc_min_heavy_distance_8act_mean_ab,v_rel,3,1,not_applicable_multivariate_block,,,,,multivariate_vector_has_no_single_rho,,,,,,,12,D239N|D778V|E497D|G768R|H251N|I457T|L781P|P710R|R403Q|R453C|R663H|Y115H,22,10,A797T|D382Y|F834L|G741R|I467V|M493I|R249Q|R671C|R719W|S782N,"{""A797T"":[""rigor_actin_min_heavy_distance_8efi_A""],""D382Y"":[""v_rel""],""F834L"":[""rigor_actin_min_heavy_distance_8efi_A""],""G741R"":[""v_rel""],""I467V"":[""v_rel""],""M493I"":[""v_rel""],""R249Q"":[""v_rel""],""R671C"":[""v_rel""],""R719W"":[""v_rel""],""S782N"":[""rigor_actin_min_heavy_distance_8efi_A""]}","{""A797T"":{""rigor_actin_min_heavy_distance_8efi_A"":""site_not_observed_in_8EFI""},""F834L"":{""rigor_actin_min_heavy_distance_8efi_A"":""site_not_observed_in_8EFI""},""S782N"":{""rigor_actin_min_heavy_distance_8efi_A"":""site_not_observed_in_8EFI""}}",9,adhikari2016|adhikari2019|morck2022|nag2015|nandwani2025|pathak2026|sarkar2020|sommese2013|vanderroest2021,,adhikari2016:2|adhikari2019:1|morck2022:2|nag2015:1|nandwani2025:2|pathak2026:1|sarkar2020:1|sommese2013:1|vanderroest2021:1,0.538074338805,0.0690159975003,estimated,estimated,,,3,1,"{""elc_min_heavy_distance_8act_mean_ab"":15.309533856474925,""relay_landmark_min_ca_distance_8act_mean_ab"":14.925298142089884,""rigor_actin_min_heavy_distance_8efi_A"":13.146174679384965}",{},0.613347847512,0.125482564193,estimated,0.558419519376,0.1358942746,estimated,0.504347535734,0.608089334864,-0.0439966107256,0.204308144018,12,0.504347535734,0.608089334864,-0.0439966107256,0.202619224971,9,"Descriptive only; heterogeneous assays, shared measurements and static WT annotations; no p-value, mechanism, interaction attribution or predictive accuracy; deletion ranges are not confidence intervals","This row compares the motor geometry feature block with relative unloaded velocity across 12 complete variants. The distance scores describe the block jointly and do not identify an individual feature or prove an interaction. Small cohorts, missing measurements and shared studies limit interpretation."
B010,block_outcome,all_feature_sensitivity,all_features,kcat_rel,adp_rigor_ca_shift_A|adp_adenine_ca_distance_8efe_A|rigor_actin_min_heavy_distance_8efi_A|relay_landmark_min_ca_distance_8act_mean_ab|elc_min_heavy_distance_8act_mean_ab|delta_charge|grantham_distance|catalytic_motif_min_ca_distance_8act_mean_ab|wt_site_rsa_8act_mean_ab|ihm_interface_flag_8act,kcat_rel,10,1,not_applicable_multivariate_block,,,,,multivariate_vector_has_no_single_rho,,,,,,,11,D778V|E497D|G768R|H251N|I457T|L781P|R249Q|R403Q|R663H|R719W|Y115H,22,11,A797T|D239N|D382Y|F834L|G741R|I467V|M493I|P710R|R453C|R671C|S782N,"{""A797T"":[""adp_rigor_ca_shift_A"",""adp_adenine_ca_distance_8efe_A"",""rigor_actin_min_heavy_distance_8efi_A""],""D239N"":[""wt_site_rsa_8act_mean_ab"",""ihm_interface_flag_8act""],""D382Y"":[""grantham_distance"",""catalytic_motif_min_ca_distance_8act_mean_ab"",""kcat_rel""],""F834L"":[""adp_rigor_ca_shift_A"",""adp_adenine_ca_distance_8efe_A"",""rigor_actin_min_heavy_distance_8efi_A""],""G741R"":[""wt_site_rsa_8act_mean_ab"",""ihm_interface_flag_8act""],""I467V"":[""delta_charge"",""grantham_distance"",""catalytic_motif_min_ca_distance_8act_mean_ab"",""wt_site_rsa_8act_mean_ab"",""ihm_interface_flag_8act"",""kcat_rel""],""M493I"":[""delta_charge"",""grantham_distance"",""catalytic_motif_min_ca_distance_8act_mean_ab"",""wt_site_rsa_8act_mean_ab"",""ihm_interface_flag_8act"",""kcat_rel""],""P710R"":[""grantham_distance"",""catalytic_motif_min_ca_distance_8act_mean_ab"",""kcat_rel""],""R453C"":[""wt_site_rsa_8act_mean_ab"",""ihm_interface_flag_8act""],""R671C"":[""delta_charge"",""grantham_distance"",""catalytic_motif_min_ca_distance_8act_mean_ab"",""wt_site_rsa_8act_mean_ab"",""ihm_interface_flag_8act"",""kcat_rel""],""S782N"":[""rigor_actin_min_heavy_distance_8efi_A""]}","{""A797T"":{""adp_adenine_ca_distance_8efe_A"":""site_not_observed_in_8EFE"",""adp_rigor_ca_shift_A"":""site_not_observed_in_8EFE_or_8EFD"",""rigor_actin_min_heavy_distance_8efi_A"":""site_not_observed_in_8EFI""},""D239N"":{""ihm_interface_flag_8act"":""missing_in_frozen_analysis_table"",""wt_site_rsa_8act_mean_ab"":""missing_in_frozen_analysis_table""},""D382Y"":{""catalytic_motif_min_ca_distance_8act_mean_ab"":""missing_in_frozen_analysis_table"",""grantham_distance"":""missing_in_frozen_analysis_table""},""F834L"":{""adp_adenine_ca_distance_8efe_A"":""site_not_observed_in_8EFE"",""adp_rigor_ca_shift_A"":""site_not_observed_in_8EFE_or_8EFD"",""rigor_actin_min_heavy_distance_8efi_A"":""site_not_observed_in_8EFI""},""G741R"":{""ihm_interface_flag_8act"":""missing_in_frozen_analysis_table"",""wt_site_rsa_8act_mean_ab"":""missing_in_frozen_analysis_table""},""I467V"":{""catalytic_motif_min_ca_distance_8act_mean_ab"":""missing_in_frozen_analysis_table"",""delta_charge"":""missing_in_frozen_analysis_table"",""grantham_distance"":""missing_in_frozen_analysis_table"",""ihm_interface_flag_8act"":""missing_in_frozen_analysis_table"",""wt_site_rsa_8act_mean_ab"":""missing_in_frozen_analysis_table""},""M493I"":{""catalytic_motif_min_ca_distance_8act_mean_ab"":""missing_in_frozen_analysis_table"",""delta_charge"":""missing_in_frozen_analysis_table"",""grantham_distance"":""missing_in_frozen_analysis_table"",""ihm_interface_flag_8act"":""missing_in_frozen_analysis_table"",""wt_site_rsa_8act_mean_ab"":""missing_in_frozen_analysis_table""},""P710R"":{""catalytic_motif_min_ca_distance_8act_mean_ab"":""missing_in_frozen_analysis_table"",""grantham_distance"":""missing_in_frozen_analysis_table""},""R453C"":{""ihm_interface_flag_8act"":""missing_in_frozen_analysis_table"",""wt_site_rsa_8act_mean_ab"":""missing_in_frozen_analysis_table""},""R671C"":{""catalytic_motif_min_ca_distance_8act_mean_ab"":""missing_in_frozen_analysis_table"",""delta_charge"":""missing_in_frozen_analysis_table"",""grantham_distance"":""missing_in_frozen_analysis_table"",""ihm_interface_flag_8act"":""missing_in_frozen_analysis_table"",""wt_site_rsa_8act_mean_ab"":""missing_in_frozen_analysis_table""},""S782N"":{""rigor_actin_min_heavy_distance_8efi_A"":""site_not_observed_in_8EFI""}}",8,adhikari2016|adhikari2019|kawana2017|morck2022|nag2015|nandwani2025|pathak2026|sarkar2020,,adhikari2016:1|adhikari2019:2|kawana2017:1|morck2022:2|nag2015:1|nandwani2025:2|pathak2026:1|sarkar2020:1,0.56445054718,-0.0574642556771,estimated,estimated,,,10,1,"{""adp_adenine_ca_distance_8efe_A"":12.319688206969175,""adp_rigor_ca_shift_A"":3.7558859295801783,""catalytic_motif_min_ca_distance_8act_mean_ab"":11.068509216837786,""delta_charge"":0.7507571935295484,""elc_min_heavy_distance_8act_mean_ab"":15.215266632195615,""grantham_distance"":38.43246733498314,""ihm_interface_flag_8act"":0.3015113445777636,""relay_landmark_min_ca_distance_8act_mean_ab"":14.415466049455219,""rigor_actin_min_heavy_distance_8efi_A"":15.570085713713711,""wt_site_rsa_8act_mean_ab"":0.21137115428564185}",{},0.59566523297,-0.0556476341483,estimated,0.561099043788,-0.0791504059707,estimated,0.552106580295,0.630073962161,-0.170714282533,0.0694903440224,11,0.552106580295,0.643935207572,-0.156864568264,-0.00130900095739,8,"Descriptive only; heterogeneous assays, shared measurements and static WT annotations; no p-value, mechanism, interaction attribution or predictive accuracy; deletion ranges are not confidence intervals","This row compares the all ten features feature block with relative catalytic turnover across 11 complete variants. The distance scores describe the block jointly and do not identify an individual feature or prove an interaction. Small cohorts, missing measurements and shared studies limit interpretation."
B011,block_outcome,all_feature_sensitivity,all_features,Na_rel,adp_rigor_ca_shift_A|adp_adenine_ca_distance_8efe_A|rigor_actin_min_heavy_distance_8efi_A|relay_landmark_min_ca_distance_8act_mean_ab|elc_min_heavy_distance_8act_mean_ab|delta_charge|grantham_distance|catalytic_motif_min_ca_distance_8act_mean_ab|wt_site_rsa_8act_mean_ab|ihm_interface_flag_8act,Na_rel,10,1,not_applicable_multivariate_block,,,,,multivariate_vector_has_no_single_rho,,,,,,,11,D778V|E497D|G768R|H251N|I457T|L781P|R249Q|R403Q|R663H|R719W|Y115H,22,11,A797T|D239N|D382Y|F834L|G741R|I467V|M493I|P710R|R453C|R671C|S782N,"{""A797T"":[""adp_rigor_ca_shift_A"",""adp_adenine_ca_distance_8efe_A"",""rigor_actin_min_heavy_distance_8efi_A""],""D239N"":[""wt_site_rsa_8act_mean_ab"",""ihm_interface_flag_8act"",""Na_rel""],""D382Y"":[""grantham_distance"",""catalytic_motif_min_ca_distance_8act_mean_ab""],""F834L"":[""adp_rigor_ca_shift_A"",""adp_adenine_ca_distance_8efe_A"",""rigor_actin_min_heavy_distance_8efi_A""],""G741R"":[""wt_site_rsa_8act_mean_ab"",""ihm_interface_flag_8act"",""Na_rel""],""I467V"":[""delta_charge"",""grantham_distance"",""catalytic_motif_min_ca_distance_8act_mean_ab"",""wt_site_rsa_8act_mean_ab"",""ihm_interface_flag_8act"",""Na_rel""],""M493I"":[""delta_charge"",""grantham_distance"",""catalytic_motif_min_ca_distance_8act_mean_ab"",""wt_site_rsa_8act_mean_ab"",""ihm_interface_flag_8act"",""Na_rel""],""P710R"":[""grantham_distance"",""catalytic_motif_min_ca_distance_8act_mean_ab""],""R453C"":[""wt_site_rsa_8act_mean_ab"",""ihm_interface_flag_8act"",""Na_rel""],""R671C"":[""delta_charge"",""grantham_distance"",""catalytic_motif_min_ca_distance_8act_mean_ab"",""wt_site_rsa_8act_mean_ab"",""ihm_interface_flag_8act"",""Na_rel""],""S782N"":[""rigor_actin_min_heavy_distance_8efi_A""]}","{""A797T"":{""adp_adenine_ca_distance_8efe_A"":""site_not_observed_in_8EFE"",""adp_rigor_ca_shift_A"":""site_not_observed_in_8EFE_or_8EFD"",""rigor_actin_min_heavy_distance_8efi_A"":""site_not_observed_in_8EFI""},""D239N"":{""ihm_interface_flag_8act"":""missing_in_frozen_analysis_table"",""wt_site_rsa_8act_mean_ab"":""missing_in_frozen_analysis_table""},""D382Y"":{""catalytic_motif_min_ca_distance_8act_mean_ab"":""missing_in_frozen_analysis_table"",""grantham_distance"":""missing_in_frozen_analysis_table""},""F834L"":{""adp_adenine_ca_distance_8efe_A"":""site_not_observed_in_8EFE"",""adp_rigor_ca_shift_A"":""site_not_observed_in_8EFE_or_8EFD"",""rigor_actin_min_heavy_distance_8efi_A"":""site_not_observed_in_8EFI""},""G741R"":{""ihm_interface_flag_8act"":""missing_in_frozen_analysis_table"",""wt_site_rsa_8act_mean_ab"":""missing_in_frozen_analysis_table""},""I467V"":{""catalytic_motif_min_ca_distance_8act_mean_ab"":""missing_in_frozen_analysis_table"",""delta_charge"":""missing_in_frozen_analysis_table"",""grantham_distance"":""missing_in_frozen_analysis_table"",""ihm_interface_flag_8act"":""missing_in_frozen_analysis_table"",""wt_site_rsa_8act_mean_ab"":""missing_in_frozen_analysis_table""},""M493I"":{""catalytic_motif_min_ca_distance_8act_mean_ab"":""missing_in_frozen_analysis_table"",""delta_charge"":""missing_in_frozen_analysis_table"",""grantham_distance"":""missing_in_frozen_analysis_table"",""ihm_interface_flag_8act"":""missing_in_frozen_analysis_table"",""wt_site_rsa_8act_mean_ab"":""missing_in_frozen_analysis_table""},""P710R"":{""catalytic_motif_min_ca_distance_8act_mean_ab"":""missing_in_frozen_analysis_table"",""grantham_distance"":""missing_in_frozen_analysis_table""},""R453C"":{""ihm_interface_flag_8act"":""missing_in_frozen_analysis_table"",""wt_site_rsa_8act_mean_ab"":""missing_in_frozen_analysis_table""},""R671C"":{""catalytic_motif_min_ca_distance_8act_mean_ab"":""missing_in_frozen_analysis_table"",""delta_charge"":""missing_in_frozen_analysis_table"",""grantham_distance"":""missing_in_frozen_analysis_table"",""ihm_interface_flag_8act"":""missing_in_frozen_analysis_table"",""wt_site_rsa_8act_mean_ab"":""missing_in_frozen_analysis_table""},""S782N"":{""rigor_actin_min_heavy_distance_8efi_A"":""site_not_observed_in_8EFI""}}",5,adhikari2019|morck2022|nandwani2025|pathak2026|sarkar2020,,adhikari2019:4|morck2022:2|nandwani2025:2|pathak2026:1|sarkar2020:2,0.506925792026,-0.21606314819,estimated,estimated,,,10,1,"{""adp_adenine_ca_distance_8efe_A"":12.319688206969175,""adp_rigor_ca_shift_A"":3.7558859295801783,""catalytic_motif_min_ca_distance_8act_mean_ab"":11.068509216837786,""delta_charge"":0.7507571935295484,""elc_min_heavy_distance_8act_mean_ab"":15.215266632195615,""grantham_distance"":38.43246733498314,""ihm_interface_flag_8act"":0.3015113445777636,""relay_landmark_min_ca_distance_8act_mean_ab"":14.415466049455219,""rigor_actin_min_heavy_distance_8efi_A"":15.570085713713711,""wt_site_rsa_8act_mean_ab"":0.21137115428564185}",{},0.541203070997,-0.183292124982,estimated,0.50835574549,-0.215650483965,estimated,0.519159825166,0.562009743692,-0.240618105788,-0.169469401044,11,0.541958578692,0.665383470102,-0.317822095745,-0.123256671033,5,"Descriptive only; heterogeneous assays, shared measurements and static WT annotations; no p-value, mechanism, interaction attribution or predictive accuracy; deletion ranges are not confidence intervals","This row compares the all ten features feature block with relative available heads across 11 complete variants. The distance scores describe the block jointly and do not identify an individual feature or prove an interaction. Small cohorts, missing measurements and shared studies limit interpretation."
B012,block_outcome,all_feature_sensitivity,all_features,v_rel,adp_rigor_ca_shift_A|adp_adenine_ca_distance_8efe_A|rigor_actin_min_heavy_distance_8efi_A|relay_landmark_min_ca_distance_8act_mean_ab|elc_min_heavy_distance_8act_mean_ab|delta_charge|grantham_distance|catalytic_motif_min_ca_distance_8act_mean_ab|wt_site_rsa_8act_mean_ab|ihm_interface_flag_8act,v_rel,10,1,not_applicable_multivariate_block,,,,,multivariate_vector_has_no_single_rho,,,,,,,9,D778V|E497D|G768R|H251N|I457T|L781P|R403Q|R663H|Y115H,22,13,A797T|D239N|D382Y|F834L|G741R|I467V|M493I|P710R|R249Q|R453C|R671C|R719W|S782N,"{""A797T"":[""adp_rigor_ca_shift_A"",""adp_adenine_ca_distance_8efe_A"",""rigor_actin_min_heavy_distance_8efi_A""],""D239N"":[""wt_site_rsa_8act_mean_ab"",""ihm_interface_flag_8act""],""D382Y"":[""grantham_distance"",""catalytic_motif_min_ca_distance_8act_mean_ab"",""v_rel""],""F834L"":[""adp_rigor_ca_shift_A"",""adp_adenine_ca_distance_8efe_A"",""rigor_actin_min_heavy_distance_8efi_A""],""G741R"":[""wt_site_rsa_8act_mean_ab"",""ihm_interface_flag_8act"",""v_rel""],""I467V"":[""delta_charge"",""grantham_distance"",""catalytic_motif_min_ca_distance_8act_mean_ab"",""wt_site_rsa_8act_mean_ab"",""ihm_interface_flag_8act"",""v_rel""],""M493I"":[""delta_charge"",""grantham_distance"",""catalytic_motif_min_ca_distance_8act_mean_ab"",""wt_site_rsa_8act_mean_ab"",""ihm_interface_flag_8act"",""v_rel""],""P710R"":[""grantham_distance"",""catalytic_motif_min_ca_distance_8act_mean_ab""],""R249Q"":[""v_rel""],""R453C"":[""wt_site_rsa_8act_mean_ab"",""ihm_interface_flag_8act""],""R671C"":[""delta_charge"",""grantham_distance"",""catalytic_motif_min_ca_distance_8act_mean_ab"",""wt_site_rsa_8act_mean_ab"",""ihm_interface_flag_8act"",""v_rel""],""R719W"":[""v_rel""],""S782N"":[""rigor_actin_min_heavy_distance_8efi_A""]}","{""A797T"":{""adp_adenine_ca_distance_8efe_A"":""site_not_observed_in_8EFE"",""adp_rigor_ca_shift_A"":""site_not_observed_in_8EFE_or_8EFD"",""rigor_actin_min_heavy_distance_8efi_A"":""site_not_observed_in_8EFI""},""D239N"":{""ihm_interface_flag_8act"":""missing_in_frozen_analysis_table"",""wt_site_rsa_8act_mean_ab"":""missing_in_frozen_analysis_table""},""D382Y"":{""catalytic_motif_min_ca_distance_8act_mean_ab"":""missing_in_frozen_analysis_table"",""grantham_distance"":""missing_in_frozen_analysis_table""},""F834L"":{""adp_adenine_ca_distance_8efe_A"":""site_not_observed_in_8EFE"",""adp_rigor_ca_shift_A"":""site_not_observed_in_8EFE_or_8EFD"",""rigor_actin_min_heavy_distance_8efi_A"":""site_not_observed_in_8EFI""},""G741R"":{""ihm_interface_flag_8act"":""missing_in_frozen_analysis_table"",""wt_site_rsa_8act_mean_ab"":""missing_in_frozen_analysis_table""},""I467V"":{""catalytic_motif_min_ca_distance_8act_mean_ab"":""missing_in_frozen_analysis_table"",""delta_charge"":""missing_in_frozen_analysis_table"",""grantham_distance"":""missing_in_frozen_analysis_table"",""ihm_interface_flag_8act"":""missing_in_frozen_analysis_table"",""wt_site_rsa_8act_mean_ab"":""missing_in_frozen_analysis_table""},""M493I"":{""catalytic_motif_min_ca_distance_8act_mean_ab"":""missing_in_frozen_analysis_table"",""delta_charge"":""missing_in_frozen_analysis_table"",""grantham_distance"":""missing_in_frozen_analysis_table"",""ihm_interface_flag_8act"":""missing_in_frozen_analysis_table"",""wt_site_rsa_8act_mean_ab"":""missing_in_frozen_analysis_table""},""P710R"":{""catalytic_motif_min_ca_distance_8act_mean_ab"":""missing_in_frozen_analysis_table"",""grantham_distance"":""missing_in_frozen_analysis_table""},""R453C"":{""ihm_interface_flag_8act"":""missing_in_frozen_analysis_table"",""wt_site_rsa_8act_mean_ab"":""missing_in_frozen_analysis_table""},""R671C"":{""catalytic_motif_min_ca_distance_8act_mean_ab"":""missing_in_frozen_analysis_table"",""delta_charge"":""missing_in_frozen_analysis_table"",""grantham_distance"":""missing_in_frozen_analysis_table"",""ihm_interface_flag_8act"":""missing_in_frozen_analysis_table"",""wt_site_rsa_8act_mean_ab"":""missing_in_frozen_analysis_table""},""S782N"":{""rigor_actin_min_heavy_distance_8efi_A"":""site_not_observed_in_8EFI""}}",7,adhikari2016|adhikari2019|morck2022|nag2015|nandwani2025|pathak2026|sarkar2020,,adhikari2016:1|adhikari2019:1|morck2022:2|nag2015:1|nandwani2025:2|pathak2026:1|sarkar2020:1,0.574935471416,-0.186213938314,estimated,estimated,,,10,1,"{""adp_adenine_ca_distance_8efe_A"":12.55674853277021,""adp_rigor_ca_shift_A"":3.6398995681379227,""catalytic_motif_min_ca_distance_8act_mean_ab"":10.169839288557828,""delta_charge"":0.7071067811865476,""elc_min_heavy_distance_8act_mean_ab"":16.36047788704452,""grantham_distance"":40.22747817102136,""ihm_interface_flag_8act"":0.3333333333333333,""relay_landmark_min_ca_distance_8act_mean_ab"":15.94877117925758,""rigor_actin_min_heavy_distance_8efi_A"":15.215225778057222,""wt_site_rsa_8act_mean_ab"":0.235099160626999}",{},0.602195056505,-0.150496345441,estimated,0.592361754568,-0.192097182121,estimated,0.573772209572,0.673416546969,-0.302084493344,0.176487929078,9,0.573772209572,0.691185795696,-0.302084493344,0.116057286775,7,"Descriptive only; heterogeneous assays, shared measurements and static WT annotations; no p-value, mechanism, interaction attribution or predictive accuracy; deletion ranges are not confidence intervals","This row compares the all ten features feature block with relative unloaded velocity across 9 complete variants. The distance scores describe the block jointly and do not identify an individual feature or prove an interaction. Small cohorts, missing measurements and shared studies limit interpretation."
