comparison_id,variant,side,column,raw_value,source_study
C001,A797T,x,kcat_rel,0.93,morck2022
C001,A797T,y,Na_rel,1.95081967213,morck2022
C001,D778V,x,kcat_rel,1.16,morck2022
C001,D778V,y,Na_rel,1.32786885246,morck2022
C001,E497D,x,kcat_rel,1.51612903226,nandwani2025
C001,E497D,y,Na_rel,1.42857142857,nandwani2025
C001,F834L,x,kcat_rel,1.03,morck2022
C001,F834L,y,Na_rel,1.34426229508,morck2022
C001,G768R,x,kcat_rel,0.729981378026,pathak2026
C001,G768R,y,Na_rel,1.75,pathak2026
C001,H251N,x,kcat_rel,1.24444444444,adhikari2016
C001,H251N,y,Na_rel,1.59649122807,adhikari2019
C001,I457T,x,kcat_rel,1.75313807531,adhikari2019
C001,I457T,y,Na_rel,0.982456140351,adhikari2019
C001,L781P,x,kcat_rel,0.97,morck2022
C001,L781P,y,Na_rel,1.39344262295,morck2022
C001,R249Q,x,kcat_rel,0.707112970711,adhikari2019
C001,R249Q,y,Na_rel,1.68421052632,adhikari2019
C001,R403Q,x,kcat_rel,1.26666666667,nag2015
C001,R403Q,y,Na_rel,1.39682539682,sarkar2020
C001,R663H,x,kcat_rel,0.966666666667,sarkar2020
C001,R663H,y,Na_rel,1.16326530612,sarkar2020
C001,R719W,x,kcat_rel,0.947368421053,kawana2017
C001,R719W,y,Na_rel,1.80701754386,adhikari2019
C001,S782N,x,kcat_rel,1.04,morck2022
C001,S782N,y,Na_rel,1.32786885246,morck2022
C001,Y115H,x,kcat_rel,1.03225806452,nandwani2025
C001,Y115H,y,Na_rel,1.42857142857,nandwani2025
C002,A797T,x,kcat_rel,0.93,morck2022
C002,A797T,y,v_rel,0.946675899425,morck2022
C002,D239N,x,kcat_rel,1.48888888889,adhikari2016
C002,D239N,y,v_rel,1.94186046512,adhikari2016
C002,D778V,x,kcat_rel,1.16,morck2022
C002,D778V,y,v_rel,1.45871842144,morck2022
C002,E497D,x,kcat_rel,1.51612903226,nandwani2025
C002,E497D,y,v_rel,0.808416389812,nandwani2025
C002,F834L,x,kcat_rel,1.03,morck2022
C002,F834L,y,v_rel,1.0180466619,morck2022
C002,G768R,x,kcat_rel,0.729981378026,pathak2026
C002,G768R,y,v_rel,0.198040016333,pathak2026
C002,H251N,x,kcat_rel,1.24444444444,adhikari2016
C002,H251N,y,v_rel,1.39534883721,adhikari2016
C002,I457T,x,kcat_rel,1.75313807531,adhikari2019
C002,I457T,y,v_rel,2.42857142857,adhikari2019
C002,L781P,x,kcat_rel,0.97,morck2022
C002,L781P,y,v_rel,0.704141222701,morck2022
C002,R403Q,x,kcat_rel,1.26666666667,nag2015
C002,R403Q,y,v_rel,1.14545454545,nag2015
C002,R453C,x,kcat_rel,0.675675675676,sommese2013
C002,R453C,y,v_rel,0.7625,sommese2013
C002,R663H,x,kcat_rel,0.966666666667,sarkar2020
C002,R663H,y,v_rel,1.01707317073,sarkar2020
C002,S782N,x,kcat_rel,1.04,morck2022
C002,S782N,y,v_rel,0.980249636914,morck2022
C002,Y115H,x,kcat_rel,1.03225806452,nandwani2025
C002,Y115H,y,v_rel,0.449612403101,nandwani2025
C003,A797T,x,Na_rel,1.95081967213,morck2022
C003,A797T,y,v_rel,0.946675899425,morck2022
C003,D778V,x,Na_rel,1.32786885246,morck2022
C003,D778V,y,v_rel,1.45871842144,morck2022
C003,E497D,x,Na_rel,1.42857142857,nandwani2025
C003,E497D,y,v_rel,0.808416389812,nandwani2025
C003,F834L,x,Na_rel,1.34426229508,morck2022
C003,F834L,y,v_rel,1.0180466619,morck2022
C003,G768R,x,Na_rel,1.75,pathak2026
C003,G768R,y,v_rel,0.198040016333,pathak2026
C003,H251N,x,Na_rel,1.59649122807,adhikari2019
C003,H251N,y,v_rel,1.39534883721,adhikari2016
C003,I457T,x,Na_rel,0.982456140351,adhikari2019
C003,I457T,y,v_rel,2.42857142857,adhikari2019
C003,L781P,x,Na_rel,1.39344262295,morck2022
C003,L781P,y,v_rel,0.704141222701,morck2022
C003,P710R,x,Na_rel,1.55675675676,vanderroest2021
C003,P710R,y,v_rel,0.313648293963,vanderroest2021
C003,R403Q,x,Na_rel,1.39682539682,sarkar2020
C003,R403Q,y,v_rel,1.14545454545,nag2015
C003,R663H,x,Na_rel,1.16326530612,sarkar2020
C003,R663H,y,v_rel,1.01707317073,sarkar2020
C003,S782N,x,Na_rel,1.32786885246,morck2022
C003,S782N,y,v_rel,0.980249636914,morck2022
C003,Y115H,x,Na_rel,1.42857142857,nandwani2025
C003,Y115H,y,v_rel,0.449612403101,nandwani2025
C004,D239N,x,kcat_rel,1.48888888889,adhikari2016
C004,D239N,y,adp_rigor_ca_shift_A,0.647845688,
C004,D778V,x,kcat_rel,1.16,morck2022
C004,D778V,y,adp_rigor_ca_shift_A,8.86589456,
C004,E497D,x,kcat_rel,1.51612903226,nandwani2025
C004,E497D,y,adp_rigor_ca_shift_A,2.321440558,
C004,G741R,x,kcat_rel,0.901960784314,kawana2017
C004,G741R,y,adp_rigor_ca_shift_A,7.082193584,
C004,G768R,x,kcat_rel,0.729981378026,pathak2026
C004,G768R,y,adp_rigor_ca_shift_A,4.944418844,
C004,H251N,x,kcat_rel,1.24444444444,adhikari2016
C004,H251N,y,adp_rigor_ca_shift_A,0.549455682,
C004,I457T,x,kcat_rel,1.75313807531,adhikari2019
C004,I457T,y,adp_rigor_ca_shift_A,0.514728554,
C004,L781P,x,kcat_rel,0.97,morck2022
C004,L781P,y,adp_rigor_ca_shift_A,9.189484579,
C004,R249Q,x,kcat_rel,0.707112970711,adhikari2019
C004,R249Q,y,adp_rigor_ca_shift_A,0.32951951,
C004,R403Q,x,kcat_rel,1.26666666667,nag2015
C004,R403Q,y,adp_rigor_ca_shift_A,0.423043993,
C004,R453C,x,kcat_rel,0.675675675676,sommese2013
C004,R453C,y,adp_rigor_ca_shift_A,0.593341729,
C004,R663H,x,kcat_rel,0.966666666667,sarkar2020
C004,R663H,y,adp_rigor_ca_shift_A,0.470765238,
C004,R719W,x,kcat_rel,0.947368421053,kawana2017
C004,R719W,y,adp_rigor_ca_shift_A,8.406363571,
C004,S782N,x,kcat_rel,1.04,morck2022
C004,S782N,y,adp_rigor_ca_shift_A,9.627779674,
C004,Y115H,x,kcat_rel,1.03225806452,nandwani2025
C004,Y115H,y,adp_rigor_ca_shift_A,1.001480582,
C005,D239N,x,kcat_rel,1.48888888889,adhikari2016
C005,D239N,y,adp_adenine_ca_distance_8efe_A,13.403061292,
C005,D778V,x,kcat_rel,1.16,morck2022
C005,D778V,y,adp_adenine_ca_distance_8efe_A,40.463212935,
C005,E497D,x,kcat_rel,1.51612903226,nandwani2025
C005,E497D,y,adp_adenine_ca_distance_8efe_A,33.041275717,
C005,G741R,x,kcat_rel,0.901960784314,kawana2017
C005,G741R,y,adp_adenine_ca_distance_8efe_A,50.536779052,
C005,G768R,x,kcat_rel,0.729981378026,pathak2026
C005,G768R,y,adp_adenine_ca_distance_8efe_A,37.221601537,
C005,H251N,x,kcat_rel,1.24444444444,adhikari2016
C005,H251N,y,adp_adenine_ca_distance_8efe_A,25.169257061,
C005,I457T,x,kcat_rel,1.75313807531,adhikari2019
C005,I457T,y,adp_adenine_ca_distance_8efe_A,21.837342352,
C005,L781P,x,kcat_rel,0.97,morck2022
C005,L781P,y,adp_adenine_ca_distance_8efe_A,44.222855912,
C005,R249Q,x,kcat_rel,0.707112970711,adhikari2019
C005,R249Q,y,adp_adenine_ca_distance_8efe_A,21.010504373,
C005,R403Q,x,kcat_rel,1.26666666667,nag2015
C005,R403Q,y,adp_adenine_ca_distance_8efe_A,51.830841456,
C005,R453C,x,kcat_rel,0.675675675676,sommese2013
C005,R453C,y,adp_adenine_ca_distance_8efe_A,30.254764402,
C005,R663H,x,kcat_rel,0.966666666667,sarkar2020
C005,R663H,y,adp_adenine_ca_distance_8efe_A,28.386762514,
C005,R719W,x,kcat_rel,0.947368421053,kawana2017
C005,R719W,y,adp_adenine_ca_distance_8efe_A,43.651493651,
C005,S782N,x,kcat_rel,1.04,morck2022
C005,S782N,y,adp_adenine_ca_distance_8efe_A,44.593384453,
C005,Y115H,x,kcat_rel,1.03225806452,nandwani2025
C005,Y115H,y,adp_adenine_ca_distance_8efe_A,10.592775132,
C006,D239N,x,kcat_rel,1.48888888889,adhikari2016
C006,D239N,y,rigor_actin_min_heavy_distance_8efi_A,35.055819859,
C006,D778V,x,kcat_rel,1.16,morck2022
C006,D778V,y,rigor_actin_min_heavy_distance_8efi_A,49.423230469,
C006,E497D,x,kcat_rel,1.51612903226,nandwani2025
C006,E497D,y,rigor_actin_min_heavy_distance_8efi_A,35.006758447,
C006,G741R,x,kcat_rel,0.901960784314,kawana2017
C006,G741R,y,rigor_actin_min_heavy_distance_8efi_A,59.812430589,
C006,G768R,x,kcat_rel,0.729981378026,pathak2026
C006,G768R,y,rigor_actin_min_heavy_distance_8efi_A,41.371189951,
C006,H251N,x,kcat_rel,1.24444444444,adhikari2016
C006,H251N,y,rigor_actin_min_heavy_distance_8efi_A,33.494749156,
C006,I457T,x,kcat_rel,1.75313807531,adhikari2019
C006,I457T,y,rigor_actin_min_heavy_distance_8efi_A,34.656604638,
C006,L781P,x,kcat_rel,0.97,morck2022
C006,L781P,y,rigor_actin_min_heavy_distance_8efi_A,54.824513176,
C006,R249Q,x,kcat_rel,0.707112970711,adhikari2019
C006,R249Q,y,rigor_actin_min_heavy_distance_8efi_A,29.534631079,
C006,R403Q,x,kcat_rel,1.26666666667,nag2015
C006,R403Q,y,rigor_actin_min_heavy_distance_8efi_A,6.824444959,
C006,R453C,x,kcat_rel,0.675675675676,sommese2013
C006,R453C,y,rigor_actin_min_heavy_distance_8efi_A,35.183105321,
C006,R663H,x,kcat_rel,0.966666666667,sarkar2020
C006,R663H,y,rigor_actin_min_heavy_distance_8efi_A,18.430391993,
C006,R719W,x,kcat_rel,0.947368421053,kawana2017
C006,R719W,y,rigor_actin_min_heavy_distance_8efi_A,59.390799237,
C006,Y115H,x,kcat_rel,1.03225806452,nandwani2025
C006,Y115H,y,rigor_actin_min_heavy_distance_8efi_A,46.983964392,
C007,A797T,x,kcat_rel,0.93,morck2022
C007,A797T,y,relay_landmark_min_ca_distance_8act_mean_ab,52.462266922,
C007,D239N,x,kcat_rel,1.48888888889,adhikari2016
C007,D239N,y,relay_landmark_min_ca_distance_8act_mean_ab,35.685035706,
C007,D778V,x,kcat_rel,1.16,morck2022
C007,D778V,y,relay_landmark_min_ca_distance_8act_mean_ab,28.416404724,
C007,E497D,x,kcat_rel,1.51612903226,nandwani2025
C007,E497D,y,relay_landmark_min_ca_distance_8act_mean_ab,0.0,
C007,F834L,x,kcat_rel,1.03,morck2022
C007,F834L,y,relay_landmark_min_ca_distance_8act_mean_ab,91.854549408,
C007,G741R,x,kcat_rel,0.901960784314,kawana2017
C007,G741R,y,relay_landmark_min_ca_distance_8act_mean_ab,17.866434097,
C007,G768R,x,kcat_rel,0.729981378026,pathak2026
C007,G768R,y,relay_landmark_min_ca_distance_8act_mean_ab,17.450050354,
C007,H251N,x,kcat_rel,1.24444444444,adhikari2016
C007,H251N,y,relay_landmark_min_ca_distance_8act_mean_ab,27.890908241,
C007,I457T,x,kcat_rel,1.75313807531,adhikari2019
C007,I457T,y,relay_landmark_min_ca_distance_8act_mean_ab,22.242405891,
C007,L781P,x,kcat_rel,0.97,morck2022
C007,L781P,y,relay_landmark_min_ca_distance_8act_mean_ab,31.056694984,
C007,R249Q,x,kcat_rel,0.707112970711,adhikari2019
C007,R249Q,y,relay_landmark_min_ca_distance_8act_mean_ab,26.015706062,
C007,R403Q,x,kcat_rel,1.26666666667,nag2015
C007,R403Q,y,relay_landmark_min_ca_distance_8act_mean_ab,58.937068939,
C007,R453C,x,kcat_rel,0.675675675676,sommese2013
C007,R453C,y,relay_landmark_min_ca_distance_8act_mean_ab,30.65838623,
C007,R663H,x,kcat_rel,0.966666666667,sarkar2020
C007,R663H,y,relay_landmark_min_ca_distance_8act_mean_ab,13.299701691,
C007,R719W,x,kcat_rel,0.947368421053,kawana2017
C007,R719W,y,relay_landmark_min_ca_distance_8act_mean_ab,18.235423088,
C007,S782N,x,kcat_rel,1.04,morck2022
C007,S782N,y,relay_landmark_min_ca_distance_8act_mean_ab,33.881681442,
C007,Y115H,x,kcat_rel,1.03225806452,nandwani2025
C007,Y115H,y,relay_landmark_min_ca_distance_8act_mean_ab,25.090517044,
C008,A797T,x,kcat_rel,0.93,morck2022
C008,A797T,y,elc_min_heavy_distance_8act_mean_ab,3.156838916,
C008,D239N,x,kcat_rel,1.48888888889,adhikari2016
C008,D239N,y,elc_min_heavy_distance_8act_mean_ab,38.631224062,
C008,D778V,x,kcat_rel,1.16,morck2022
C008,D778V,y,elc_min_heavy_distance_8act_mean_ab,5.919902893,
C008,E497D,x,kcat_rel,1.51612903226,nandwani2025
C008,E497D,y,elc_min_heavy_distance_8act_mean_ab,22.479331336,
C008,F834L,x,kcat_rel,1.03,morck2022
C008,F834L,y,elc_min_heavy_distance_8act_mean_ab,29.13726394,
C008,G741R,x,kcat_rel,0.901960784314,kawana2017
C008,G741R,y,elc_min_heavy_distance_8act_mean_ab,12.707218468,
C008,G768R,x,kcat_rel,0.729981378026,pathak2026
C008,G768R,y,elc_min_heavy_distance_8act_mean_ab,17.509287479,
C008,H251N,x,kcat_rel,1.24444444444,adhikari2016
C008,H251N,y,elc_min_heavy_distance_8act_mean_ab,13.811298229,
C008,I457T,x,kcat_rel,1.75313807531,adhikari2019
C008,I457T,y,elc_min_heavy_distance_8act_mean_ab,12.500166133,
C008,L781P,x,kcat_rel,0.97,morck2022
C008,L781P,y,elc_min_heavy_distance_8act_mean_ab,3.36913415,
C008,R249Q,x,kcat_rel,0.707112970711,adhikari2019
C008,R249Q,y,elc_min_heavy_distance_8act_mean_ab,18.980836575,
C008,R403Q,x,kcat_rel,1.26666666667,nag2015
C008,R403Q,y,elc_min_heavy_distance_8act_mean_ab,59.339271569,
C008,R453C,x,kcat_rel,0.675675675676,sommese2013
C008,R453C,y,elc_min_heavy_distance_8act_mean_ab,10.360766721,
C008,R663H,x,kcat_rel,0.966666666667,sarkar2020
C008,R663H,y,elc_min_heavy_distance_8act_mean_ab,21.301204586,
C008,R719W,x,kcat_rel,0.947368421053,kawana2017
C008,R719W,y,elc_min_heavy_distance_8act_mean_ab,6.05199896,
C008,S782N,x,kcat_rel,1.04,morck2022
C008,S782N,y,elc_min_heavy_distance_8act_mean_ab,4.56841049,
C008,Y115H,x,kcat_rel,1.03225806452,nandwani2025
C008,Y115H,y,elc_min_heavy_distance_8act_mean_ab,23.217351996,
C009,A797T,x,kcat_rel,0.93,morck2022
C009,A797T,y,delta_charge,0,
C009,D239N,x,kcat_rel,1.48888888889,adhikari2016
C009,D239N,y,delta_charge,1,
C009,D778V,x,kcat_rel,1.16,morck2022
C009,D778V,y,delta_charge,1,
C009,E497D,x,kcat_rel,1.51612903226,nandwani2025
C009,E497D,y,delta_charge,0,
C009,F834L,x,kcat_rel,1.03,morck2022
C009,F834L,y,delta_charge,0,
C009,G741R,x,kcat_rel,0.901960784314,kawana2017
C009,G741R,y,delta_charge,1,
C009,G768R,x,kcat_rel,0.729981378026,pathak2026
C009,G768R,y,delta_charge,1,
C009,H251N,x,kcat_rel,1.24444444444,adhikari2016
C009,H251N,y,delta_charge,0,
C009,I457T,x,kcat_rel,1.75313807531,adhikari2019
C009,I457T,y,delta_charge,0,
C009,L781P,x,kcat_rel,0.97,morck2022
C009,L781P,y,delta_charge,0,
C009,R249Q,x,kcat_rel,0.707112970711,adhikari2019
C009,R249Q,y,delta_charge,-1,
C009,R403Q,x,kcat_rel,1.26666666667,nag2015
C009,R403Q,y,delta_charge,-1,
C009,R453C,x,kcat_rel,0.675675675676,sommese2013
C009,R453C,y,delta_charge,-1,
C009,R663H,x,kcat_rel,0.966666666667,sarkar2020
C009,R663H,y,delta_charge,-1,
C009,R719W,x,kcat_rel,0.947368421053,kawana2017
C009,R719W,y,delta_charge,-1,
C009,S782N,x,kcat_rel,1.04,morck2022
C009,S782N,y,delta_charge,0,
C009,Y115H,x,kcat_rel,1.03225806452,nandwani2025
C009,Y115H,y,delta_charge,0,
C010,A797T,x,kcat_rel,0.93,morck2022
C010,A797T,y,grantham_distance,58,
C010,D239N,x,kcat_rel,1.48888888889,adhikari2016
C010,D239N,y,grantham_distance,23,
C010,D778V,x,kcat_rel,1.16,morck2022
C010,D778V,y,grantham_distance,152,
C010,E497D,x,kcat_rel,1.51612903226,nandwani2025
C010,E497D,y,grantham_distance,45,
C010,F834L,x,kcat_rel,1.03,morck2022
C010,F834L,y,grantham_distance,22,
C010,G741R,x,kcat_rel,0.901960784314,kawana2017
C010,G741R,y,grantham_distance,125,
C010,G768R,x,kcat_rel,0.729981378026,pathak2026
C010,G768R,y,grantham_distance,125,
C010,H251N,x,kcat_rel,1.24444444444,adhikari2016
C010,H251N,y,grantham_distance,68,
C010,I457T,x,kcat_rel,1.75313807531,adhikari2019
C010,I457T,y,grantham_distance,89,
C010,L781P,x,kcat_rel,0.97,morck2022
C010,L781P,y,grantham_distance,98,
C010,R249Q,x,kcat_rel,0.707112970711,adhikari2019
C010,R249Q,y,grantham_distance,43,
C010,R403Q,x,kcat_rel,1.26666666667,nag2015
C010,R403Q,y,grantham_distance,43,
C010,R453C,x,kcat_rel,0.675675675676,sommese2013
C010,R453C,y,grantham_distance,180,
C010,R663H,x,kcat_rel,0.966666666667,sarkar2020
C010,R663H,y,grantham_distance,29,
C010,R719W,x,kcat_rel,0.947368421053,kawana2017
C010,R719W,y,grantham_distance,101,
C010,S782N,x,kcat_rel,1.04,morck2022
C010,S782N,y,grantham_distance,46,
C010,Y115H,x,kcat_rel,1.03225806452,nandwani2025
C010,Y115H,y,grantham_distance,83,
C011,A797T,x,kcat_rel,0.93,morck2022
C011,A797T,y,catalytic_motif_min_ca_distance_8act_mean_ab,52.61597947966432,
C011,D239N,x,kcat_rel,1.48888888889,adhikari2016
C011,D239N,y,catalytic_motif_min_ca_distance_8act_mean_ab,0.0,
C011,D778V,x,kcat_rel,1.16,morck2022
C011,D778V,y,catalytic_motif_min_ca_distance_8act_mean_ab,34.84337112631988,
C011,E497D,x,kcat_rel,1.51612903226,nandwani2025
C011,E497D,y,catalytic_motif_min_ca_distance_8act_mean_ab,22.822294945851162,
C011,F834L,x,kcat_rel,1.03,morck2022
C011,F834L,y,catalytic_motif_min_ca_distance_8act_mean_ab,86.25095026129094,
C011,G741R,x,kcat_rel,0.901960784314,kawana2017
C011,G741R,y,catalytic_motif_min_ca_distance_8act_mean_ab,43.44510234672077,
C011,G768R,x,kcat_rel,0.729981378026,pathak2026
C011,G768R,y,catalytic_motif_min_ca_distance_8act_mean_ab,27.477198222458405,
C011,H251N,x,kcat_rel,1.24444444444,adhikari2016
C011,H251N,y,catalytic_motif_min_ca_distance_8act_mean_ab,16.073682688680528,
C011,I457T,x,kcat_rel,1.75313807531,adhikari2019
C011,I457T,y,catalytic_motif_min_ca_distance_8act_mean_ab,13.221737309855547,
C011,L781P,x,kcat_rel,0.97,morck2022
C011,L781P,y,catalytic_motif_min_ca_distance_8act_mean_ab,38.97306060048324,
C011,R249Q,x,kcat_rel,0.707112970711,adhikari2019
C011,R249Q,y,catalytic_motif_min_ca_distance_8act_mean_ab,9.744404953362427,
C011,R403Q,x,kcat_rel,1.26666666667,nag2015
C011,R403Q,y,catalytic_motif_min_ca_distance_8act_mean_ab,33.522361644995755,
C011,R453C,x,kcat_rel,0.675675675676,sommese2013
C011,R453C,y,catalytic_motif_min_ca_distance_8act_mean_ab,21.430166265853757,
C011,R663H,x,kcat_rel,0.966666666667,sarkar2020
C011,R663H,y,catalytic_motif_min_ca_distance_8act_mean_ab,16.313801523298913,
C011,R719W,x,kcat_rel,0.947368421053,kawana2017
C011,R719W,y,catalytic_motif_min_ca_distance_8act_mean_ab,37.94742621682316,
C011,S782N,x,kcat_rel,1.04,morck2022
C011,S782N,y,catalytic_motif_min_ca_distance_8act_mean_ab,38.841925839573804,
C011,Y115H,x,kcat_rel,1.03225806452,nandwani2025
C011,Y115H,y,catalytic_motif_min_ca_distance_8act_mean_ab,12.022325833439357,
C012,A797T,x,kcat_rel,0.93,morck2022
C012,A797T,y,wt_site_rsa_8act_mean_ab,0.0283018867925,
C012,D778V,x,kcat_rel,1.16,morck2022
C012,D778V,y,wt_site_rsa_8act_mean_ab,0.315950920245,
C012,E497D,x,kcat_rel,1.51612903226,nandwani2025
C012,E497D,y,wt_site_rsa_8act_mean_ab,0.0876288659794,
C012,F834L,x,kcat_rel,1.03,morck2022
C012,F834L,y,wt_site_rsa_8act_mean_ab,0.210659898477,
C012,G768R,x,kcat_rel,0.729981378026,pathak2026
C012,G768R,y,wt_site_rsa_8act_mean_ab,0.613095238095,
C012,H251N,x,kcat_rel,1.24444444444,adhikari2016
C012,H251N,y,wt_site_rsa_8act_mean_ab,0.0951086956522,
C012,I457T,x,kcat_rel,1.75313807531,adhikari2019
C012,I457T,y,wt_site_rsa_8act_mean_ab,0,
C012,L781P,x,kcat_rel,0.97,morck2022
C012,L781P,y,wt_site_rsa_8act_mean_ab,0.15243902439,
C012,R249Q,x,kcat_rel,0.707112970711,adhikari2019
C012,R249Q,y,wt_site_rsa_8act_mean_ab,0.20564516129,
C012,R403Q,x,kcat_rel,1.26666666667,nag2015
C012,R403Q,y,wt_site_rsa_8act_mean_ab,0.183467741935,
C012,R663H,x,kcat_rel,0.966666666667,sarkar2020
C012,R663H,y,wt_site_rsa_8act_mean_ab,0.608870967742,
C012,R719W,x,kcat_rel,0.947368421053,kawana2017
C012,R719W,y,wt_site_rsa_8act_mean_ab,0.161290322581,
C012,S782N,x,kcat_rel,1.04,morck2022
C012,S782N,y,wt_site_rsa_8act_mean_ab,0.342307692308,
C012,Y115H,x,kcat_rel,1.03225806452,nandwani2025
C012,Y115H,y,wt_site_rsa_8act_mean_ab,0.018018018018,
C013,A797T,x,kcat_rel,0.93,morck2022
C013,A797T,y,ihm_interface_flag_8act,0,
C013,D778V,x,kcat_rel,1.16,morck2022
C013,D778V,y,ihm_interface_flag_8act,0,
C013,E497D,x,kcat_rel,1.51612903226,nandwani2025
C013,E497D,y,ihm_interface_flag_8act,0,
C013,F834L,x,kcat_rel,1.03,morck2022
C013,F834L,y,ihm_interface_flag_8act,0,
C013,G768R,x,kcat_rel,0.729981378026,pathak2026
C013,G768R,y,ihm_interface_flag_8act,0,
C013,H251N,x,kcat_rel,1.24444444444,adhikari2016
C013,H251N,y,ihm_interface_flag_8act,0,
C013,I457T,x,kcat_rel,1.75313807531,adhikari2019
C013,I457T,y,ihm_interface_flag_8act,0,
C013,L781P,x,kcat_rel,0.97,morck2022
C013,L781P,y,ihm_interface_flag_8act,0,
C013,R249Q,x,kcat_rel,0.707112970711,adhikari2019
C013,R249Q,y,ihm_interface_flag_8act,0,
C013,R403Q,x,kcat_rel,1.26666666667,nag2015
C013,R403Q,y,ihm_interface_flag_8act,1,
C013,R663H,x,kcat_rel,0.966666666667,sarkar2020
C013,R663H,y,ihm_interface_flag_8act,0,
C013,R719W,x,kcat_rel,0.947368421053,kawana2017
C013,R719W,y,ihm_interface_flag_8act,0,
C013,S782N,x,kcat_rel,1.04,morck2022
C013,S782N,y,ihm_interface_flag_8act,0,
C013,Y115H,x,kcat_rel,1.03225806452,nandwani2025
C013,Y115H,y,ihm_interface_flag_8act,0,
C014,D382Y,x,Na_rel,1.47368421053,adhikari2019
C014,D382Y,y,adp_rigor_ca_shift_A,1.074311125,
C014,D778V,x,Na_rel,1.32786885246,morck2022
C014,D778V,y,adp_rigor_ca_shift_A,8.86589456,
C014,E497D,x,Na_rel,1.42857142857,nandwani2025
C014,E497D,y,adp_rigor_ca_shift_A,2.321440558,
C014,G768R,x,Na_rel,1.75,pathak2026
C014,G768R,y,adp_rigor_ca_shift_A,4.944418844,
C014,H251N,x,Na_rel,1.59649122807,adhikari2019
C014,H251N,y,adp_rigor_ca_shift_A,0.549455682,
C014,I457T,x,Na_rel,0.982456140351,adhikari2019
C014,I457T,y,adp_rigor_ca_shift_A,0.514728554,
C014,L781P,x,Na_rel,1.39344262295,morck2022
C014,L781P,y,adp_rigor_ca_shift_A,9.189484579,
C014,P710R,x,Na_rel,1.55675675676,vanderroest2021
C014,P710R,y,adp_rigor_ca_shift_A,4.618472905,
C014,R249Q,x,Na_rel,1.68421052632,adhikari2019
C014,R249Q,y,adp_rigor_ca_shift_A,0.32951951,
C014,R403Q,x,Na_rel,1.39682539682,sarkar2020
C014,R403Q,y,adp_rigor_ca_shift_A,0.423043993,
C014,R663H,x,Na_rel,1.16326530612,sarkar2020
C014,R663H,y,adp_rigor_ca_shift_A,0.470765238,
C014,R719W,x,Na_rel,1.80701754386,adhikari2019
C014,R719W,y,adp_rigor_ca_shift_A,8.406363571,
C014,S782N,x,Na_rel,1.32786885246,morck2022
C014,S782N,y,adp_rigor_ca_shift_A,9.627779674,
C014,Y115H,x,Na_rel,1.42857142857,nandwani2025
C014,Y115H,y,adp_rigor_ca_shift_A,1.001480582,
C015,D382Y,x,Na_rel,1.47368421053,adhikari2019
C015,D382Y,y,adp_adenine_ca_distance_8efe_A,45.385706627,
C015,D778V,x,Na_rel,1.32786885246,morck2022
C015,D778V,y,adp_adenine_ca_distance_8efe_A,40.463212935,
C015,E497D,x,Na_rel,1.42857142857,nandwani2025
C015,E497D,y,adp_adenine_ca_distance_8efe_A,33.041275717,
C015,G768R,x,Na_rel,1.75,pathak2026
C015,G768R,y,adp_adenine_ca_distance_8efe_A,37.221601537,
C015,H251N,x,Na_rel,1.59649122807,adhikari2019
C015,H251N,y,adp_adenine_ca_distance_8efe_A,25.169257061,
C015,I457T,x,Na_rel,0.982456140351,adhikari2019
C015,I457T,y,adp_adenine_ca_distance_8efe_A,21.837342352,
C015,L781P,x,Na_rel,1.39344262295,morck2022
C015,L781P,y,adp_adenine_ca_distance_8efe_A,44.222855912,
C015,P710R,x,Na_rel,1.55675675676,vanderroest2021
C015,P710R,y,adp_adenine_ca_distance_8efe_A,32.007836947,
C015,R249Q,x,Na_rel,1.68421052632,adhikari2019
C015,R249Q,y,adp_adenine_ca_distance_8efe_A,21.010504373,
C015,R403Q,x,Na_rel,1.39682539682,sarkar2020
C015,R403Q,y,adp_adenine_ca_distance_8efe_A,51.830841456,
C015,R663H,x,Na_rel,1.16326530612,sarkar2020
C015,R663H,y,adp_adenine_ca_distance_8efe_A,28.386762514,
C015,R719W,x,Na_rel,1.80701754386,adhikari2019
C015,R719W,y,adp_adenine_ca_distance_8efe_A,43.651493651,
C015,S782N,x,Na_rel,1.32786885246,morck2022
C015,S782N,y,adp_adenine_ca_distance_8efe_A,44.593384453,
C015,Y115H,x,Na_rel,1.42857142857,nandwani2025
C015,Y115H,y,adp_adenine_ca_distance_8efe_A,10.592775132,
C016,D382Y,x,Na_rel,1.47368421053,adhikari2019
C016,D382Y,y,rigor_actin_min_heavy_distance_8efi_A,23.146598433,
C016,D778V,x,Na_rel,1.32786885246,morck2022
C016,D778V,y,rigor_actin_min_heavy_distance_8efi_A,49.423230469,
C016,E497D,x,Na_rel,1.42857142857,nandwani2025
C016,E497D,y,rigor_actin_min_heavy_distance_8efi_A,35.006758447,
C016,G768R,x,Na_rel,1.75,pathak2026
C016,G768R,y,rigor_actin_min_heavy_distance_8efi_A,41.371189951,
C016,H251N,x,Na_rel,1.59649122807,adhikari2019
C016,H251N,y,rigor_actin_min_heavy_distance_8efi_A,33.494749156,
C016,I457T,x,Na_rel,0.982456140351,adhikari2019
C016,I457T,y,rigor_actin_min_heavy_distance_8efi_A,34.656604638,
C016,L781P,x,Na_rel,1.39344262295,morck2022
C016,L781P,y,rigor_actin_min_heavy_distance_8efi_A,54.824513176,
C016,P710R,x,Na_rel,1.55675675676,vanderroest2021
C016,P710R,y,rigor_actin_min_heavy_distance_8efi_A,42.843603397,
C016,R249Q,x,Na_rel,1.68421052632,adhikari2019
C016,R249Q,y,rigor_actin_min_heavy_distance_8efi_A,29.534631079,
C016,R403Q,x,Na_rel,1.39682539682,sarkar2020
C016,R403Q,y,rigor_actin_min_heavy_distance_8efi_A,6.824444959,
C016,R663H,x,Na_rel,1.16326530612,sarkar2020
C016,R663H,y,rigor_actin_min_heavy_distance_8efi_A,18.430391993,
C016,R719W,x,Na_rel,1.80701754386,adhikari2019
C016,R719W,y,rigor_actin_min_heavy_distance_8efi_A,59.390799237,
C016,Y115H,x,Na_rel,1.42857142857,nandwani2025
C016,Y115H,y,rigor_actin_min_heavy_distance_8efi_A,46.983964392,
C017,A797T,x,Na_rel,1.95081967213,morck2022
C017,A797T,y,relay_landmark_min_ca_distance_8act_mean_ab,52.462266922,
C017,D382Y,x,Na_rel,1.47368421053,adhikari2019
C017,D382Y,y,relay_landmark_min_ca_distance_8act_mean_ab,63.235746384,
C017,D778V,x,Na_rel,1.32786885246,morck2022
C017,D778V,y,relay_landmark_min_ca_distance_8act_mean_ab,28.416404724,
C017,E497D,x,Na_rel,1.42857142857,nandwani2025
C017,E497D,y,relay_landmark_min_ca_distance_8act_mean_ab,0.0,
C017,F834L,x,Na_rel,1.34426229508,morck2022
C017,F834L,y,relay_landmark_min_ca_distance_8act_mean_ab,91.854549408,
C017,G768R,x,Na_rel,1.75,pathak2026
C017,G768R,y,relay_landmark_min_ca_distance_8act_mean_ab,17.450050354,
C017,H251N,x,Na_rel,1.59649122807,adhikari2019
C017,H251N,y,relay_landmark_min_ca_distance_8act_mean_ab,27.890908241,
C017,I457T,x,Na_rel,0.982456140351,adhikari2019
C017,I457T,y,relay_landmark_min_ca_distance_8act_mean_ab,22.242405891,
C017,L781P,x,Na_rel,1.39344262295,morck2022
C017,L781P,y,relay_landmark_min_ca_distance_8act_mean_ab,31.056694984,
C017,P710R,x,Na_rel,1.55675675676,vanderroest2021
C017,P710R,y,relay_landmark_min_ca_distance_8act_mean_ab,8.58924818,
C017,R249Q,x,Na_rel,1.68421052632,adhikari2019
C017,R249Q,y,relay_landmark_min_ca_distance_8act_mean_ab,26.015706062,
C017,R403Q,x,Na_rel,1.39682539682,sarkar2020
C017,R403Q,y,relay_landmark_min_ca_distance_8act_mean_ab,58.937068939,
C017,R663H,x,Na_rel,1.16326530612,sarkar2020
C017,R663H,y,relay_landmark_min_ca_distance_8act_mean_ab,13.299701691,
C017,R719W,x,Na_rel,1.80701754386,adhikari2019
C017,R719W,y,relay_landmark_min_ca_distance_8act_mean_ab,18.235423088,
C017,S782N,x,Na_rel,1.32786885246,morck2022
C017,S782N,y,relay_landmark_min_ca_distance_8act_mean_ab,33.881681442,
C017,Y115H,x,Na_rel,1.42857142857,nandwani2025
C017,Y115H,y,relay_landmark_min_ca_distance_8act_mean_ab,25.090517044,
C018,A797T,x,Na_rel,1.95081967213,morck2022
C018,A797T,y,elc_min_heavy_distance_8act_mean_ab,3.156838916,
C018,D382Y,x,Na_rel,1.47368421053,adhikari2019
C018,D382Y,y,elc_min_heavy_distance_8act_mean_ab,58.317239874,
C018,D778V,x,Na_rel,1.32786885246,morck2022
C018,D778V,y,elc_min_heavy_distance_8act_mean_ab,5.919902893,
C018,E497D,x,Na_rel,1.42857142857,nandwani2025
C018,E497D,y,elc_min_heavy_distance_8act_mean_ab,22.479331336,
C018,F834L,x,Na_rel,1.34426229508,morck2022
C018,F834L,y,elc_min_heavy_distance_8act_mean_ab,29.13726394,
C018,G768R,x,Na_rel,1.75,pathak2026
C018,G768R,y,elc_min_heavy_distance_8act_mean_ab,17.509287479,
C018,H251N,x,Na_rel,1.59649122807,adhikari2019
C018,H251N,y,elc_min_heavy_distance_8act_mean_ab,13.811298229,
C018,I457T,x,Na_rel,0.982456140351,adhikari2019
C018,I457T,y,elc_min_heavy_distance_8act_mean_ab,12.500166133,
C018,L781P,x,Na_rel,1.39344262295,morck2022
C018,L781P,y,elc_min_heavy_distance_8act_mean_ab,3.36913415,
C018,P710R,x,Na_rel,1.55675675676,vanderroest2021
C018,P710R,y,elc_min_heavy_distance_8act_mean_ab,18.87526729,
C018,R249Q,x,Na_rel,1.68421052632,adhikari2019
C018,R249Q,y,elc_min_heavy_distance_8act_mean_ab,18.980836575,
C018,R403Q,x,Na_rel,1.39682539682,sarkar2020
C018,R403Q,y,elc_min_heavy_distance_8act_mean_ab,59.339271569,
C018,R663H,x,Na_rel,1.16326530612,sarkar2020
C018,R663H,y,elc_min_heavy_distance_8act_mean_ab,21.301204586,
C018,R719W,x,Na_rel,1.80701754386,adhikari2019
C018,R719W,y,elc_min_heavy_distance_8act_mean_ab,6.05199896,
C018,S782N,x,Na_rel,1.32786885246,morck2022
C018,S782N,y,elc_min_heavy_distance_8act_mean_ab,4.56841049,
C018,Y115H,x,Na_rel,1.42857142857,nandwani2025
C018,Y115H,y,elc_min_heavy_distance_8act_mean_ab,23.217351996,
C019,A797T,x,Na_rel,1.95081967213,morck2022
C019,A797T,y,delta_charge,0,
C019,D382Y,x,Na_rel,1.47368421053,adhikari2019
C019,D382Y,y,delta_charge,1,
C019,D778V,x,Na_rel,1.32786885246,morck2022
C019,D778V,y,delta_charge,1,
C019,E497D,x,Na_rel,1.42857142857,nandwani2025
C019,E497D,y,delta_charge,0,
C019,F834L,x,Na_rel,1.34426229508,morck2022
C019,F834L,y,delta_charge,0,
C019,G768R,x,Na_rel,1.75,pathak2026
C019,G768R,y,delta_charge,1,
C019,H251N,x,Na_rel,1.59649122807,adhikari2019
C019,H251N,y,delta_charge,0,
C019,I457T,x,Na_rel,0.982456140351,adhikari2019
C019,I457T,y,delta_charge,0,
C019,L781P,x,Na_rel,1.39344262295,morck2022
C019,L781P,y,delta_charge,0,
C019,P710R,x,Na_rel,1.55675675676,vanderroest2021
C019,P710R,y,delta_charge,1,
C019,R249Q,x,Na_rel,1.68421052632,adhikari2019
C019,R249Q,y,delta_charge,-1,
C019,R403Q,x,Na_rel,1.39682539682,sarkar2020
C019,R403Q,y,delta_charge,-1,
C019,R663H,x,Na_rel,1.16326530612,sarkar2020
C019,R663H,y,delta_charge,-1,
C019,R719W,x,Na_rel,1.80701754386,adhikari2019
C019,R719W,y,delta_charge,-1,
C019,S782N,x,Na_rel,1.32786885246,morck2022
C019,S782N,y,delta_charge,0,
C019,Y115H,x,Na_rel,1.42857142857,nandwani2025
C019,Y115H,y,delta_charge,0,
C020,A797T,x,Na_rel,1.95081967213,morck2022
C020,A797T,y,grantham_distance,58,
C020,D778V,x,Na_rel,1.32786885246,morck2022
C020,D778V,y,grantham_distance,152,
C020,E497D,x,Na_rel,1.42857142857,nandwani2025
C020,E497D,y,grantham_distance,45,
C020,F834L,x,Na_rel,1.34426229508,morck2022
C020,F834L,y,grantham_distance,22,
C020,G768R,x,Na_rel,1.75,pathak2026
C020,G768R,y,grantham_distance,125,
C020,H251N,x,Na_rel,1.59649122807,adhikari2019
C020,H251N,y,grantham_distance,68,
C020,I457T,x,Na_rel,0.982456140351,adhikari2019
C020,I457T,y,grantham_distance,89,
C020,L781P,x,Na_rel,1.39344262295,morck2022
C020,L781P,y,grantham_distance,98,
C020,R249Q,x,Na_rel,1.68421052632,adhikari2019
C020,R249Q,y,grantham_distance,43,
C020,R403Q,x,Na_rel,1.39682539682,sarkar2020
C020,R403Q,y,grantham_distance,43,
C020,R663H,x,Na_rel,1.16326530612,sarkar2020
C020,R663H,y,grantham_distance,29,
C020,R719W,x,Na_rel,1.80701754386,adhikari2019
C020,R719W,y,grantham_distance,101,
C020,S782N,x,Na_rel,1.32786885246,morck2022
C020,S782N,y,grantham_distance,46,
C020,Y115H,x,Na_rel,1.42857142857,nandwani2025
C020,Y115H,y,grantham_distance,83,
C021,A797T,x,Na_rel,1.95081967213,morck2022
C021,A797T,y,catalytic_motif_min_ca_distance_8act_mean_ab,52.61597947966432,
C021,D778V,x,Na_rel,1.32786885246,morck2022
C021,D778V,y,catalytic_motif_min_ca_distance_8act_mean_ab,34.84337112631988,
C021,E497D,x,Na_rel,1.42857142857,nandwani2025
C021,E497D,y,catalytic_motif_min_ca_distance_8act_mean_ab,22.822294945851162,
C021,F834L,x,Na_rel,1.34426229508,morck2022
C021,F834L,y,catalytic_motif_min_ca_distance_8act_mean_ab,86.25095026129094,
C021,G768R,x,Na_rel,1.75,pathak2026
C021,G768R,y,catalytic_motif_min_ca_distance_8act_mean_ab,27.477198222458405,
C021,H251N,x,Na_rel,1.59649122807,adhikari2019
C021,H251N,y,catalytic_motif_min_ca_distance_8act_mean_ab,16.073682688680528,
C021,I457T,x,Na_rel,0.982456140351,adhikari2019
C021,I457T,y,catalytic_motif_min_ca_distance_8act_mean_ab,13.221737309855547,
C021,L781P,x,Na_rel,1.39344262295,morck2022
C021,L781P,y,catalytic_motif_min_ca_distance_8act_mean_ab,38.97306060048324,
C021,R249Q,x,Na_rel,1.68421052632,adhikari2019
C021,R249Q,y,catalytic_motif_min_ca_distance_8act_mean_ab,9.744404953362427,
C021,R403Q,x,Na_rel,1.39682539682,sarkar2020
C021,R403Q,y,catalytic_motif_min_ca_distance_8act_mean_ab,33.522361644995755,
C021,R663H,x,Na_rel,1.16326530612,sarkar2020
C021,R663H,y,catalytic_motif_min_ca_distance_8act_mean_ab,16.313801523298913,
C021,R719W,x,Na_rel,1.80701754386,adhikari2019
C021,R719W,y,catalytic_motif_min_ca_distance_8act_mean_ab,37.94742621682316,
C021,S782N,x,Na_rel,1.32786885246,morck2022
C021,S782N,y,catalytic_motif_min_ca_distance_8act_mean_ab,38.841925839573804,
C021,Y115H,x,Na_rel,1.42857142857,nandwani2025
C021,Y115H,y,catalytic_motif_min_ca_distance_8act_mean_ab,12.022325833439357,
C022,A797T,x,Na_rel,1.95081967213,morck2022
C022,A797T,y,wt_site_rsa_8act_mean_ab,0.0283018867925,
C022,D382Y,x,Na_rel,1.47368421053,adhikari2019
C022,D382Y,y,wt_site_rsa_8act_mean_ab,0.233128834356,
C022,D778V,x,Na_rel,1.32786885246,morck2022
C022,D778V,y,wt_site_rsa_8act_mean_ab,0.315950920245,
C022,E497D,x,Na_rel,1.42857142857,nandwani2025
C022,E497D,y,wt_site_rsa_8act_mean_ab,0.0876288659794,
C022,F834L,x,Na_rel,1.34426229508,morck2022
C022,F834L,y,wt_site_rsa_8act_mean_ab,0.210659898477,
C022,G768R,x,Na_rel,1.75,pathak2026
C022,G768R,y,wt_site_rsa_8act_mean_ab,0.613095238095,
C022,H251N,x,Na_rel,1.59649122807,adhikari2019
C022,H251N,y,wt_site_rsa_8act_mean_ab,0.0951086956522,
C022,I457T,x,Na_rel,0.982456140351,adhikari2019
C022,I457T,y,wt_site_rsa_8act_mean_ab,0,
C022,L781P,x,Na_rel,1.39344262295,morck2022
C022,L781P,y,wt_site_rsa_8act_mean_ab,0.15243902439,
C022,P710R,x,Na_rel,1.55675675676,vanderroest2021
C022,P710R,y,wt_site_rsa_8act_mean_ab,0.110294117647,
C022,R249Q,x,Na_rel,1.68421052632,adhikari2019
C022,R249Q,y,wt_site_rsa_8act_mean_ab,0.20564516129,
C022,R403Q,x,Na_rel,1.39682539682,sarkar2020
C022,R403Q,y,wt_site_rsa_8act_mean_ab,0.183467741935,
C022,R663H,x,Na_rel,1.16326530612,sarkar2020
C022,R663H,y,wt_site_rsa_8act_mean_ab,0.608870967742,
C022,R719W,x,Na_rel,1.80701754386,adhikari2019
C022,R719W,y,wt_site_rsa_8act_mean_ab,0.161290322581,
C022,S782N,x,Na_rel,1.32786885246,morck2022
C022,S782N,y,wt_site_rsa_8act_mean_ab,0.342307692308,
C022,Y115H,x,Na_rel,1.42857142857,nandwani2025
C022,Y115H,y,wt_site_rsa_8act_mean_ab,0.018018018018,
C023,A797T,x,Na_rel,1.95081967213,morck2022
C023,A797T,y,ihm_interface_flag_8act,0,
C023,D382Y,x,Na_rel,1.47368421053,adhikari2019
C023,D382Y,y,ihm_interface_flag_8act,1,
C023,D778V,x,Na_rel,1.32786885246,morck2022
C023,D778V,y,ihm_interface_flag_8act,0,
C023,E497D,x,Na_rel,1.42857142857,nandwani2025
C023,E497D,y,ihm_interface_flag_8act,0,
C023,F834L,x,Na_rel,1.34426229508,morck2022
C023,F834L,y,ihm_interface_flag_8act,0,
C023,G768R,x,Na_rel,1.75,pathak2026
C023,G768R,y,ihm_interface_flag_8act,0,
C023,H251N,x,Na_rel,1.59649122807,adhikari2019
C023,H251N,y,ihm_interface_flag_8act,0,
C023,I457T,x,Na_rel,0.982456140351,adhikari2019
C023,I457T,y,ihm_interface_flag_8act,0,
C023,L781P,x,Na_rel,1.39344262295,morck2022
C023,L781P,y,ihm_interface_flag_8act,0,
C023,P710R,x,Na_rel,1.55675675676,vanderroest2021
C023,P710R,y,ihm_interface_flag_8act,0,
C023,R249Q,x,Na_rel,1.68421052632,adhikari2019
C023,R249Q,y,ihm_interface_flag_8act,0,
C023,R403Q,x,Na_rel,1.39682539682,sarkar2020
C023,R403Q,y,ihm_interface_flag_8act,1,
C023,R663H,x,Na_rel,1.16326530612,sarkar2020
C023,R663H,y,ihm_interface_flag_8act,0,
C023,R719W,x,Na_rel,1.80701754386,adhikari2019
C023,R719W,y,ihm_interface_flag_8act,0,
C023,S782N,x,Na_rel,1.32786885246,morck2022
C023,S782N,y,ihm_interface_flag_8act,0,
C023,Y115H,x,Na_rel,1.42857142857,nandwani2025
C023,Y115H,y,ihm_interface_flag_8act,0,
C024,D239N,x,v_rel,1.94186046512,adhikari2016
C024,D239N,y,adp_rigor_ca_shift_A,0.647845688,
C024,D778V,x,v_rel,1.45871842144,morck2022
C024,D778V,y,adp_rigor_ca_shift_A,8.86589456,
C024,E497D,x,v_rel,0.808416389812,nandwani2025
C024,E497D,y,adp_rigor_ca_shift_A,2.321440558,
C024,G768R,x,v_rel,0.198040016333,pathak2026
C024,G768R,y,adp_rigor_ca_shift_A,4.944418844,
C024,H251N,x,v_rel,1.39534883721,adhikari2016
C024,H251N,y,adp_rigor_ca_shift_A,0.549455682,
C024,I457T,x,v_rel,2.42857142857,adhikari2019
C024,I457T,y,adp_rigor_ca_shift_A,0.514728554,
C024,L781P,x,v_rel,0.704141222701,morck2022
C024,L781P,y,adp_rigor_ca_shift_A,9.189484579,
C024,P710R,x,v_rel,0.313648293963,vanderroest2021
C024,P710R,y,adp_rigor_ca_shift_A,4.618472905,
C024,R403Q,x,v_rel,1.14545454545,nag2015
C024,R403Q,y,adp_rigor_ca_shift_A,0.423043993,
C024,R453C,x,v_rel,0.7625,sommese2013
C024,R453C,y,adp_rigor_ca_shift_A,0.593341729,
C024,R663H,x,v_rel,1.01707317073,sarkar2020
C024,R663H,y,adp_rigor_ca_shift_A,0.470765238,
C024,S782N,x,v_rel,0.980249636914,morck2022
C024,S782N,y,adp_rigor_ca_shift_A,9.627779674,
C024,Y115H,x,v_rel,0.449612403101,nandwani2025
C024,Y115H,y,adp_rigor_ca_shift_A,1.001480582,
C025,D239N,x,v_rel,1.94186046512,adhikari2016
C025,D239N,y,adp_adenine_ca_distance_8efe_A,13.403061292,
C025,D778V,x,v_rel,1.45871842144,morck2022
C025,D778V,y,adp_adenine_ca_distance_8efe_A,40.463212935,
C025,E497D,x,v_rel,0.808416389812,nandwani2025
C025,E497D,y,adp_adenine_ca_distance_8efe_A,33.041275717,
C025,G768R,x,v_rel,0.198040016333,pathak2026
C025,G768R,y,adp_adenine_ca_distance_8efe_A,37.221601537,
C025,H251N,x,v_rel,1.39534883721,adhikari2016
C025,H251N,y,adp_adenine_ca_distance_8efe_A,25.169257061,
C025,I457T,x,v_rel,2.42857142857,adhikari2019
C025,I457T,y,adp_adenine_ca_distance_8efe_A,21.837342352,
C025,L781P,x,v_rel,0.704141222701,morck2022
C025,L781P,y,adp_adenine_ca_distance_8efe_A,44.222855912,
C025,P710R,x,v_rel,0.313648293963,vanderroest2021
C025,P710R,y,adp_adenine_ca_distance_8efe_A,32.007836947,
C025,R403Q,x,v_rel,1.14545454545,nag2015
C025,R403Q,y,adp_adenine_ca_distance_8efe_A,51.830841456,
C025,R453C,x,v_rel,0.7625,sommese2013
C025,R453C,y,adp_adenine_ca_distance_8efe_A,30.254764402,
C025,R663H,x,v_rel,1.01707317073,sarkar2020
C025,R663H,y,adp_adenine_ca_distance_8efe_A,28.386762514,
C025,S782N,x,v_rel,0.980249636914,morck2022
C025,S782N,y,adp_adenine_ca_distance_8efe_A,44.593384453,
C025,Y115H,x,v_rel,0.449612403101,nandwani2025
C025,Y115H,y,adp_adenine_ca_distance_8efe_A,10.592775132,
C026,D239N,x,v_rel,1.94186046512,adhikari2016
C026,D239N,y,rigor_actin_min_heavy_distance_8efi_A,35.055819859,
C026,D778V,x,v_rel,1.45871842144,morck2022
C026,D778V,y,rigor_actin_min_heavy_distance_8efi_A,49.423230469,
C026,E497D,x,v_rel,0.808416389812,nandwani2025
C026,E497D,y,rigor_actin_min_heavy_distance_8efi_A,35.006758447,
C026,G768R,x,v_rel,0.198040016333,pathak2026
C026,G768R,y,rigor_actin_min_heavy_distance_8efi_A,41.371189951,
C026,H251N,x,v_rel,1.39534883721,adhikari2016
C026,H251N,y,rigor_actin_min_heavy_distance_8efi_A,33.494749156,
C026,I457T,x,v_rel,2.42857142857,adhikari2019
C026,I457T,y,rigor_actin_min_heavy_distance_8efi_A,34.656604638,
C026,L781P,x,v_rel,0.704141222701,morck2022
C026,L781P,y,rigor_actin_min_heavy_distance_8efi_A,54.824513176,
C026,P710R,x,v_rel,0.313648293963,vanderroest2021
C026,P710R,y,rigor_actin_min_heavy_distance_8efi_A,42.843603397,
C026,R403Q,x,v_rel,1.14545454545,nag2015
C026,R403Q,y,rigor_actin_min_heavy_distance_8efi_A,6.824444959,
C026,R453C,x,v_rel,0.7625,sommese2013
C026,R453C,y,rigor_actin_min_heavy_distance_8efi_A,35.183105321,
C026,R663H,x,v_rel,1.01707317073,sarkar2020
C026,R663H,y,rigor_actin_min_heavy_distance_8efi_A,18.430391993,
C026,Y115H,x,v_rel,0.449612403101,nandwani2025
C026,Y115H,y,rigor_actin_min_heavy_distance_8efi_A,46.983964392,
C027,A797T,x,v_rel,0.946675899425,morck2022
C027,A797T,y,relay_landmark_min_ca_distance_8act_mean_ab,52.462266922,
C027,D239N,x,v_rel,1.94186046512,adhikari2016
C027,D239N,y,relay_landmark_min_ca_distance_8act_mean_ab,35.685035706,
C027,D778V,x,v_rel,1.45871842144,morck2022
C027,D778V,y,relay_landmark_min_ca_distance_8act_mean_ab,28.416404724,
C027,E497D,x,v_rel,0.808416389812,nandwani2025
C027,E497D,y,relay_landmark_min_ca_distance_8act_mean_ab,0.0,
C027,F834L,x,v_rel,1.0180466619,morck2022
C027,F834L,y,relay_landmark_min_ca_distance_8act_mean_ab,91.854549408,
C027,G768R,x,v_rel,0.198040016333,pathak2026
C027,G768R,y,relay_landmark_min_ca_distance_8act_mean_ab,17.450050354,
C027,H251N,x,v_rel,1.39534883721,adhikari2016
C027,H251N,y,relay_landmark_min_ca_distance_8act_mean_ab,27.890908241,
C027,I457T,x,v_rel,2.42857142857,adhikari2019
C027,I457T,y,relay_landmark_min_ca_distance_8act_mean_ab,22.242405891,
C027,L781P,x,v_rel,0.704141222701,morck2022
C027,L781P,y,relay_landmark_min_ca_distance_8act_mean_ab,31.056694984,
C027,P710R,x,v_rel,0.313648293963,vanderroest2021
C027,P710R,y,relay_landmark_min_ca_distance_8act_mean_ab,8.58924818,
C027,R403Q,x,v_rel,1.14545454545,nag2015
C027,R403Q,y,relay_landmark_min_ca_distance_8act_mean_ab,58.937068939,
C027,R453C,x,v_rel,0.7625,sommese2013
C027,R453C,y,relay_landmark_min_ca_distance_8act_mean_ab,30.65838623,
C027,R663H,x,v_rel,1.01707317073,sarkar2020
C027,R663H,y,relay_landmark_min_ca_distance_8act_mean_ab,13.299701691,
C027,S782N,x,v_rel,0.980249636914,morck2022
C027,S782N,y,relay_landmark_min_ca_distance_8act_mean_ab,33.881681442,
C027,Y115H,x,v_rel,0.449612403101,nandwani2025
C027,Y115H,y,relay_landmark_min_ca_distance_8act_mean_ab,25.090517044,
C028,A797T,x,v_rel,0.946675899425,morck2022
C028,A797T,y,elc_min_heavy_distance_8act_mean_ab,3.156838916,
C028,D239N,x,v_rel,1.94186046512,adhikari2016
C028,D239N,y,elc_min_heavy_distance_8act_mean_ab,38.631224062,
C028,D778V,x,v_rel,1.45871842144,morck2022
C028,D778V,y,elc_min_heavy_distance_8act_mean_ab,5.919902893,
C028,E497D,x,v_rel,0.808416389812,nandwani2025
C028,E497D,y,elc_min_heavy_distance_8act_mean_ab,22.479331336,
C028,F834L,x,v_rel,1.0180466619,morck2022
C028,F834L,y,elc_min_heavy_distance_8act_mean_ab,29.13726394,
C028,G768R,x,v_rel,0.198040016333,pathak2026
C028,G768R,y,elc_min_heavy_distance_8act_mean_ab,17.509287479,
C028,H251N,x,v_rel,1.39534883721,adhikari2016
C028,H251N,y,elc_min_heavy_distance_8act_mean_ab,13.811298229,
C028,I457T,x,v_rel,2.42857142857,adhikari2019
C028,I457T,y,elc_min_heavy_distance_8act_mean_ab,12.500166133,
C028,L781P,x,v_rel,0.704141222701,morck2022
C028,L781P,y,elc_min_heavy_distance_8act_mean_ab,3.36913415,
C028,P710R,x,v_rel,0.313648293963,vanderroest2021
C028,P710R,y,elc_min_heavy_distance_8act_mean_ab,18.87526729,
C028,R403Q,x,v_rel,1.14545454545,nag2015
C028,R403Q,y,elc_min_heavy_distance_8act_mean_ab,59.339271569,
C028,R453C,x,v_rel,0.7625,sommese2013
C028,R453C,y,elc_min_heavy_distance_8act_mean_ab,10.360766721,
C028,R663H,x,v_rel,1.01707317073,sarkar2020
C028,R663H,y,elc_min_heavy_distance_8act_mean_ab,21.301204586,
C028,S782N,x,v_rel,0.980249636914,morck2022
C028,S782N,y,elc_min_heavy_distance_8act_mean_ab,4.56841049,
C028,Y115H,x,v_rel,0.449612403101,nandwani2025
C028,Y115H,y,elc_min_heavy_distance_8act_mean_ab,23.217351996,
C029,A797T,x,v_rel,0.946675899425,morck2022
C029,A797T,y,delta_charge,0,
C029,D239N,x,v_rel,1.94186046512,adhikari2016
C029,D239N,y,delta_charge,1,
C029,D778V,x,v_rel,1.45871842144,morck2022
C029,D778V,y,delta_charge,1,
C029,E497D,x,v_rel,0.808416389812,nandwani2025
C029,E497D,y,delta_charge,0,
C029,F834L,x,v_rel,1.0180466619,morck2022
C029,F834L,y,delta_charge,0,
C029,G768R,x,v_rel,0.198040016333,pathak2026
C029,G768R,y,delta_charge,1,
C029,H251N,x,v_rel,1.39534883721,adhikari2016
C029,H251N,y,delta_charge,0,
C029,I457T,x,v_rel,2.42857142857,adhikari2019
C029,I457T,y,delta_charge,0,
C029,L781P,x,v_rel,0.704141222701,morck2022
C029,L781P,y,delta_charge,0,
C029,P710R,x,v_rel,0.313648293963,vanderroest2021
C029,P710R,y,delta_charge,1,
C029,R403Q,x,v_rel,1.14545454545,nag2015
C029,R403Q,y,delta_charge,-1,
C029,R453C,x,v_rel,0.7625,sommese2013
C029,R453C,y,delta_charge,-1,
C029,R663H,x,v_rel,1.01707317073,sarkar2020
C029,R663H,y,delta_charge,-1,
C029,S782N,x,v_rel,0.980249636914,morck2022
C029,S782N,y,delta_charge,0,
C029,Y115H,x,v_rel,0.449612403101,nandwani2025
C029,Y115H,y,delta_charge,0,
C030,A797T,x,v_rel,0.946675899425,morck2022
C030,A797T,y,grantham_distance,58,
C030,D239N,x,v_rel,1.94186046512,adhikari2016
C030,D239N,y,grantham_distance,23,
C030,D778V,x,v_rel,1.45871842144,morck2022
C030,D778V,y,grantham_distance,152,
C030,E497D,x,v_rel,0.808416389812,nandwani2025
C030,E497D,y,grantham_distance,45,
C030,F834L,x,v_rel,1.0180466619,morck2022
C030,F834L,y,grantham_distance,22,
C030,G768R,x,v_rel,0.198040016333,pathak2026
C030,G768R,y,grantham_distance,125,
C030,H251N,x,v_rel,1.39534883721,adhikari2016
C030,H251N,y,grantham_distance,68,
C030,I457T,x,v_rel,2.42857142857,adhikari2019
C030,I457T,y,grantham_distance,89,
C030,L781P,x,v_rel,0.704141222701,morck2022
C030,L781P,y,grantham_distance,98,
C030,R403Q,x,v_rel,1.14545454545,nag2015
C030,R403Q,y,grantham_distance,43,
C030,R453C,x,v_rel,0.7625,sommese2013
C030,R453C,y,grantham_distance,180,
C030,R663H,x,v_rel,1.01707317073,sarkar2020
C030,R663H,y,grantham_distance,29,
C030,S782N,x,v_rel,0.980249636914,morck2022
C030,S782N,y,grantham_distance,46,
C030,Y115H,x,v_rel,0.449612403101,nandwani2025
C030,Y115H,y,grantham_distance,83,
C031,A797T,x,v_rel,0.946675899425,morck2022
C031,A797T,y,catalytic_motif_min_ca_distance_8act_mean_ab,52.61597947966432,
C031,D239N,x,v_rel,1.94186046512,adhikari2016
C031,D239N,y,catalytic_motif_min_ca_distance_8act_mean_ab,0.0,
C031,D778V,x,v_rel,1.45871842144,morck2022
C031,D778V,y,catalytic_motif_min_ca_distance_8act_mean_ab,34.84337112631988,
C031,E497D,x,v_rel,0.808416389812,nandwani2025
C031,E497D,y,catalytic_motif_min_ca_distance_8act_mean_ab,22.822294945851162,
C031,F834L,x,v_rel,1.0180466619,morck2022
C031,F834L,y,catalytic_motif_min_ca_distance_8act_mean_ab,86.25095026129094,
C031,G768R,x,v_rel,0.198040016333,pathak2026
C031,G768R,y,catalytic_motif_min_ca_distance_8act_mean_ab,27.477198222458405,
C031,H251N,x,v_rel,1.39534883721,adhikari2016
C031,H251N,y,catalytic_motif_min_ca_distance_8act_mean_ab,16.073682688680528,
C031,I457T,x,v_rel,2.42857142857,adhikari2019
C031,I457T,y,catalytic_motif_min_ca_distance_8act_mean_ab,13.221737309855547,
C031,L781P,x,v_rel,0.704141222701,morck2022
C031,L781P,y,catalytic_motif_min_ca_distance_8act_mean_ab,38.97306060048324,
C031,R403Q,x,v_rel,1.14545454545,nag2015
C031,R403Q,y,catalytic_motif_min_ca_distance_8act_mean_ab,33.522361644995755,
C031,R453C,x,v_rel,0.7625,sommese2013
C031,R453C,y,catalytic_motif_min_ca_distance_8act_mean_ab,21.430166265853757,
C031,R663H,x,v_rel,1.01707317073,sarkar2020
C031,R663H,y,catalytic_motif_min_ca_distance_8act_mean_ab,16.313801523298913,
C031,S782N,x,v_rel,0.980249636914,morck2022
C031,S782N,y,catalytic_motif_min_ca_distance_8act_mean_ab,38.841925839573804,
C031,Y115H,x,v_rel,0.449612403101,nandwani2025
C031,Y115H,y,catalytic_motif_min_ca_distance_8act_mean_ab,12.022325833439357,
C032,A797T,x,v_rel,0.946675899425,morck2022
C032,A797T,y,wt_site_rsa_8act_mean_ab,0.0283018867925,
C032,D778V,x,v_rel,1.45871842144,morck2022
C032,D778V,y,wt_site_rsa_8act_mean_ab,0.315950920245,
C032,E497D,x,v_rel,0.808416389812,nandwani2025
C032,E497D,y,wt_site_rsa_8act_mean_ab,0.0876288659794,
C032,F834L,x,v_rel,1.0180466619,morck2022
C032,F834L,y,wt_site_rsa_8act_mean_ab,0.210659898477,
C032,G768R,x,v_rel,0.198040016333,pathak2026
C032,G768R,y,wt_site_rsa_8act_mean_ab,0.613095238095,
C032,H251N,x,v_rel,1.39534883721,adhikari2016
C032,H251N,y,wt_site_rsa_8act_mean_ab,0.0951086956522,
C032,I457T,x,v_rel,2.42857142857,adhikari2019
C032,I457T,y,wt_site_rsa_8act_mean_ab,0,
C032,L781P,x,v_rel,0.704141222701,morck2022
C032,L781P,y,wt_site_rsa_8act_mean_ab,0.15243902439,
C032,P710R,x,v_rel,0.313648293963,vanderroest2021
C032,P710R,y,wt_site_rsa_8act_mean_ab,0.110294117647,
C032,R403Q,x,v_rel,1.14545454545,nag2015
C032,R403Q,y,wt_site_rsa_8act_mean_ab,0.183467741935,
C032,R663H,x,v_rel,1.01707317073,sarkar2020
C032,R663H,y,wt_site_rsa_8act_mean_ab,0.608870967742,
C032,S782N,x,v_rel,0.980249636914,morck2022
C032,S782N,y,wt_site_rsa_8act_mean_ab,0.342307692308,
C032,Y115H,x,v_rel,0.449612403101,nandwani2025
C032,Y115H,y,wt_site_rsa_8act_mean_ab,0.018018018018,
C033,A797T,x,v_rel,0.946675899425,morck2022
C033,A797T,y,ihm_interface_flag_8act,0,
C033,D778V,x,v_rel,1.45871842144,morck2022
C033,D778V,y,ihm_interface_flag_8act,0,
C033,E497D,x,v_rel,0.808416389812,nandwani2025
C033,E497D,y,ihm_interface_flag_8act,0,
C033,F834L,x,v_rel,1.0180466619,morck2022
C033,F834L,y,ihm_interface_flag_8act,0,
C033,G768R,x,v_rel,0.198040016333,pathak2026
C033,G768R,y,ihm_interface_flag_8act,0,
C033,H251N,x,v_rel,1.39534883721,adhikari2016
C033,H251N,y,ihm_interface_flag_8act,0,
C033,I457T,x,v_rel,2.42857142857,adhikari2019
C033,I457T,y,ihm_interface_flag_8act,0,
C033,L781P,x,v_rel,0.704141222701,morck2022
C033,L781P,y,ihm_interface_flag_8act,0,
C033,P710R,x,v_rel,0.313648293963,vanderroest2021
C033,P710R,y,ihm_interface_flag_8act,0,
C033,R403Q,x,v_rel,1.14545454545,nag2015
C033,R403Q,y,ihm_interface_flag_8act,1,
C033,R663H,x,v_rel,1.01707317073,sarkar2020
C033,R663H,y,ihm_interface_flag_8act,0,
C033,S782N,x,v_rel,0.980249636914,morck2022
C033,S782N,y,ihm_interface_flag_8act,0,
C033,Y115H,x,v_rel,0.449612403101,nandwani2025
C033,Y115H,y,ihm_interface_flag_8act,0,
C034,D239N,x,adp_rigor_ca_shift_A,0.647845688,
C034,D239N,y,adp_adenine_ca_distance_8efe_A,13.403061292,
C034,D382Y,x,adp_rigor_ca_shift_A,1.074311125,
C034,D382Y,y,adp_adenine_ca_distance_8efe_A,45.385706627,
C034,D778V,x,adp_rigor_ca_shift_A,8.86589456,
C034,D778V,y,adp_adenine_ca_distance_8efe_A,40.463212935,
C034,E497D,x,adp_rigor_ca_shift_A,2.321440558,
C034,E497D,y,adp_adenine_ca_distance_8efe_A,33.041275717,
C034,G741R,x,adp_rigor_ca_shift_A,7.082193584,
C034,G741R,y,adp_adenine_ca_distance_8efe_A,50.536779052,
C034,G768R,x,adp_rigor_ca_shift_A,4.944418844,
C034,G768R,y,adp_adenine_ca_distance_8efe_A,37.221601537,
C034,H251N,x,adp_rigor_ca_shift_A,0.549455682,
C034,H251N,y,adp_adenine_ca_distance_8efe_A,25.169257061,
C034,I457T,x,adp_rigor_ca_shift_A,0.514728554,
C034,I457T,y,adp_adenine_ca_distance_8efe_A,21.837342352,
C034,I467V,x,adp_rigor_ca_shift_A,1.229711029,
C034,I467V,y,adp_adenine_ca_distance_8efe_A,21.332175956,
C034,L781P,x,adp_rigor_ca_shift_A,9.189484579,
C034,L781P,y,adp_adenine_ca_distance_8efe_A,44.222855912,
C034,M493I,x,adp_rigor_ca_shift_A,1.565772466,
C034,M493I,y,adp_adenine_ca_distance_8efe_A,28.201165455,
C034,P710R,x,adp_rigor_ca_shift_A,4.618472905,
C034,P710R,y,adp_adenine_ca_distance_8efe_A,32.007836947,
C034,R249Q,x,adp_rigor_ca_shift_A,0.32951951,
C034,R249Q,y,adp_adenine_ca_distance_8efe_A,21.010504373,
C034,R403Q,x,adp_rigor_ca_shift_A,0.423043993,
C034,R403Q,y,adp_adenine_ca_distance_8efe_A,51.830841456,
C034,R453C,x,adp_rigor_ca_shift_A,0.593341729,
C034,R453C,y,adp_adenine_ca_distance_8efe_A,30.254764402,
C034,R663H,x,adp_rigor_ca_shift_A,0.470765238,
C034,R663H,y,adp_adenine_ca_distance_8efe_A,28.386762514,
C034,R671C,x,adp_rigor_ca_shift_A,1.341872897,
C034,R671C,y,adp_adenine_ca_distance_8efe_A,12.481364389,
C034,R719W,x,adp_rigor_ca_shift_A,8.406363571,
C034,R719W,y,adp_adenine_ca_distance_8efe_A,43.651493651,
C034,S782N,x,adp_rigor_ca_shift_A,9.627779674,
C034,S782N,y,adp_adenine_ca_distance_8efe_A,44.593384453,
C034,Y115H,x,adp_rigor_ca_shift_A,1.001480582,
C034,Y115H,y,adp_adenine_ca_distance_8efe_A,10.592775132,
C035,D239N,x,adp_rigor_ca_shift_A,0.647845688,
C035,D239N,y,rigor_actin_min_heavy_distance_8efi_A,35.055819859,
C035,D382Y,x,adp_rigor_ca_shift_A,1.074311125,
C035,D382Y,y,rigor_actin_min_heavy_distance_8efi_A,23.146598433,
C035,D778V,x,adp_rigor_ca_shift_A,8.86589456,
C035,D778V,y,rigor_actin_min_heavy_distance_8efi_A,49.423230469,
C035,E497D,x,adp_rigor_ca_shift_A,2.321440558,
C035,E497D,y,rigor_actin_min_heavy_distance_8efi_A,35.006758447,
C035,G741R,x,adp_rigor_ca_shift_A,7.082193584,
C035,G741R,y,rigor_actin_min_heavy_distance_8efi_A,59.812430589,
C035,G768R,x,adp_rigor_ca_shift_A,4.944418844,
C035,G768R,y,rigor_actin_min_heavy_distance_8efi_A,41.371189951,
C035,H251N,x,adp_rigor_ca_shift_A,0.549455682,
C035,H251N,y,rigor_actin_min_heavy_distance_8efi_A,33.494749156,
C035,I457T,x,adp_rigor_ca_shift_A,0.514728554,
C035,I457T,y,rigor_actin_min_heavy_distance_8efi_A,34.656604638,
C035,I467V,x,adp_rigor_ca_shift_A,1.229711029,
C035,I467V,y,rigor_actin_min_heavy_distance_8efi_A,25.12088623,
C035,L781P,x,adp_rigor_ca_shift_A,9.189484579,
C035,L781P,y,rigor_actin_min_heavy_distance_8efi_A,54.824513176,
C035,M493I,x,adp_rigor_ca_shift_A,1.565772466,
C035,M493I,y,rigor_actin_min_heavy_distance_8efi_A,31.105244076,
C035,P710R,x,adp_rigor_ca_shift_A,4.618472905,
C035,P710R,y,rigor_actin_min_heavy_distance_8efi_A,42.843603397,
C035,R249Q,x,adp_rigor_ca_shift_A,0.32951951,
C035,R249Q,y,rigor_actin_min_heavy_distance_8efi_A,29.534631079,
C035,R403Q,x,adp_rigor_ca_shift_A,0.423043993,
C035,R403Q,y,rigor_actin_min_heavy_distance_8efi_A,6.824444959,
C035,R453C,x,adp_rigor_ca_shift_A,0.593341729,
C035,R453C,y,rigor_actin_min_heavy_distance_8efi_A,35.183105321,
C035,R663H,x,adp_rigor_ca_shift_A,0.470765238,
C035,R663H,y,rigor_actin_min_heavy_distance_8efi_A,18.430391993,
C035,R671C,x,adp_rigor_ca_shift_A,1.341872897,
C035,R671C,y,rigor_actin_min_heavy_distance_8efi_A,31.945815375,
C035,R719W,x,adp_rigor_ca_shift_A,8.406363571,
C035,R719W,y,rigor_actin_min_heavy_distance_8efi_A,59.390799237,
C035,Y115H,x,adp_rigor_ca_shift_A,1.001480582,
C035,Y115H,y,rigor_actin_min_heavy_distance_8efi_A,46.983964392,
C036,D239N,x,adp_rigor_ca_shift_A,0.647845688,
C036,D239N,y,relay_landmark_min_ca_distance_8act_mean_ab,35.685035706,
C036,D382Y,x,adp_rigor_ca_shift_A,1.074311125,
C036,D382Y,y,relay_landmark_min_ca_distance_8act_mean_ab,63.235746384,
C036,D778V,x,adp_rigor_ca_shift_A,8.86589456,
C036,D778V,y,relay_landmark_min_ca_distance_8act_mean_ab,28.416404724,
C036,E497D,x,adp_rigor_ca_shift_A,2.321440558,
C036,E497D,y,relay_landmark_min_ca_distance_8act_mean_ab,0.0,
C036,G741R,x,adp_rigor_ca_shift_A,7.082193584,
C036,G741R,y,relay_landmark_min_ca_distance_8act_mean_ab,17.866434097,
C036,G768R,x,adp_rigor_ca_shift_A,4.944418844,
C036,G768R,y,relay_landmark_min_ca_distance_8act_mean_ab,17.450050354,
C036,H251N,x,adp_rigor_ca_shift_A,0.549455682,
C036,H251N,y,relay_landmark_min_ca_distance_8act_mean_ab,27.890908241,
C036,I457T,x,adp_rigor_ca_shift_A,0.514728554,
C036,I457T,y,relay_landmark_min_ca_distance_8act_mean_ab,22.242405891,
C036,I467V,x,adp_rigor_ca_shift_A,1.229711029,
C036,I467V,y,relay_landmark_min_ca_distance_8act_mean_ab,26.474781036,
C036,L781P,x,adp_rigor_ca_shift_A,9.189484579,
C036,L781P,y,relay_landmark_min_ca_distance_8act_mean_ab,31.056694984,
C036,M493I,x,adp_rigor_ca_shift_A,1.565772466,
C036,M493I,y,relay_landmark_min_ca_distance_8act_mean_ab,6.19353199,
C036,P710R,x,adp_rigor_ca_shift_A,4.618472905,
C036,P710R,y,relay_landmark_min_ca_distance_8act_mean_ab,8.58924818,
C036,R249Q,x,adp_rigor_ca_shift_A,0.32951951,
C036,R249Q,y,relay_landmark_min_ca_distance_8act_mean_ab,26.015706062,
C036,R403Q,x,adp_rigor_ca_shift_A,0.423043993,
C036,R403Q,y,relay_landmark_min_ca_distance_8act_mean_ab,58.937068939,
C036,R453C,x,adp_rigor_ca_shift_A,0.593341729,
C036,R453C,y,relay_landmark_min_ca_distance_8act_mean_ab,30.65838623,
C036,R663H,x,adp_rigor_ca_shift_A,0.470765238,
C036,R663H,y,relay_landmark_min_ca_distance_8act_mean_ab,13.299701691,
C036,R671C,x,adp_rigor_ca_shift_A,1.341872897,
C036,R671C,y,relay_landmark_min_ca_distance_8act_mean_ab,18.444245338,
C036,R719W,x,adp_rigor_ca_shift_A,8.406363571,
C036,R719W,y,relay_landmark_min_ca_distance_8act_mean_ab,18.235423088,
C036,S782N,x,adp_rigor_ca_shift_A,9.627779674,
C036,S782N,y,relay_landmark_min_ca_distance_8act_mean_ab,33.881681442,
C036,Y115H,x,adp_rigor_ca_shift_A,1.001480582,
C036,Y115H,y,relay_landmark_min_ca_distance_8act_mean_ab,25.090517044,
C037,D239N,x,adp_rigor_ca_shift_A,0.647845688,
C037,D239N,y,elc_min_heavy_distance_8act_mean_ab,38.631224062,
C037,D382Y,x,adp_rigor_ca_shift_A,1.074311125,
C037,D382Y,y,elc_min_heavy_distance_8act_mean_ab,58.317239874,
C037,D778V,x,adp_rigor_ca_shift_A,8.86589456,
C037,D778V,y,elc_min_heavy_distance_8act_mean_ab,5.919902893,
C037,E497D,x,adp_rigor_ca_shift_A,2.321440558,
C037,E497D,y,elc_min_heavy_distance_8act_mean_ab,22.479331336,
C037,G741R,x,adp_rigor_ca_shift_A,7.082193584,
C037,G741R,y,elc_min_heavy_distance_8act_mean_ab,12.707218468,
C037,G768R,x,adp_rigor_ca_shift_A,4.944418844,
C037,G768R,y,elc_min_heavy_distance_8act_mean_ab,17.509287479,
C037,H251N,x,adp_rigor_ca_shift_A,0.549455682,
C037,H251N,y,elc_min_heavy_distance_8act_mean_ab,13.811298229,
C037,I457T,x,adp_rigor_ca_shift_A,0.514728554,
C037,I457T,y,elc_min_heavy_distance_8act_mean_ab,12.500166133,
C037,I467V,x,adp_rigor_ca_shift_A,1.229711029,
C037,I467V,y,elc_min_heavy_distance_8act_mean_ab,43.063935422,
C037,L781P,x,adp_rigor_ca_shift_A,9.189484579,
C037,L781P,y,elc_min_heavy_distance_8act_mean_ab,3.36913415,
C037,M493I,x,adp_rigor_ca_shift_A,1.565772466,
C037,M493I,y,elc_min_heavy_distance_8act_mean_ab,23.688039216,
C037,P710R,x,adp_rigor_ca_shift_A,4.618472905,
C037,P710R,y,elc_min_heavy_distance_8act_mean_ab,18.87526729,
C037,R249Q,x,adp_rigor_ca_shift_A,0.32951951,
C037,R249Q,y,elc_min_heavy_distance_8act_mean_ab,18.980836575,
C037,R403Q,x,adp_rigor_ca_shift_A,0.423043993,
C037,R403Q,y,elc_min_heavy_distance_8act_mean_ab,59.339271569,
C037,R453C,x,adp_rigor_ca_shift_A,0.593341729,
C037,R453C,y,elc_min_heavy_distance_8act_mean_ab,10.360766721,
C037,R663H,x,adp_rigor_ca_shift_A,0.470765238,
C037,R663H,y,elc_min_heavy_distance_8act_mean_ab,21.301204586,
C037,R671C,x,adp_rigor_ca_shift_A,1.341872897,
C037,R671C,y,elc_min_heavy_distance_8act_mean_ab,25.784122897,
C037,R719W,x,adp_rigor_ca_shift_A,8.406363571,
C037,R719W,y,elc_min_heavy_distance_8act_mean_ab,6.05199896,
C037,S782N,x,adp_rigor_ca_shift_A,9.627779674,
C037,S782N,y,elc_min_heavy_distance_8act_mean_ab,4.56841049,
C037,Y115H,x,adp_rigor_ca_shift_A,1.001480582,
C037,Y115H,y,elc_min_heavy_distance_8act_mean_ab,23.217351996,
C038,D239N,x,adp_rigor_ca_shift_A,0.647845688,
C038,D239N,y,delta_charge,1,
C038,D382Y,x,adp_rigor_ca_shift_A,1.074311125,
C038,D382Y,y,delta_charge,1,
C038,D778V,x,adp_rigor_ca_shift_A,8.86589456,
C038,D778V,y,delta_charge,1,
C038,E497D,x,adp_rigor_ca_shift_A,2.321440558,
C038,E497D,y,delta_charge,0,
C038,G741R,x,adp_rigor_ca_shift_A,7.082193584,
C038,G741R,y,delta_charge,1,
C038,G768R,x,adp_rigor_ca_shift_A,4.944418844,
C038,G768R,y,delta_charge,1,
C038,H251N,x,adp_rigor_ca_shift_A,0.549455682,
C038,H251N,y,delta_charge,0,
C038,I457T,x,adp_rigor_ca_shift_A,0.514728554,
C038,I457T,y,delta_charge,0,
C038,L781P,x,adp_rigor_ca_shift_A,9.189484579,
C038,L781P,y,delta_charge,0,
C038,P710R,x,adp_rigor_ca_shift_A,4.618472905,
C038,P710R,y,delta_charge,1,
C038,R249Q,x,adp_rigor_ca_shift_A,0.32951951,
C038,R249Q,y,delta_charge,-1,
C038,R403Q,x,adp_rigor_ca_shift_A,0.423043993,
C038,R403Q,y,delta_charge,-1,
C038,R453C,x,adp_rigor_ca_shift_A,0.593341729,
C038,R453C,y,delta_charge,-1,
C038,R663H,x,adp_rigor_ca_shift_A,0.470765238,
C038,R663H,y,delta_charge,-1,
C038,R719W,x,adp_rigor_ca_shift_A,8.406363571,
C038,R719W,y,delta_charge,-1,
C038,S782N,x,adp_rigor_ca_shift_A,9.627779674,
C038,S782N,y,delta_charge,0,
C038,Y115H,x,adp_rigor_ca_shift_A,1.001480582,
C038,Y115H,y,delta_charge,0,
C039,D239N,x,adp_rigor_ca_shift_A,0.647845688,
C039,D239N,y,grantham_distance,23,
C039,D778V,x,adp_rigor_ca_shift_A,8.86589456,
C039,D778V,y,grantham_distance,152,
C039,E497D,x,adp_rigor_ca_shift_A,2.321440558,
C039,E497D,y,grantham_distance,45,
C039,G741R,x,adp_rigor_ca_shift_A,7.082193584,
C039,G741R,y,grantham_distance,125,
C039,G768R,x,adp_rigor_ca_shift_A,4.944418844,
C039,G768R,y,grantham_distance,125,
C039,H251N,x,adp_rigor_ca_shift_A,0.549455682,
C039,H251N,y,grantham_distance,68,
C039,I457T,x,adp_rigor_ca_shift_A,0.514728554,
C039,I457T,y,grantham_distance,89,
C039,L781P,x,adp_rigor_ca_shift_A,9.189484579,
C039,L781P,y,grantham_distance,98,
C039,R249Q,x,adp_rigor_ca_shift_A,0.32951951,
C039,R249Q,y,grantham_distance,43,
C039,R403Q,x,adp_rigor_ca_shift_A,0.423043993,
C039,R403Q,y,grantham_distance,43,
C039,R453C,x,adp_rigor_ca_shift_A,0.593341729,
C039,R453C,y,grantham_distance,180,
C039,R663H,x,adp_rigor_ca_shift_A,0.470765238,
C039,R663H,y,grantham_distance,29,
C039,R719W,x,adp_rigor_ca_shift_A,8.406363571,
C039,R719W,y,grantham_distance,101,
C039,S782N,x,adp_rigor_ca_shift_A,9.627779674,
C039,S782N,y,grantham_distance,46,
C039,Y115H,x,adp_rigor_ca_shift_A,1.001480582,
C039,Y115H,y,grantham_distance,83,
C040,D239N,x,adp_rigor_ca_shift_A,0.647845688,
C040,D239N,y,catalytic_motif_min_ca_distance_8act_mean_ab,0.0,
C040,D778V,x,adp_rigor_ca_shift_A,8.86589456,
C040,D778V,y,catalytic_motif_min_ca_distance_8act_mean_ab,34.84337112631988,
C040,E497D,x,adp_rigor_ca_shift_A,2.321440558,
C040,E497D,y,catalytic_motif_min_ca_distance_8act_mean_ab,22.822294945851162,
C040,G741R,x,adp_rigor_ca_shift_A,7.082193584,
C040,G741R,y,catalytic_motif_min_ca_distance_8act_mean_ab,43.44510234672077,
C040,G768R,x,adp_rigor_ca_shift_A,4.944418844,
C040,G768R,y,catalytic_motif_min_ca_distance_8act_mean_ab,27.477198222458405,
C040,H251N,x,adp_rigor_ca_shift_A,0.549455682,
C040,H251N,y,catalytic_motif_min_ca_distance_8act_mean_ab,16.073682688680528,
C040,I457T,x,adp_rigor_ca_shift_A,0.514728554,
C040,I457T,y,catalytic_motif_min_ca_distance_8act_mean_ab,13.221737309855547,
C040,L781P,x,adp_rigor_ca_shift_A,9.189484579,
C040,L781P,y,catalytic_motif_min_ca_distance_8act_mean_ab,38.97306060048324,
C040,R249Q,x,adp_rigor_ca_shift_A,0.32951951,
C040,R249Q,y,catalytic_motif_min_ca_distance_8act_mean_ab,9.744404953362427,
C040,R403Q,x,adp_rigor_ca_shift_A,0.423043993,
C040,R403Q,y,catalytic_motif_min_ca_distance_8act_mean_ab,33.522361644995755,
C040,R453C,x,adp_rigor_ca_shift_A,0.593341729,
C040,R453C,y,catalytic_motif_min_ca_distance_8act_mean_ab,21.430166265853757,
C040,R663H,x,adp_rigor_ca_shift_A,0.470765238,
C040,R663H,y,catalytic_motif_min_ca_distance_8act_mean_ab,16.313801523298913,
C040,R719W,x,adp_rigor_ca_shift_A,8.406363571,
C040,R719W,y,catalytic_motif_min_ca_distance_8act_mean_ab,37.94742621682316,
C040,S782N,x,adp_rigor_ca_shift_A,9.627779674,
C040,S782N,y,catalytic_motif_min_ca_distance_8act_mean_ab,38.841925839573804,
C040,Y115H,x,adp_rigor_ca_shift_A,1.001480582,
C040,Y115H,y,catalytic_motif_min_ca_distance_8act_mean_ab,12.022325833439357,
C041,D382Y,x,adp_rigor_ca_shift_A,1.074311125,
C041,D382Y,y,wt_site_rsa_8act_mean_ab,0.233128834356,
C041,D778V,x,adp_rigor_ca_shift_A,8.86589456,
C041,D778V,y,wt_site_rsa_8act_mean_ab,0.315950920245,
C041,E497D,x,adp_rigor_ca_shift_A,2.321440558,
C041,E497D,y,wt_site_rsa_8act_mean_ab,0.0876288659794,
C041,G768R,x,adp_rigor_ca_shift_A,4.944418844,
C041,G768R,y,wt_site_rsa_8act_mean_ab,0.613095238095,
C041,H251N,x,adp_rigor_ca_shift_A,0.549455682,
C041,H251N,y,wt_site_rsa_8act_mean_ab,0.0951086956522,
C041,I457T,x,adp_rigor_ca_shift_A,0.514728554,
C041,I457T,y,wt_site_rsa_8act_mean_ab,0,
C041,L781P,x,adp_rigor_ca_shift_A,9.189484579,
C041,L781P,y,wt_site_rsa_8act_mean_ab,0.15243902439,
C041,P710R,x,adp_rigor_ca_shift_A,4.618472905,
C041,P710R,y,wt_site_rsa_8act_mean_ab,0.110294117647,
C041,R249Q,x,adp_rigor_ca_shift_A,0.32951951,
C041,R249Q,y,wt_site_rsa_8act_mean_ab,0.20564516129,
C041,R403Q,x,adp_rigor_ca_shift_A,0.423043993,
C041,R403Q,y,wt_site_rsa_8act_mean_ab,0.183467741935,
C041,R663H,x,adp_rigor_ca_shift_A,0.470765238,
C041,R663H,y,wt_site_rsa_8act_mean_ab,0.608870967742,
C041,R719W,x,adp_rigor_ca_shift_A,8.406363571,
C041,R719W,y,wt_site_rsa_8act_mean_ab,0.161290322581,
C041,S782N,x,adp_rigor_ca_shift_A,9.627779674,
C041,S782N,y,wt_site_rsa_8act_mean_ab,0.342307692308,
C041,Y115H,x,adp_rigor_ca_shift_A,1.001480582,
C041,Y115H,y,wt_site_rsa_8act_mean_ab,0.018018018018,
C042,D382Y,x,adp_rigor_ca_shift_A,1.074311125,
C042,D382Y,y,ihm_interface_flag_8act,1,
C042,D778V,x,adp_rigor_ca_shift_A,8.86589456,
C042,D778V,y,ihm_interface_flag_8act,0,
C042,E497D,x,adp_rigor_ca_shift_A,2.321440558,
C042,E497D,y,ihm_interface_flag_8act,0,
C042,G768R,x,adp_rigor_ca_shift_A,4.944418844,
C042,G768R,y,ihm_interface_flag_8act,0,
C042,H251N,x,adp_rigor_ca_shift_A,0.549455682,
C042,H251N,y,ihm_interface_flag_8act,0,
C042,I457T,x,adp_rigor_ca_shift_A,0.514728554,
C042,I457T,y,ihm_interface_flag_8act,0,
C042,L781P,x,adp_rigor_ca_shift_A,9.189484579,
C042,L781P,y,ihm_interface_flag_8act,0,
C042,P710R,x,adp_rigor_ca_shift_A,4.618472905,
C042,P710R,y,ihm_interface_flag_8act,0,
C042,R249Q,x,adp_rigor_ca_shift_A,0.32951951,
C042,R249Q,y,ihm_interface_flag_8act,0,
C042,R403Q,x,adp_rigor_ca_shift_A,0.423043993,
C042,R403Q,y,ihm_interface_flag_8act,1,
C042,R663H,x,adp_rigor_ca_shift_A,0.470765238,
C042,R663H,y,ihm_interface_flag_8act,0,
C042,R719W,x,adp_rigor_ca_shift_A,8.406363571,
C042,R719W,y,ihm_interface_flag_8act,0,
C042,S782N,x,adp_rigor_ca_shift_A,9.627779674,
C042,S782N,y,ihm_interface_flag_8act,0,
C042,Y115H,x,adp_rigor_ca_shift_A,1.001480582,
C042,Y115H,y,ihm_interface_flag_8act,0,
C043,D239N,x,adp_adenine_ca_distance_8efe_A,13.403061292,
C043,D239N,y,rigor_actin_min_heavy_distance_8efi_A,35.055819859,
C043,D382Y,x,adp_adenine_ca_distance_8efe_A,45.385706627,
C043,D382Y,y,rigor_actin_min_heavy_distance_8efi_A,23.146598433,
C043,D778V,x,adp_adenine_ca_distance_8efe_A,40.463212935,
C043,D778V,y,rigor_actin_min_heavy_distance_8efi_A,49.423230469,
C043,E497D,x,adp_adenine_ca_distance_8efe_A,33.041275717,
C043,E497D,y,rigor_actin_min_heavy_distance_8efi_A,35.006758447,
C043,G741R,x,adp_adenine_ca_distance_8efe_A,50.536779052,
C043,G741R,y,rigor_actin_min_heavy_distance_8efi_A,59.812430589,
C043,G768R,x,adp_adenine_ca_distance_8efe_A,37.221601537,
C043,G768R,y,rigor_actin_min_heavy_distance_8efi_A,41.371189951,
C043,H251N,x,adp_adenine_ca_distance_8efe_A,25.169257061,
C043,H251N,y,rigor_actin_min_heavy_distance_8efi_A,33.494749156,
C043,I457T,x,adp_adenine_ca_distance_8efe_A,21.837342352,
C043,I457T,y,rigor_actin_min_heavy_distance_8efi_A,34.656604638,
C043,I467V,x,adp_adenine_ca_distance_8efe_A,21.332175956,
C043,I467V,y,rigor_actin_min_heavy_distance_8efi_A,25.12088623,
C043,L781P,x,adp_adenine_ca_distance_8efe_A,44.222855912,
C043,L781P,y,rigor_actin_min_heavy_distance_8efi_A,54.824513176,
C043,M493I,x,adp_adenine_ca_distance_8efe_A,28.201165455,
C043,M493I,y,rigor_actin_min_heavy_distance_8efi_A,31.105244076,
C043,P710R,x,adp_adenine_ca_distance_8efe_A,32.007836947,
C043,P710R,y,rigor_actin_min_heavy_distance_8efi_A,42.843603397,
C043,R249Q,x,adp_adenine_ca_distance_8efe_A,21.010504373,
C043,R249Q,y,rigor_actin_min_heavy_distance_8efi_A,29.534631079,
C043,R403Q,x,adp_adenine_ca_distance_8efe_A,51.830841456,
C043,R403Q,y,rigor_actin_min_heavy_distance_8efi_A,6.824444959,
C043,R453C,x,adp_adenine_ca_distance_8efe_A,30.254764402,
C043,R453C,y,rigor_actin_min_heavy_distance_8efi_A,35.183105321,
C043,R663H,x,adp_adenine_ca_distance_8efe_A,28.386762514,
C043,R663H,y,rigor_actin_min_heavy_distance_8efi_A,18.430391993,
C043,R671C,x,adp_adenine_ca_distance_8efe_A,12.481364389,
C043,R671C,y,rigor_actin_min_heavy_distance_8efi_A,31.945815375,
C043,R719W,x,adp_adenine_ca_distance_8efe_A,43.651493651,
C043,R719W,y,rigor_actin_min_heavy_distance_8efi_A,59.390799237,
C043,Y115H,x,adp_adenine_ca_distance_8efe_A,10.592775132,
C043,Y115H,y,rigor_actin_min_heavy_distance_8efi_A,46.983964392,
C044,D239N,x,adp_adenine_ca_distance_8efe_A,13.403061292,
C044,D239N,y,relay_landmark_min_ca_distance_8act_mean_ab,35.685035706,
C044,D382Y,x,adp_adenine_ca_distance_8efe_A,45.385706627,
C044,D382Y,y,relay_landmark_min_ca_distance_8act_mean_ab,63.235746384,
C044,D778V,x,adp_adenine_ca_distance_8efe_A,40.463212935,
C044,D778V,y,relay_landmark_min_ca_distance_8act_mean_ab,28.416404724,
C044,E497D,x,adp_adenine_ca_distance_8efe_A,33.041275717,
C044,E497D,y,relay_landmark_min_ca_distance_8act_mean_ab,0.0,
C044,G741R,x,adp_adenine_ca_distance_8efe_A,50.536779052,
C044,G741R,y,relay_landmark_min_ca_distance_8act_mean_ab,17.866434097,
C044,G768R,x,adp_adenine_ca_distance_8efe_A,37.221601537,
C044,G768R,y,relay_landmark_min_ca_distance_8act_mean_ab,17.450050354,
C044,H251N,x,adp_adenine_ca_distance_8efe_A,25.169257061,
C044,H251N,y,relay_landmark_min_ca_distance_8act_mean_ab,27.890908241,
C044,I457T,x,adp_adenine_ca_distance_8efe_A,21.837342352,
C044,I457T,y,relay_landmark_min_ca_distance_8act_mean_ab,22.242405891,
C044,I467V,x,adp_adenine_ca_distance_8efe_A,21.332175956,
C044,I467V,y,relay_landmark_min_ca_distance_8act_mean_ab,26.474781036,
C044,L781P,x,adp_adenine_ca_distance_8efe_A,44.222855912,
C044,L781P,y,relay_landmark_min_ca_distance_8act_mean_ab,31.056694984,
C044,M493I,x,adp_adenine_ca_distance_8efe_A,28.201165455,
C044,M493I,y,relay_landmark_min_ca_distance_8act_mean_ab,6.19353199,
C044,P710R,x,adp_adenine_ca_distance_8efe_A,32.007836947,
C044,P710R,y,relay_landmark_min_ca_distance_8act_mean_ab,8.58924818,
C044,R249Q,x,adp_adenine_ca_distance_8efe_A,21.010504373,
C044,R249Q,y,relay_landmark_min_ca_distance_8act_mean_ab,26.015706062,
C044,R403Q,x,adp_adenine_ca_distance_8efe_A,51.830841456,
C044,R403Q,y,relay_landmark_min_ca_distance_8act_mean_ab,58.937068939,
C044,R453C,x,adp_adenine_ca_distance_8efe_A,30.254764402,
C044,R453C,y,relay_landmark_min_ca_distance_8act_mean_ab,30.65838623,
C044,R663H,x,adp_adenine_ca_distance_8efe_A,28.386762514,
C044,R663H,y,relay_landmark_min_ca_distance_8act_mean_ab,13.299701691,
C044,R671C,x,adp_adenine_ca_distance_8efe_A,12.481364389,
C044,R671C,y,relay_landmark_min_ca_distance_8act_mean_ab,18.444245338,
C044,R719W,x,adp_adenine_ca_distance_8efe_A,43.651493651,
C044,R719W,y,relay_landmark_min_ca_distance_8act_mean_ab,18.235423088,
C044,S782N,x,adp_adenine_ca_distance_8efe_A,44.593384453,
C044,S782N,y,relay_landmark_min_ca_distance_8act_mean_ab,33.881681442,
C044,Y115H,x,adp_adenine_ca_distance_8efe_A,10.592775132,
C044,Y115H,y,relay_landmark_min_ca_distance_8act_mean_ab,25.090517044,
C045,D239N,x,adp_adenine_ca_distance_8efe_A,13.403061292,
C045,D239N,y,elc_min_heavy_distance_8act_mean_ab,38.631224062,
C045,D382Y,x,adp_adenine_ca_distance_8efe_A,45.385706627,
C045,D382Y,y,elc_min_heavy_distance_8act_mean_ab,58.317239874,
C045,D778V,x,adp_adenine_ca_distance_8efe_A,40.463212935,
C045,D778V,y,elc_min_heavy_distance_8act_mean_ab,5.919902893,
C045,E497D,x,adp_adenine_ca_distance_8efe_A,33.041275717,
C045,E497D,y,elc_min_heavy_distance_8act_mean_ab,22.479331336,
C045,G741R,x,adp_adenine_ca_distance_8efe_A,50.536779052,
C045,G741R,y,elc_min_heavy_distance_8act_mean_ab,12.707218468,
C045,G768R,x,adp_adenine_ca_distance_8efe_A,37.221601537,
C045,G768R,y,elc_min_heavy_distance_8act_mean_ab,17.509287479,
C045,H251N,x,adp_adenine_ca_distance_8efe_A,25.169257061,
C045,H251N,y,elc_min_heavy_distance_8act_mean_ab,13.811298229,
C045,I457T,x,adp_adenine_ca_distance_8efe_A,21.837342352,
C045,I457T,y,elc_min_heavy_distance_8act_mean_ab,12.500166133,
C045,I467V,x,adp_adenine_ca_distance_8efe_A,21.332175956,
C045,I467V,y,elc_min_heavy_distance_8act_mean_ab,43.063935422,
C045,L781P,x,adp_adenine_ca_distance_8efe_A,44.222855912,
C045,L781P,y,elc_min_heavy_distance_8act_mean_ab,3.36913415,
C045,M493I,x,adp_adenine_ca_distance_8efe_A,28.201165455,
C045,M493I,y,elc_min_heavy_distance_8act_mean_ab,23.688039216,
C045,P710R,x,adp_adenine_ca_distance_8efe_A,32.007836947,
C045,P710R,y,elc_min_heavy_distance_8act_mean_ab,18.87526729,
C045,R249Q,x,adp_adenine_ca_distance_8efe_A,21.010504373,
C045,R249Q,y,elc_min_heavy_distance_8act_mean_ab,18.980836575,
C045,R403Q,x,adp_adenine_ca_distance_8efe_A,51.830841456,
C045,R403Q,y,elc_min_heavy_distance_8act_mean_ab,59.339271569,
C045,R453C,x,adp_adenine_ca_distance_8efe_A,30.254764402,
C045,R453C,y,elc_min_heavy_distance_8act_mean_ab,10.360766721,
C045,R663H,x,adp_adenine_ca_distance_8efe_A,28.386762514,
C045,R663H,y,elc_min_heavy_distance_8act_mean_ab,21.301204586,
C045,R671C,x,adp_adenine_ca_distance_8efe_A,12.481364389,
C045,R671C,y,elc_min_heavy_distance_8act_mean_ab,25.784122897,
C045,R719W,x,adp_adenine_ca_distance_8efe_A,43.651493651,
C045,R719W,y,elc_min_heavy_distance_8act_mean_ab,6.05199896,
C045,S782N,x,adp_adenine_ca_distance_8efe_A,44.593384453,
C045,S782N,y,elc_min_heavy_distance_8act_mean_ab,4.56841049,
C045,Y115H,x,adp_adenine_ca_distance_8efe_A,10.592775132,
C045,Y115H,y,elc_min_heavy_distance_8act_mean_ab,23.217351996,
C046,D239N,x,adp_adenine_ca_distance_8efe_A,13.403061292,
C046,D239N,y,delta_charge,1,
C046,D382Y,x,adp_adenine_ca_distance_8efe_A,45.385706627,
C046,D382Y,y,delta_charge,1,
C046,D778V,x,adp_adenine_ca_distance_8efe_A,40.463212935,
C046,D778V,y,delta_charge,1,
C046,E497D,x,adp_adenine_ca_distance_8efe_A,33.041275717,
C046,E497D,y,delta_charge,0,
C046,G741R,x,adp_adenine_ca_distance_8efe_A,50.536779052,
C046,G741R,y,delta_charge,1,
C046,G768R,x,adp_adenine_ca_distance_8efe_A,37.221601537,
C046,G768R,y,delta_charge,1,
C046,H251N,x,adp_adenine_ca_distance_8efe_A,25.169257061,
C046,H251N,y,delta_charge,0,
C046,I457T,x,adp_adenine_ca_distance_8efe_A,21.837342352,
C046,I457T,y,delta_charge,0,
C046,L781P,x,adp_adenine_ca_distance_8efe_A,44.222855912,
C046,L781P,y,delta_charge,0,
C046,P710R,x,adp_adenine_ca_distance_8efe_A,32.007836947,
C046,P710R,y,delta_charge,1,
C046,R249Q,x,adp_adenine_ca_distance_8efe_A,21.010504373,
C046,R249Q,y,delta_charge,-1,
C046,R403Q,x,adp_adenine_ca_distance_8efe_A,51.830841456,
C046,R403Q,y,delta_charge,-1,
C046,R453C,x,adp_adenine_ca_distance_8efe_A,30.254764402,
C046,R453C,y,delta_charge,-1,
C046,R663H,x,adp_adenine_ca_distance_8efe_A,28.386762514,
C046,R663H,y,delta_charge,-1,
C046,R719W,x,adp_adenine_ca_distance_8efe_A,43.651493651,
C046,R719W,y,delta_charge,-1,
C046,S782N,x,adp_adenine_ca_distance_8efe_A,44.593384453,
C046,S782N,y,delta_charge,0,
C046,Y115H,x,adp_adenine_ca_distance_8efe_A,10.592775132,
C046,Y115H,y,delta_charge,0,
C047,D239N,x,adp_adenine_ca_distance_8efe_A,13.403061292,
C047,D239N,y,grantham_distance,23,
C047,D778V,x,adp_adenine_ca_distance_8efe_A,40.463212935,
C047,D778V,y,grantham_distance,152,
C047,E497D,x,adp_adenine_ca_distance_8efe_A,33.041275717,
C047,E497D,y,grantham_distance,45,
C047,G741R,x,adp_adenine_ca_distance_8efe_A,50.536779052,
C047,G741R,y,grantham_distance,125,
C047,G768R,x,adp_adenine_ca_distance_8efe_A,37.221601537,
C047,G768R,y,grantham_distance,125,
C047,H251N,x,adp_adenine_ca_distance_8efe_A,25.169257061,
C047,H251N,y,grantham_distance,68,
C047,I457T,x,adp_adenine_ca_distance_8efe_A,21.837342352,
C047,I457T,y,grantham_distance,89,
C047,L781P,x,adp_adenine_ca_distance_8efe_A,44.222855912,
C047,L781P,y,grantham_distance,98,
C047,R249Q,x,adp_adenine_ca_distance_8efe_A,21.010504373,
C047,R249Q,y,grantham_distance,43,
C047,R403Q,x,adp_adenine_ca_distance_8efe_A,51.830841456,
C047,R403Q,y,grantham_distance,43,
C047,R453C,x,adp_adenine_ca_distance_8efe_A,30.254764402,
C047,R453C,y,grantham_distance,180,
C047,R663H,x,adp_adenine_ca_distance_8efe_A,28.386762514,
C047,R663H,y,grantham_distance,29,
C047,R719W,x,adp_adenine_ca_distance_8efe_A,43.651493651,
C047,R719W,y,grantham_distance,101,
C047,S782N,x,adp_adenine_ca_distance_8efe_A,44.593384453,
C047,S782N,y,grantham_distance,46,
C047,Y115H,x,adp_adenine_ca_distance_8efe_A,10.592775132,
C047,Y115H,y,grantham_distance,83,
C048,D239N,x,adp_adenine_ca_distance_8efe_A,13.403061292,
C048,D239N,y,catalytic_motif_min_ca_distance_8act_mean_ab,0.0,
C048,D778V,x,adp_adenine_ca_distance_8efe_A,40.463212935,
C048,D778V,y,catalytic_motif_min_ca_distance_8act_mean_ab,34.84337112631988,
C048,E497D,x,adp_adenine_ca_distance_8efe_A,33.041275717,
C048,E497D,y,catalytic_motif_min_ca_distance_8act_mean_ab,22.822294945851162,
C048,G741R,x,adp_adenine_ca_distance_8efe_A,50.536779052,
C048,G741R,y,catalytic_motif_min_ca_distance_8act_mean_ab,43.44510234672077,
C048,G768R,x,adp_adenine_ca_distance_8efe_A,37.221601537,
C048,G768R,y,catalytic_motif_min_ca_distance_8act_mean_ab,27.477198222458405,
C048,H251N,x,adp_adenine_ca_distance_8efe_A,25.169257061,
C048,H251N,y,catalytic_motif_min_ca_distance_8act_mean_ab,16.073682688680528,
C048,I457T,x,adp_adenine_ca_distance_8efe_A,21.837342352,
C048,I457T,y,catalytic_motif_min_ca_distance_8act_mean_ab,13.221737309855547,
C048,L781P,x,adp_adenine_ca_distance_8efe_A,44.222855912,
C048,L781P,y,catalytic_motif_min_ca_distance_8act_mean_ab,38.97306060048324,
C048,R249Q,x,adp_adenine_ca_distance_8efe_A,21.010504373,
C048,R249Q,y,catalytic_motif_min_ca_distance_8act_mean_ab,9.744404953362427,
C048,R403Q,x,adp_adenine_ca_distance_8efe_A,51.830841456,
C048,R403Q,y,catalytic_motif_min_ca_distance_8act_mean_ab,33.522361644995755,
C048,R453C,x,adp_adenine_ca_distance_8efe_A,30.254764402,
C048,R453C,y,catalytic_motif_min_ca_distance_8act_mean_ab,21.430166265853757,
C048,R663H,x,adp_adenine_ca_distance_8efe_A,28.386762514,
C048,R663H,y,catalytic_motif_min_ca_distance_8act_mean_ab,16.313801523298913,
C048,R719W,x,adp_adenine_ca_distance_8efe_A,43.651493651,
C048,R719W,y,catalytic_motif_min_ca_distance_8act_mean_ab,37.94742621682316,
C048,S782N,x,adp_adenine_ca_distance_8efe_A,44.593384453,
C048,S782N,y,catalytic_motif_min_ca_distance_8act_mean_ab,38.841925839573804,
C048,Y115H,x,adp_adenine_ca_distance_8efe_A,10.592775132,
C048,Y115H,y,catalytic_motif_min_ca_distance_8act_mean_ab,12.022325833439357,
C049,D382Y,x,adp_adenine_ca_distance_8efe_A,45.385706627,
C049,D382Y,y,wt_site_rsa_8act_mean_ab,0.233128834356,
C049,D778V,x,adp_adenine_ca_distance_8efe_A,40.463212935,
C049,D778V,y,wt_site_rsa_8act_mean_ab,0.315950920245,
C049,E497D,x,adp_adenine_ca_distance_8efe_A,33.041275717,
C049,E497D,y,wt_site_rsa_8act_mean_ab,0.0876288659794,
C049,G768R,x,adp_adenine_ca_distance_8efe_A,37.221601537,
C049,G768R,y,wt_site_rsa_8act_mean_ab,0.613095238095,
C049,H251N,x,adp_adenine_ca_distance_8efe_A,25.169257061,
C049,H251N,y,wt_site_rsa_8act_mean_ab,0.0951086956522,
C049,I457T,x,adp_adenine_ca_distance_8efe_A,21.837342352,
C049,I457T,y,wt_site_rsa_8act_mean_ab,0,
C049,L781P,x,adp_adenine_ca_distance_8efe_A,44.222855912,
C049,L781P,y,wt_site_rsa_8act_mean_ab,0.15243902439,
C049,P710R,x,adp_adenine_ca_distance_8efe_A,32.007836947,
C049,P710R,y,wt_site_rsa_8act_mean_ab,0.110294117647,
C049,R249Q,x,adp_adenine_ca_distance_8efe_A,21.010504373,
C049,R249Q,y,wt_site_rsa_8act_mean_ab,0.20564516129,
C049,R403Q,x,adp_adenine_ca_distance_8efe_A,51.830841456,
C049,R403Q,y,wt_site_rsa_8act_mean_ab,0.183467741935,
C049,R663H,x,adp_adenine_ca_distance_8efe_A,28.386762514,
C049,R663H,y,wt_site_rsa_8act_mean_ab,0.608870967742,
C049,R719W,x,adp_adenine_ca_distance_8efe_A,43.651493651,
C049,R719W,y,wt_site_rsa_8act_mean_ab,0.161290322581,
C049,S782N,x,adp_adenine_ca_distance_8efe_A,44.593384453,
C049,S782N,y,wt_site_rsa_8act_mean_ab,0.342307692308,
C049,Y115H,x,adp_adenine_ca_distance_8efe_A,10.592775132,
C049,Y115H,y,wt_site_rsa_8act_mean_ab,0.018018018018,
C050,D382Y,x,adp_adenine_ca_distance_8efe_A,45.385706627,
C050,D382Y,y,ihm_interface_flag_8act,1,
C050,D778V,x,adp_adenine_ca_distance_8efe_A,40.463212935,
C050,D778V,y,ihm_interface_flag_8act,0,
C050,E497D,x,adp_adenine_ca_distance_8efe_A,33.041275717,
C050,E497D,y,ihm_interface_flag_8act,0,
C050,G768R,x,adp_adenine_ca_distance_8efe_A,37.221601537,
C050,G768R,y,ihm_interface_flag_8act,0,
C050,H251N,x,adp_adenine_ca_distance_8efe_A,25.169257061,
C050,H251N,y,ihm_interface_flag_8act,0,
C050,I457T,x,adp_adenine_ca_distance_8efe_A,21.837342352,
C050,I457T,y,ihm_interface_flag_8act,0,
C050,L781P,x,adp_adenine_ca_distance_8efe_A,44.222855912,
C050,L781P,y,ihm_interface_flag_8act,0,
C050,P710R,x,adp_adenine_ca_distance_8efe_A,32.007836947,
C050,P710R,y,ihm_interface_flag_8act,0,
C050,R249Q,x,adp_adenine_ca_distance_8efe_A,21.010504373,
C050,R249Q,y,ihm_interface_flag_8act,0,
C050,R403Q,x,adp_adenine_ca_distance_8efe_A,51.830841456,
C050,R403Q,y,ihm_interface_flag_8act,1,
C050,R663H,x,adp_adenine_ca_distance_8efe_A,28.386762514,
C050,R663H,y,ihm_interface_flag_8act,0,
C050,R719W,x,adp_adenine_ca_distance_8efe_A,43.651493651,
C050,R719W,y,ihm_interface_flag_8act,0,
C050,S782N,x,adp_adenine_ca_distance_8efe_A,44.593384453,
C050,S782N,y,ihm_interface_flag_8act,0,
C050,Y115H,x,adp_adenine_ca_distance_8efe_A,10.592775132,
C050,Y115H,y,ihm_interface_flag_8act,0,
C051,D239N,x,rigor_actin_min_heavy_distance_8efi_A,35.055819859,
C051,D239N,y,relay_landmark_min_ca_distance_8act_mean_ab,35.685035706,
C051,D382Y,x,rigor_actin_min_heavy_distance_8efi_A,23.146598433,
C051,D382Y,y,relay_landmark_min_ca_distance_8act_mean_ab,63.235746384,
C051,D778V,x,rigor_actin_min_heavy_distance_8efi_A,49.423230469,
C051,D778V,y,relay_landmark_min_ca_distance_8act_mean_ab,28.416404724,
C051,E497D,x,rigor_actin_min_heavy_distance_8efi_A,35.006758447,
C051,E497D,y,relay_landmark_min_ca_distance_8act_mean_ab,0.0,
C051,G741R,x,rigor_actin_min_heavy_distance_8efi_A,59.812430589,
C051,G741R,y,relay_landmark_min_ca_distance_8act_mean_ab,17.866434097,
C051,G768R,x,rigor_actin_min_heavy_distance_8efi_A,41.371189951,
C051,G768R,y,relay_landmark_min_ca_distance_8act_mean_ab,17.450050354,
C051,H251N,x,rigor_actin_min_heavy_distance_8efi_A,33.494749156,
C051,H251N,y,relay_landmark_min_ca_distance_8act_mean_ab,27.890908241,
C051,I457T,x,rigor_actin_min_heavy_distance_8efi_A,34.656604638,
C051,I457T,y,relay_landmark_min_ca_distance_8act_mean_ab,22.242405891,
C051,I467V,x,rigor_actin_min_heavy_distance_8efi_A,25.12088623,
C051,I467V,y,relay_landmark_min_ca_distance_8act_mean_ab,26.474781036,
C051,L781P,x,rigor_actin_min_heavy_distance_8efi_A,54.824513176,
C051,L781P,y,relay_landmark_min_ca_distance_8act_mean_ab,31.056694984,
C051,M493I,x,rigor_actin_min_heavy_distance_8efi_A,31.105244076,
C051,M493I,y,relay_landmark_min_ca_distance_8act_mean_ab,6.19353199,
C051,P710R,x,rigor_actin_min_heavy_distance_8efi_A,42.843603397,
C051,P710R,y,relay_landmark_min_ca_distance_8act_mean_ab,8.58924818,
C051,R249Q,x,rigor_actin_min_heavy_distance_8efi_A,29.534631079,
C051,R249Q,y,relay_landmark_min_ca_distance_8act_mean_ab,26.015706062,
C051,R403Q,x,rigor_actin_min_heavy_distance_8efi_A,6.824444959,
C051,R403Q,y,relay_landmark_min_ca_distance_8act_mean_ab,58.937068939,
C051,R453C,x,rigor_actin_min_heavy_distance_8efi_A,35.183105321,
C051,R453C,y,relay_landmark_min_ca_distance_8act_mean_ab,30.65838623,
C051,R663H,x,rigor_actin_min_heavy_distance_8efi_A,18.430391993,
C051,R663H,y,relay_landmark_min_ca_distance_8act_mean_ab,13.299701691,
C051,R671C,x,rigor_actin_min_heavy_distance_8efi_A,31.945815375,
C051,R671C,y,relay_landmark_min_ca_distance_8act_mean_ab,18.444245338,
C051,R719W,x,rigor_actin_min_heavy_distance_8efi_A,59.390799237,
C051,R719W,y,relay_landmark_min_ca_distance_8act_mean_ab,18.235423088,
C051,Y115H,x,rigor_actin_min_heavy_distance_8efi_A,46.983964392,
C051,Y115H,y,relay_landmark_min_ca_distance_8act_mean_ab,25.090517044,
C052,D239N,x,rigor_actin_min_heavy_distance_8efi_A,35.055819859,
C052,D239N,y,elc_min_heavy_distance_8act_mean_ab,38.631224062,
C052,D382Y,x,rigor_actin_min_heavy_distance_8efi_A,23.146598433,
C052,D382Y,y,elc_min_heavy_distance_8act_mean_ab,58.317239874,
C052,D778V,x,rigor_actin_min_heavy_distance_8efi_A,49.423230469,
C052,D778V,y,elc_min_heavy_distance_8act_mean_ab,5.919902893,
C052,E497D,x,rigor_actin_min_heavy_distance_8efi_A,35.006758447,
C052,E497D,y,elc_min_heavy_distance_8act_mean_ab,22.479331336,
C052,G741R,x,rigor_actin_min_heavy_distance_8efi_A,59.812430589,
C052,G741R,y,elc_min_heavy_distance_8act_mean_ab,12.707218468,
C052,G768R,x,rigor_actin_min_heavy_distance_8efi_A,41.371189951,
C052,G768R,y,elc_min_heavy_distance_8act_mean_ab,17.509287479,
C052,H251N,x,rigor_actin_min_heavy_distance_8efi_A,33.494749156,
C052,H251N,y,elc_min_heavy_distance_8act_mean_ab,13.811298229,
C052,I457T,x,rigor_actin_min_heavy_distance_8efi_A,34.656604638,
C052,I457T,y,elc_min_heavy_distance_8act_mean_ab,12.500166133,
C052,I467V,x,rigor_actin_min_heavy_distance_8efi_A,25.12088623,
C052,I467V,y,elc_min_heavy_distance_8act_mean_ab,43.063935422,
C052,L781P,x,rigor_actin_min_heavy_distance_8efi_A,54.824513176,
C052,L781P,y,elc_min_heavy_distance_8act_mean_ab,3.36913415,
C052,M493I,x,rigor_actin_min_heavy_distance_8efi_A,31.105244076,
C052,M493I,y,elc_min_heavy_distance_8act_mean_ab,23.688039216,
C052,P710R,x,rigor_actin_min_heavy_distance_8efi_A,42.843603397,
C052,P710R,y,elc_min_heavy_distance_8act_mean_ab,18.87526729,
C052,R249Q,x,rigor_actin_min_heavy_distance_8efi_A,29.534631079,
C052,R249Q,y,elc_min_heavy_distance_8act_mean_ab,18.980836575,
C052,R403Q,x,rigor_actin_min_heavy_distance_8efi_A,6.824444959,
C052,R403Q,y,elc_min_heavy_distance_8act_mean_ab,59.339271569,
C052,R453C,x,rigor_actin_min_heavy_distance_8efi_A,35.183105321,
C052,R453C,y,elc_min_heavy_distance_8act_mean_ab,10.360766721,
C052,R663H,x,rigor_actin_min_heavy_distance_8efi_A,18.430391993,
C052,R663H,y,elc_min_heavy_distance_8act_mean_ab,21.301204586,
C052,R671C,x,rigor_actin_min_heavy_distance_8efi_A,31.945815375,
C052,R671C,y,elc_min_heavy_distance_8act_mean_ab,25.784122897,
C052,R719W,x,rigor_actin_min_heavy_distance_8efi_A,59.390799237,
C052,R719W,y,elc_min_heavy_distance_8act_mean_ab,6.05199896,
C052,Y115H,x,rigor_actin_min_heavy_distance_8efi_A,46.983964392,
C052,Y115H,y,elc_min_heavy_distance_8act_mean_ab,23.217351996,
C053,D239N,x,rigor_actin_min_heavy_distance_8efi_A,35.055819859,
C053,D239N,y,delta_charge,1,
C053,D382Y,x,rigor_actin_min_heavy_distance_8efi_A,23.146598433,
C053,D382Y,y,delta_charge,1,
C053,D778V,x,rigor_actin_min_heavy_distance_8efi_A,49.423230469,
C053,D778V,y,delta_charge,1,
C053,E497D,x,rigor_actin_min_heavy_distance_8efi_A,35.006758447,
C053,E497D,y,delta_charge,0,
C053,G741R,x,rigor_actin_min_heavy_distance_8efi_A,59.812430589,
C053,G741R,y,delta_charge,1,
C053,G768R,x,rigor_actin_min_heavy_distance_8efi_A,41.371189951,
C053,G768R,y,delta_charge,1,
C053,H251N,x,rigor_actin_min_heavy_distance_8efi_A,33.494749156,
C053,H251N,y,delta_charge,0,
C053,I457T,x,rigor_actin_min_heavy_distance_8efi_A,34.656604638,
C053,I457T,y,delta_charge,0,
C053,L781P,x,rigor_actin_min_heavy_distance_8efi_A,54.824513176,
C053,L781P,y,delta_charge,0,
C053,P710R,x,rigor_actin_min_heavy_distance_8efi_A,42.843603397,
C053,P710R,y,delta_charge,1,
C053,R249Q,x,rigor_actin_min_heavy_distance_8efi_A,29.534631079,
C053,R249Q,y,delta_charge,-1,
C053,R403Q,x,rigor_actin_min_heavy_distance_8efi_A,6.824444959,
C053,R403Q,y,delta_charge,-1,
C053,R453C,x,rigor_actin_min_heavy_distance_8efi_A,35.183105321,
C053,R453C,y,delta_charge,-1,
C053,R663H,x,rigor_actin_min_heavy_distance_8efi_A,18.430391993,
C053,R663H,y,delta_charge,-1,
C053,R719W,x,rigor_actin_min_heavy_distance_8efi_A,59.390799237,
C053,R719W,y,delta_charge,-1,
C053,Y115H,x,rigor_actin_min_heavy_distance_8efi_A,46.983964392,
C053,Y115H,y,delta_charge,0,
C054,D239N,x,rigor_actin_min_heavy_distance_8efi_A,35.055819859,
C054,D239N,y,grantham_distance,23,
C054,D778V,x,rigor_actin_min_heavy_distance_8efi_A,49.423230469,
C054,D778V,y,grantham_distance,152,
C054,E497D,x,rigor_actin_min_heavy_distance_8efi_A,35.006758447,
C054,E497D,y,grantham_distance,45,
C054,G741R,x,rigor_actin_min_heavy_distance_8efi_A,59.812430589,
C054,G741R,y,grantham_distance,125,
C054,G768R,x,rigor_actin_min_heavy_distance_8efi_A,41.371189951,
C054,G768R,y,grantham_distance,125,
C054,H251N,x,rigor_actin_min_heavy_distance_8efi_A,33.494749156,
C054,H251N,y,grantham_distance,68,
C054,I457T,x,rigor_actin_min_heavy_distance_8efi_A,34.656604638,
C054,I457T,y,grantham_distance,89,
C054,L781P,x,rigor_actin_min_heavy_distance_8efi_A,54.824513176,
C054,L781P,y,grantham_distance,98,
C054,R249Q,x,rigor_actin_min_heavy_distance_8efi_A,29.534631079,
C054,R249Q,y,grantham_distance,43,
C054,R403Q,x,rigor_actin_min_heavy_distance_8efi_A,6.824444959,
C054,R403Q,y,grantham_distance,43,
C054,R453C,x,rigor_actin_min_heavy_distance_8efi_A,35.183105321,
C054,R453C,y,grantham_distance,180,
C054,R663H,x,rigor_actin_min_heavy_distance_8efi_A,18.430391993,
C054,R663H,y,grantham_distance,29,
C054,R719W,x,rigor_actin_min_heavy_distance_8efi_A,59.390799237,
C054,R719W,y,grantham_distance,101,
C054,Y115H,x,rigor_actin_min_heavy_distance_8efi_A,46.983964392,
C054,Y115H,y,grantham_distance,83,
C055,D239N,x,rigor_actin_min_heavy_distance_8efi_A,35.055819859,
C055,D239N,y,catalytic_motif_min_ca_distance_8act_mean_ab,0.0,
C055,D778V,x,rigor_actin_min_heavy_distance_8efi_A,49.423230469,
C055,D778V,y,catalytic_motif_min_ca_distance_8act_mean_ab,34.84337112631988,
C055,E497D,x,rigor_actin_min_heavy_distance_8efi_A,35.006758447,
C055,E497D,y,catalytic_motif_min_ca_distance_8act_mean_ab,22.822294945851162,
C055,G741R,x,rigor_actin_min_heavy_distance_8efi_A,59.812430589,
C055,G741R,y,catalytic_motif_min_ca_distance_8act_mean_ab,43.44510234672077,
C055,G768R,x,rigor_actin_min_heavy_distance_8efi_A,41.371189951,
C055,G768R,y,catalytic_motif_min_ca_distance_8act_mean_ab,27.477198222458405,
C055,H251N,x,rigor_actin_min_heavy_distance_8efi_A,33.494749156,
C055,H251N,y,catalytic_motif_min_ca_distance_8act_mean_ab,16.073682688680528,
C055,I457T,x,rigor_actin_min_heavy_distance_8efi_A,34.656604638,
C055,I457T,y,catalytic_motif_min_ca_distance_8act_mean_ab,13.221737309855547,
C055,L781P,x,rigor_actin_min_heavy_distance_8efi_A,54.824513176,
C055,L781P,y,catalytic_motif_min_ca_distance_8act_mean_ab,38.97306060048324,
C055,R249Q,x,rigor_actin_min_heavy_distance_8efi_A,29.534631079,
C055,R249Q,y,catalytic_motif_min_ca_distance_8act_mean_ab,9.744404953362427,
C055,R403Q,x,rigor_actin_min_heavy_distance_8efi_A,6.824444959,
C055,R403Q,y,catalytic_motif_min_ca_distance_8act_mean_ab,33.522361644995755,
C055,R453C,x,rigor_actin_min_heavy_distance_8efi_A,35.183105321,
C055,R453C,y,catalytic_motif_min_ca_distance_8act_mean_ab,21.430166265853757,
C055,R663H,x,rigor_actin_min_heavy_distance_8efi_A,18.430391993,
C055,R663H,y,catalytic_motif_min_ca_distance_8act_mean_ab,16.313801523298913,
C055,R719W,x,rigor_actin_min_heavy_distance_8efi_A,59.390799237,
C055,R719W,y,catalytic_motif_min_ca_distance_8act_mean_ab,37.94742621682316,
C055,Y115H,x,rigor_actin_min_heavy_distance_8efi_A,46.983964392,
C055,Y115H,y,catalytic_motif_min_ca_distance_8act_mean_ab,12.022325833439357,
C056,D382Y,x,rigor_actin_min_heavy_distance_8efi_A,23.146598433,
C056,D382Y,y,wt_site_rsa_8act_mean_ab,0.233128834356,
C056,D778V,x,rigor_actin_min_heavy_distance_8efi_A,49.423230469,
C056,D778V,y,wt_site_rsa_8act_mean_ab,0.315950920245,
C056,E497D,x,rigor_actin_min_heavy_distance_8efi_A,35.006758447,
C056,E497D,y,wt_site_rsa_8act_mean_ab,0.0876288659794,
C056,G768R,x,rigor_actin_min_heavy_distance_8efi_A,41.371189951,
C056,G768R,y,wt_site_rsa_8act_mean_ab,0.613095238095,
C056,H251N,x,rigor_actin_min_heavy_distance_8efi_A,33.494749156,
C056,H251N,y,wt_site_rsa_8act_mean_ab,0.0951086956522,
C056,I457T,x,rigor_actin_min_heavy_distance_8efi_A,34.656604638,
C056,I457T,y,wt_site_rsa_8act_mean_ab,0,
C056,L781P,x,rigor_actin_min_heavy_distance_8efi_A,54.824513176,
C056,L781P,y,wt_site_rsa_8act_mean_ab,0.15243902439,
C056,P710R,x,rigor_actin_min_heavy_distance_8efi_A,42.843603397,
C056,P710R,y,wt_site_rsa_8act_mean_ab,0.110294117647,
C056,R249Q,x,rigor_actin_min_heavy_distance_8efi_A,29.534631079,
C056,R249Q,y,wt_site_rsa_8act_mean_ab,0.20564516129,
C056,R403Q,x,rigor_actin_min_heavy_distance_8efi_A,6.824444959,
C056,R403Q,y,wt_site_rsa_8act_mean_ab,0.183467741935,
C056,R663H,x,rigor_actin_min_heavy_distance_8efi_A,18.430391993,
C056,R663H,y,wt_site_rsa_8act_mean_ab,0.608870967742,
C056,R719W,x,rigor_actin_min_heavy_distance_8efi_A,59.390799237,
C056,R719W,y,wt_site_rsa_8act_mean_ab,0.161290322581,
C056,Y115H,x,rigor_actin_min_heavy_distance_8efi_A,46.983964392,
C056,Y115H,y,wt_site_rsa_8act_mean_ab,0.018018018018,
C057,D382Y,x,rigor_actin_min_heavy_distance_8efi_A,23.146598433,
C057,D382Y,y,ihm_interface_flag_8act,1,
C057,D778V,x,rigor_actin_min_heavy_distance_8efi_A,49.423230469,
C057,D778V,y,ihm_interface_flag_8act,0,
C057,E497D,x,rigor_actin_min_heavy_distance_8efi_A,35.006758447,
C057,E497D,y,ihm_interface_flag_8act,0,
C057,G768R,x,rigor_actin_min_heavy_distance_8efi_A,41.371189951,
C057,G768R,y,ihm_interface_flag_8act,0,
C057,H251N,x,rigor_actin_min_heavy_distance_8efi_A,33.494749156,
C057,H251N,y,ihm_interface_flag_8act,0,
C057,I457T,x,rigor_actin_min_heavy_distance_8efi_A,34.656604638,
C057,I457T,y,ihm_interface_flag_8act,0,
C057,L781P,x,rigor_actin_min_heavy_distance_8efi_A,54.824513176,
C057,L781P,y,ihm_interface_flag_8act,0,
C057,P710R,x,rigor_actin_min_heavy_distance_8efi_A,42.843603397,
C057,P710R,y,ihm_interface_flag_8act,0,
C057,R249Q,x,rigor_actin_min_heavy_distance_8efi_A,29.534631079,
C057,R249Q,y,ihm_interface_flag_8act,0,
C057,R403Q,x,rigor_actin_min_heavy_distance_8efi_A,6.824444959,
C057,R403Q,y,ihm_interface_flag_8act,1,
C057,R663H,x,rigor_actin_min_heavy_distance_8efi_A,18.430391993,
C057,R663H,y,ihm_interface_flag_8act,0,
C057,R719W,x,rigor_actin_min_heavy_distance_8efi_A,59.390799237,
C057,R719W,y,ihm_interface_flag_8act,0,
C057,Y115H,x,rigor_actin_min_heavy_distance_8efi_A,46.983964392,
C057,Y115H,y,ihm_interface_flag_8act,0,
C058,A797T,x,relay_landmark_min_ca_distance_8act_mean_ab,52.462266922,
C058,A797T,y,elc_min_heavy_distance_8act_mean_ab,3.156838916,
C058,D239N,x,relay_landmark_min_ca_distance_8act_mean_ab,35.685035706,
C058,D239N,y,elc_min_heavy_distance_8act_mean_ab,38.631224062,
C058,D382Y,x,relay_landmark_min_ca_distance_8act_mean_ab,63.235746384,
C058,D382Y,y,elc_min_heavy_distance_8act_mean_ab,58.317239874,
C058,D778V,x,relay_landmark_min_ca_distance_8act_mean_ab,28.416404724,
C058,D778V,y,elc_min_heavy_distance_8act_mean_ab,5.919902893,
C058,E497D,x,relay_landmark_min_ca_distance_8act_mean_ab,0.0,
C058,E497D,y,elc_min_heavy_distance_8act_mean_ab,22.479331336,
C058,F834L,x,relay_landmark_min_ca_distance_8act_mean_ab,91.854549408,
C058,F834L,y,elc_min_heavy_distance_8act_mean_ab,29.13726394,
C058,G741R,x,relay_landmark_min_ca_distance_8act_mean_ab,17.866434097,
C058,G741R,y,elc_min_heavy_distance_8act_mean_ab,12.707218468,
C058,G768R,x,relay_landmark_min_ca_distance_8act_mean_ab,17.450050354,
C058,G768R,y,elc_min_heavy_distance_8act_mean_ab,17.509287479,
C058,H251N,x,relay_landmark_min_ca_distance_8act_mean_ab,27.890908241,
C058,H251N,y,elc_min_heavy_distance_8act_mean_ab,13.811298229,
C058,I457T,x,relay_landmark_min_ca_distance_8act_mean_ab,22.242405891,
C058,I457T,y,elc_min_heavy_distance_8act_mean_ab,12.500166133,
C058,I467V,x,relay_landmark_min_ca_distance_8act_mean_ab,26.474781036,
C058,I467V,y,elc_min_heavy_distance_8act_mean_ab,43.063935422,
C058,L781P,x,relay_landmark_min_ca_distance_8act_mean_ab,31.056694984,
C058,L781P,y,elc_min_heavy_distance_8act_mean_ab,3.36913415,
C058,M493I,x,relay_landmark_min_ca_distance_8act_mean_ab,6.19353199,
C058,M493I,y,elc_min_heavy_distance_8act_mean_ab,23.688039216,
C058,P710R,x,relay_landmark_min_ca_distance_8act_mean_ab,8.58924818,
C058,P710R,y,elc_min_heavy_distance_8act_mean_ab,18.87526729,
C058,R249Q,x,relay_landmark_min_ca_distance_8act_mean_ab,26.015706062,
C058,R249Q,y,elc_min_heavy_distance_8act_mean_ab,18.980836575,
C058,R403Q,x,relay_landmark_min_ca_distance_8act_mean_ab,58.937068939,
C058,R403Q,y,elc_min_heavy_distance_8act_mean_ab,59.339271569,
C058,R453C,x,relay_landmark_min_ca_distance_8act_mean_ab,30.65838623,
C058,R453C,y,elc_min_heavy_distance_8act_mean_ab,10.360766721,
C058,R663H,x,relay_landmark_min_ca_distance_8act_mean_ab,13.299701691,
C058,R663H,y,elc_min_heavy_distance_8act_mean_ab,21.301204586,
C058,R671C,x,relay_landmark_min_ca_distance_8act_mean_ab,18.444245338,
C058,R671C,y,elc_min_heavy_distance_8act_mean_ab,25.784122897,
C058,R719W,x,relay_landmark_min_ca_distance_8act_mean_ab,18.235423088,
C058,R719W,y,elc_min_heavy_distance_8act_mean_ab,6.05199896,
C058,S782N,x,relay_landmark_min_ca_distance_8act_mean_ab,33.881681442,
C058,S782N,y,elc_min_heavy_distance_8act_mean_ab,4.56841049,
C058,Y115H,x,relay_landmark_min_ca_distance_8act_mean_ab,25.090517044,
C058,Y115H,y,elc_min_heavy_distance_8act_mean_ab,23.217351996,
C059,A797T,x,relay_landmark_min_ca_distance_8act_mean_ab,52.462266922,
C059,A797T,y,delta_charge,0,
C059,D239N,x,relay_landmark_min_ca_distance_8act_mean_ab,35.685035706,
C059,D239N,y,delta_charge,1,
C059,D382Y,x,relay_landmark_min_ca_distance_8act_mean_ab,63.235746384,
C059,D382Y,y,delta_charge,1,
C059,D778V,x,relay_landmark_min_ca_distance_8act_mean_ab,28.416404724,
C059,D778V,y,delta_charge,1,
C059,E497D,x,relay_landmark_min_ca_distance_8act_mean_ab,0.0,
C059,E497D,y,delta_charge,0,
C059,F834L,x,relay_landmark_min_ca_distance_8act_mean_ab,91.854549408,
C059,F834L,y,delta_charge,0,
C059,G741R,x,relay_landmark_min_ca_distance_8act_mean_ab,17.866434097,
C059,G741R,y,delta_charge,1,
C059,G768R,x,relay_landmark_min_ca_distance_8act_mean_ab,17.450050354,
C059,G768R,y,delta_charge,1,
C059,H251N,x,relay_landmark_min_ca_distance_8act_mean_ab,27.890908241,
C059,H251N,y,delta_charge,0,
C059,I457T,x,relay_landmark_min_ca_distance_8act_mean_ab,22.242405891,
C059,I457T,y,delta_charge,0,
C059,L781P,x,relay_landmark_min_ca_distance_8act_mean_ab,31.056694984,
C059,L781P,y,delta_charge,0,
C059,P710R,x,relay_landmark_min_ca_distance_8act_mean_ab,8.58924818,
C059,P710R,y,delta_charge,1,
C059,R249Q,x,relay_landmark_min_ca_distance_8act_mean_ab,26.015706062,
C059,R249Q,y,delta_charge,-1,
C059,R403Q,x,relay_landmark_min_ca_distance_8act_mean_ab,58.937068939,
C059,R403Q,y,delta_charge,-1,
C059,R453C,x,relay_landmark_min_ca_distance_8act_mean_ab,30.65838623,
C059,R453C,y,delta_charge,-1,
C059,R663H,x,relay_landmark_min_ca_distance_8act_mean_ab,13.299701691,
C059,R663H,y,delta_charge,-1,
C059,R719W,x,relay_landmark_min_ca_distance_8act_mean_ab,18.235423088,
C059,R719W,y,delta_charge,-1,
C059,S782N,x,relay_landmark_min_ca_distance_8act_mean_ab,33.881681442,
C059,S782N,y,delta_charge,0,
C059,Y115H,x,relay_landmark_min_ca_distance_8act_mean_ab,25.090517044,
C059,Y115H,y,delta_charge,0,
C060,A797T,x,relay_landmark_min_ca_distance_8act_mean_ab,52.462266922,
C060,A797T,y,grantham_distance,58,
C060,D239N,x,relay_landmark_min_ca_distance_8act_mean_ab,35.685035706,
C060,D239N,y,grantham_distance,23,
C060,D778V,x,relay_landmark_min_ca_distance_8act_mean_ab,28.416404724,
C060,D778V,y,grantham_distance,152,
C060,E497D,x,relay_landmark_min_ca_distance_8act_mean_ab,0.0,
C060,E497D,y,grantham_distance,45,
C060,F834L,x,relay_landmark_min_ca_distance_8act_mean_ab,91.854549408,
C060,F834L,y,grantham_distance,22,
C060,G741R,x,relay_landmark_min_ca_distance_8act_mean_ab,17.866434097,
C060,G741R,y,grantham_distance,125,
C060,G768R,x,relay_landmark_min_ca_distance_8act_mean_ab,17.450050354,
C060,G768R,y,grantham_distance,125,
C060,H251N,x,relay_landmark_min_ca_distance_8act_mean_ab,27.890908241,
C060,H251N,y,grantham_distance,68,
C060,I457T,x,relay_landmark_min_ca_distance_8act_mean_ab,22.242405891,
C060,I457T,y,grantham_distance,89,
C060,L781P,x,relay_landmark_min_ca_distance_8act_mean_ab,31.056694984,
C060,L781P,y,grantham_distance,98,
C060,R249Q,x,relay_landmark_min_ca_distance_8act_mean_ab,26.015706062,
C060,R249Q,y,grantham_distance,43,
C060,R403Q,x,relay_landmark_min_ca_distance_8act_mean_ab,58.937068939,
C060,R403Q,y,grantham_distance,43,
C060,R453C,x,relay_landmark_min_ca_distance_8act_mean_ab,30.65838623,
C060,R453C,y,grantham_distance,180,
C060,R663H,x,relay_landmark_min_ca_distance_8act_mean_ab,13.299701691,
C060,R663H,y,grantham_distance,29,
C060,R719W,x,relay_landmark_min_ca_distance_8act_mean_ab,18.235423088,
C060,R719W,y,grantham_distance,101,
C060,S782N,x,relay_landmark_min_ca_distance_8act_mean_ab,33.881681442,
C060,S782N,y,grantham_distance,46,
C060,Y115H,x,relay_landmark_min_ca_distance_8act_mean_ab,25.090517044,
C060,Y115H,y,grantham_distance,83,
C061,A797T,x,relay_landmark_min_ca_distance_8act_mean_ab,52.462266922,
C061,A797T,y,catalytic_motif_min_ca_distance_8act_mean_ab,52.61597947966432,
C061,D239N,x,relay_landmark_min_ca_distance_8act_mean_ab,35.685035706,
C061,D239N,y,catalytic_motif_min_ca_distance_8act_mean_ab,0.0,
C061,D778V,x,relay_landmark_min_ca_distance_8act_mean_ab,28.416404724,
C061,D778V,y,catalytic_motif_min_ca_distance_8act_mean_ab,34.84337112631988,
C061,E497D,x,relay_landmark_min_ca_distance_8act_mean_ab,0.0,
C061,E497D,y,catalytic_motif_min_ca_distance_8act_mean_ab,22.822294945851162,
C061,F834L,x,relay_landmark_min_ca_distance_8act_mean_ab,91.854549408,
C061,F834L,y,catalytic_motif_min_ca_distance_8act_mean_ab,86.25095026129094,
C061,G741R,x,relay_landmark_min_ca_distance_8act_mean_ab,17.866434097,
C061,G741R,y,catalytic_motif_min_ca_distance_8act_mean_ab,43.44510234672077,
C061,G768R,x,relay_landmark_min_ca_distance_8act_mean_ab,17.450050354,
C061,G768R,y,catalytic_motif_min_ca_distance_8act_mean_ab,27.477198222458405,
C061,H251N,x,relay_landmark_min_ca_distance_8act_mean_ab,27.890908241,
C061,H251N,y,catalytic_motif_min_ca_distance_8act_mean_ab,16.073682688680528,
C061,I457T,x,relay_landmark_min_ca_distance_8act_mean_ab,22.242405891,
C061,I457T,y,catalytic_motif_min_ca_distance_8act_mean_ab,13.221737309855547,
C061,L781P,x,relay_landmark_min_ca_distance_8act_mean_ab,31.056694984,
C061,L781P,y,catalytic_motif_min_ca_distance_8act_mean_ab,38.97306060048324,
C061,R249Q,x,relay_landmark_min_ca_distance_8act_mean_ab,26.015706062,
C061,R249Q,y,catalytic_motif_min_ca_distance_8act_mean_ab,9.744404953362427,
C061,R403Q,x,relay_landmark_min_ca_distance_8act_mean_ab,58.937068939,
C061,R403Q,y,catalytic_motif_min_ca_distance_8act_mean_ab,33.522361644995755,
C061,R453C,x,relay_landmark_min_ca_distance_8act_mean_ab,30.65838623,
C061,R453C,y,catalytic_motif_min_ca_distance_8act_mean_ab,21.430166265853757,
C061,R663H,x,relay_landmark_min_ca_distance_8act_mean_ab,13.299701691,
C061,R663H,y,catalytic_motif_min_ca_distance_8act_mean_ab,16.313801523298913,
C061,R719W,x,relay_landmark_min_ca_distance_8act_mean_ab,18.235423088,
C061,R719W,y,catalytic_motif_min_ca_distance_8act_mean_ab,37.94742621682316,
C061,S782N,x,relay_landmark_min_ca_distance_8act_mean_ab,33.881681442,
C061,S782N,y,catalytic_motif_min_ca_distance_8act_mean_ab,38.841925839573804,
C061,Y115H,x,relay_landmark_min_ca_distance_8act_mean_ab,25.090517044,
C061,Y115H,y,catalytic_motif_min_ca_distance_8act_mean_ab,12.022325833439357,
C062,A797T,x,relay_landmark_min_ca_distance_8act_mean_ab,52.462266922,
C062,A797T,y,wt_site_rsa_8act_mean_ab,0.0283018867925,
C062,D382Y,x,relay_landmark_min_ca_distance_8act_mean_ab,63.235746384,
C062,D382Y,y,wt_site_rsa_8act_mean_ab,0.233128834356,
C062,D778V,x,relay_landmark_min_ca_distance_8act_mean_ab,28.416404724,
C062,D778V,y,wt_site_rsa_8act_mean_ab,0.315950920245,
C062,E497D,x,relay_landmark_min_ca_distance_8act_mean_ab,0.0,
C062,E497D,y,wt_site_rsa_8act_mean_ab,0.0876288659794,
C062,F834L,x,relay_landmark_min_ca_distance_8act_mean_ab,91.854549408,
C062,F834L,y,wt_site_rsa_8act_mean_ab,0.210659898477,
C062,G768R,x,relay_landmark_min_ca_distance_8act_mean_ab,17.450050354,
C062,G768R,y,wt_site_rsa_8act_mean_ab,0.613095238095,
C062,H251N,x,relay_landmark_min_ca_distance_8act_mean_ab,27.890908241,
C062,H251N,y,wt_site_rsa_8act_mean_ab,0.0951086956522,
C062,I457T,x,relay_landmark_min_ca_distance_8act_mean_ab,22.242405891,
C062,I457T,y,wt_site_rsa_8act_mean_ab,0,
C062,L781P,x,relay_landmark_min_ca_distance_8act_mean_ab,31.056694984,
C062,L781P,y,wt_site_rsa_8act_mean_ab,0.15243902439,
C062,P710R,x,relay_landmark_min_ca_distance_8act_mean_ab,8.58924818,
C062,P710R,y,wt_site_rsa_8act_mean_ab,0.110294117647,
C062,R249Q,x,relay_landmark_min_ca_distance_8act_mean_ab,26.015706062,
C062,R249Q,y,wt_site_rsa_8act_mean_ab,0.20564516129,
C062,R403Q,x,relay_landmark_min_ca_distance_8act_mean_ab,58.937068939,
C062,R403Q,y,wt_site_rsa_8act_mean_ab,0.183467741935,
C062,R663H,x,relay_landmark_min_ca_distance_8act_mean_ab,13.299701691,
C062,R663H,y,wt_site_rsa_8act_mean_ab,0.608870967742,
C062,R719W,x,relay_landmark_min_ca_distance_8act_mean_ab,18.235423088,
C062,R719W,y,wt_site_rsa_8act_mean_ab,0.161290322581,
C062,S782N,x,relay_landmark_min_ca_distance_8act_mean_ab,33.881681442,
C062,S782N,y,wt_site_rsa_8act_mean_ab,0.342307692308,
C062,Y115H,x,relay_landmark_min_ca_distance_8act_mean_ab,25.090517044,
C062,Y115H,y,wt_site_rsa_8act_mean_ab,0.018018018018,
C063,A797T,x,relay_landmark_min_ca_distance_8act_mean_ab,52.462266922,
C063,A797T,y,ihm_interface_flag_8act,0,
C063,D382Y,x,relay_landmark_min_ca_distance_8act_mean_ab,63.235746384,
C063,D382Y,y,ihm_interface_flag_8act,1,
C063,D778V,x,relay_landmark_min_ca_distance_8act_mean_ab,28.416404724,
C063,D778V,y,ihm_interface_flag_8act,0,
C063,E497D,x,relay_landmark_min_ca_distance_8act_mean_ab,0.0,
C063,E497D,y,ihm_interface_flag_8act,0,
C063,F834L,x,relay_landmark_min_ca_distance_8act_mean_ab,91.854549408,
C063,F834L,y,ihm_interface_flag_8act,0,
C063,G768R,x,relay_landmark_min_ca_distance_8act_mean_ab,17.450050354,
C063,G768R,y,ihm_interface_flag_8act,0,
C063,H251N,x,relay_landmark_min_ca_distance_8act_mean_ab,27.890908241,
C063,H251N,y,ihm_interface_flag_8act,0,
C063,I457T,x,relay_landmark_min_ca_distance_8act_mean_ab,22.242405891,
C063,I457T,y,ihm_interface_flag_8act,0,
C063,L781P,x,relay_landmark_min_ca_distance_8act_mean_ab,31.056694984,
C063,L781P,y,ihm_interface_flag_8act,0,
C063,P710R,x,relay_landmark_min_ca_distance_8act_mean_ab,8.58924818,
C063,P710R,y,ihm_interface_flag_8act,0,
C063,R249Q,x,relay_landmark_min_ca_distance_8act_mean_ab,26.015706062,
C063,R249Q,y,ihm_interface_flag_8act,0,
C063,R403Q,x,relay_landmark_min_ca_distance_8act_mean_ab,58.937068939,
C063,R403Q,y,ihm_interface_flag_8act,1,
C063,R663H,x,relay_landmark_min_ca_distance_8act_mean_ab,13.299701691,
C063,R663H,y,ihm_interface_flag_8act,0,
C063,R719W,x,relay_landmark_min_ca_distance_8act_mean_ab,18.235423088,
C063,R719W,y,ihm_interface_flag_8act,0,
C063,S782N,x,relay_landmark_min_ca_distance_8act_mean_ab,33.881681442,
C063,S782N,y,ihm_interface_flag_8act,0,
C063,Y115H,x,relay_landmark_min_ca_distance_8act_mean_ab,25.090517044,
C063,Y115H,y,ihm_interface_flag_8act,0,
C064,A797T,x,elc_min_heavy_distance_8act_mean_ab,3.156838916,
C064,A797T,y,delta_charge,0,
C064,D239N,x,elc_min_heavy_distance_8act_mean_ab,38.631224062,
C064,D239N,y,delta_charge,1,
C064,D382Y,x,elc_min_heavy_distance_8act_mean_ab,58.317239874,
C064,D382Y,y,delta_charge,1,
C064,D778V,x,elc_min_heavy_distance_8act_mean_ab,5.919902893,
C064,D778V,y,delta_charge,1,
C064,E497D,x,elc_min_heavy_distance_8act_mean_ab,22.479331336,
C064,E497D,y,delta_charge,0,
C064,F834L,x,elc_min_heavy_distance_8act_mean_ab,29.13726394,
C064,F834L,y,delta_charge,0,
C064,G741R,x,elc_min_heavy_distance_8act_mean_ab,12.707218468,
C064,G741R,y,delta_charge,1,
C064,G768R,x,elc_min_heavy_distance_8act_mean_ab,17.509287479,
C064,G768R,y,delta_charge,1,
C064,H251N,x,elc_min_heavy_distance_8act_mean_ab,13.811298229,
C064,H251N,y,delta_charge,0,
C064,I457T,x,elc_min_heavy_distance_8act_mean_ab,12.500166133,
C064,I457T,y,delta_charge,0,
C064,L781P,x,elc_min_heavy_distance_8act_mean_ab,3.36913415,
C064,L781P,y,delta_charge,0,
C064,P710R,x,elc_min_heavy_distance_8act_mean_ab,18.87526729,
C064,P710R,y,delta_charge,1,
C064,R249Q,x,elc_min_heavy_distance_8act_mean_ab,18.980836575,
C064,R249Q,y,delta_charge,-1,
C064,R403Q,x,elc_min_heavy_distance_8act_mean_ab,59.339271569,
C064,R403Q,y,delta_charge,-1,
C064,R453C,x,elc_min_heavy_distance_8act_mean_ab,10.360766721,
C064,R453C,y,delta_charge,-1,
C064,R663H,x,elc_min_heavy_distance_8act_mean_ab,21.301204586,
C064,R663H,y,delta_charge,-1,
C064,R719W,x,elc_min_heavy_distance_8act_mean_ab,6.05199896,
C064,R719W,y,delta_charge,-1,
C064,S782N,x,elc_min_heavy_distance_8act_mean_ab,4.56841049,
C064,S782N,y,delta_charge,0,
C064,Y115H,x,elc_min_heavy_distance_8act_mean_ab,23.217351996,
C064,Y115H,y,delta_charge,0,
C065,A797T,x,elc_min_heavy_distance_8act_mean_ab,3.156838916,
C065,A797T,y,grantham_distance,58,
C065,D239N,x,elc_min_heavy_distance_8act_mean_ab,38.631224062,
C065,D239N,y,grantham_distance,23,
C065,D778V,x,elc_min_heavy_distance_8act_mean_ab,5.919902893,
C065,D778V,y,grantham_distance,152,
C065,E497D,x,elc_min_heavy_distance_8act_mean_ab,22.479331336,
C065,E497D,y,grantham_distance,45,
C065,F834L,x,elc_min_heavy_distance_8act_mean_ab,29.13726394,
C065,F834L,y,grantham_distance,22,
C065,G741R,x,elc_min_heavy_distance_8act_mean_ab,12.707218468,
C065,G741R,y,grantham_distance,125,
C065,G768R,x,elc_min_heavy_distance_8act_mean_ab,17.509287479,
C065,G768R,y,grantham_distance,125,
C065,H251N,x,elc_min_heavy_distance_8act_mean_ab,13.811298229,
C065,H251N,y,grantham_distance,68,
C065,I457T,x,elc_min_heavy_distance_8act_mean_ab,12.500166133,
C065,I457T,y,grantham_distance,89,
C065,L781P,x,elc_min_heavy_distance_8act_mean_ab,3.36913415,
C065,L781P,y,grantham_distance,98,
C065,R249Q,x,elc_min_heavy_distance_8act_mean_ab,18.980836575,
C065,R249Q,y,grantham_distance,43,
C065,R403Q,x,elc_min_heavy_distance_8act_mean_ab,59.339271569,
C065,R403Q,y,grantham_distance,43,
C065,R453C,x,elc_min_heavy_distance_8act_mean_ab,10.360766721,
C065,R453C,y,grantham_distance,180,
C065,R663H,x,elc_min_heavy_distance_8act_mean_ab,21.301204586,
C065,R663H,y,grantham_distance,29,
C065,R719W,x,elc_min_heavy_distance_8act_mean_ab,6.05199896,
C065,R719W,y,grantham_distance,101,
C065,S782N,x,elc_min_heavy_distance_8act_mean_ab,4.56841049,
C065,S782N,y,grantham_distance,46,
C065,Y115H,x,elc_min_heavy_distance_8act_mean_ab,23.217351996,
C065,Y115H,y,grantham_distance,83,
C066,A797T,x,elc_min_heavy_distance_8act_mean_ab,3.156838916,
C066,A797T,y,catalytic_motif_min_ca_distance_8act_mean_ab,52.61597947966432,
C066,D239N,x,elc_min_heavy_distance_8act_mean_ab,38.631224062,
C066,D239N,y,catalytic_motif_min_ca_distance_8act_mean_ab,0.0,
C066,D778V,x,elc_min_heavy_distance_8act_mean_ab,5.919902893,
C066,D778V,y,catalytic_motif_min_ca_distance_8act_mean_ab,34.84337112631988,
C066,E497D,x,elc_min_heavy_distance_8act_mean_ab,22.479331336,
C066,E497D,y,catalytic_motif_min_ca_distance_8act_mean_ab,22.822294945851162,
C066,F834L,x,elc_min_heavy_distance_8act_mean_ab,29.13726394,
C066,F834L,y,catalytic_motif_min_ca_distance_8act_mean_ab,86.25095026129094,
C066,G741R,x,elc_min_heavy_distance_8act_mean_ab,12.707218468,
C066,G741R,y,catalytic_motif_min_ca_distance_8act_mean_ab,43.44510234672077,
C066,G768R,x,elc_min_heavy_distance_8act_mean_ab,17.509287479,
C066,G768R,y,catalytic_motif_min_ca_distance_8act_mean_ab,27.477198222458405,
C066,H251N,x,elc_min_heavy_distance_8act_mean_ab,13.811298229,
C066,H251N,y,catalytic_motif_min_ca_distance_8act_mean_ab,16.073682688680528,
C066,I457T,x,elc_min_heavy_distance_8act_mean_ab,12.500166133,
C066,I457T,y,catalytic_motif_min_ca_distance_8act_mean_ab,13.221737309855547,
C066,L781P,x,elc_min_heavy_distance_8act_mean_ab,3.36913415,
C066,L781P,y,catalytic_motif_min_ca_distance_8act_mean_ab,38.97306060048324,
C066,R249Q,x,elc_min_heavy_distance_8act_mean_ab,18.980836575,
C066,R249Q,y,catalytic_motif_min_ca_distance_8act_mean_ab,9.744404953362427,
C066,R403Q,x,elc_min_heavy_distance_8act_mean_ab,59.339271569,
C066,R403Q,y,catalytic_motif_min_ca_distance_8act_mean_ab,33.522361644995755,
C066,R453C,x,elc_min_heavy_distance_8act_mean_ab,10.360766721,
C066,R453C,y,catalytic_motif_min_ca_distance_8act_mean_ab,21.430166265853757,
C066,R663H,x,elc_min_heavy_distance_8act_mean_ab,21.301204586,
C066,R663H,y,catalytic_motif_min_ca_distance_8act_mean_ab,16.313801523298913,
C066,R719W,x,elc_min_heavy_distance_8act_mean_ab,6.05199896,
C066,R719W,y,catalytic_motif_min_ca_distance_8act_mean_ab,37.94742621682316,
C066,S782N,x,elc_min_heavy_distance_8act_mean_ab,4.56841049,
C066,S782N,y,catalytic_motif_min_ca_distance_8act_mean_ab,38.841925839573804,
C066,Y115H,x,elc_min_heavy_distance_8act_mean_ab,23.217351996,
C066,Y115H,y,catalytic_motif_min_ca_distance_8act_mean_ab,12.022325833439357,
C067,A797T,x,elc_min_heavy_distance_8act_mean_ab,3.156838916,
C067,A797T,y,wt_site_rsa_8act_mean_ab,0.0283018867925,
C067,D382Y,x,elc_min_heavy_distance_8act_mean_ab,58.317239874,
C067,D382Y,y,wt_site_rsa_8act_mean_ab,0.233128834356,
C067,D778V,x,elc_min_heavy_distance_8act_mean_ab,5.919902893,
C067,D778V,y,wt_site_rsa_8act_mean_ab,0.315950920245,
C067,E497D,x,elc_min_heavy_distance_8act_mean_ab,22.479331336,
C067,E497D,y,wt_site_rsa_8act_mean_ab,0.0876288659794,
C067,F834L,x,elc_min_heavy_distance_8act_mean_ab,29.13726394,
C067,F834L,y,wt_site_rsa_8act_mean_ab,0.210659898477,
C067,G768R,x,elc_min_heavy_distance_8act_mean_ab,17.509287479,
C067,G768R,y,wt_site_rsa_8act_mean_ab,0.613095238095,
C067,H251N,x,elc_min_heavy_distance_8act_mean_ab,13.811298229,
C067,H251N,y,wt_site_rsa_8act_mean_ab,0.0951086956522,
C067,I457T,x,elc_min_heavy_distance_8act_mean_ab,12.500166133,
C067,I457T,y,wt_site_rsa_8act_mean_ab,0,
C067,L781P,x,elc_min_heavy_distance_8act_mean_ab,3.36913415,
C067,L781P,y,wt_site_rsa_8act_mean_ab,0.15243902439,
C067,P710R,x,elc_min_heavy_distance_8act_mean_ab,18.87526729,
C067,P710R,y,wt_site_rsa_8act_mean_ab,0.110294117647,
C067,R249Q,x,elc_min_heavy_distance_8act_mean_ab,18.980836575,
C067,R249Q,y,wt_site_rsa_8act_mean_ab,0.20564516129,
C067,R403Q,x,elc_min_heavy_distance_8act_mean_ab,59.339271569,
C067,R403Q,y,wt_site_rsa_8act_mean_ab,0.183467741935,
C067,R663H,x,elc_min_heavy_distance_8act_mean_ab,21.301204586,
C067,R663H,y,wt_site_rsa_8act_mean_ab,0.608870967742,
C067,R719W,x,elc_min_heavy_distance_8act_mean_ab,6.05199896,
C067,R719W,y,wt_site_rsa_8act_mean_ab,0.161290322581,
C067,S782N,x,elc_min_heavy_distance_8act_mean_ab,4.56841049,
C067,S782N,y,wt_site_rsa_8act_mean_ab,0.342307692308,
C067,Y115H,x,elc_min_heavy_distance_8act_mean_ab,23.217351996,
C067,Y115H,y,wt_site_rsa_8act_mean_ab,0.018018018018,
C068,A797T,x,elc_min_heavy_distance_8act_mean_ab,3.156838916,
C068,A797T,y,ihm_interface_flag_8act,0,
C068,D382Y,x,elc_min_heavy_distance_8act_mean_ab,58.317239874,
C068,D382Y,y,ihm_interface_flag_8act,1,
C068,D778V,x,elc_min_heavy_distance_8act_mean_ab,5.919902893,
C068,D778V,y,ihm_interface_flag_8act,0,
C068,E497D,x,elc_min_heavy_distance_8act_mean_ab,22.479331336,
C068,E497D,y,ihm_interface_flag_8act,0,
C068,F834L,x,elc_min_heavy_distance_8act_mean_ab,29.13726394,
C068,F834L,y,ihm_interface_flag_8act,0,
C068,G768R,x,elc_min_heavy_distance_8act_mean_ab,17.509287479,
C068,G768R,y,ihm_interface_flag_8act,0,
C068,H251N,x,elc_min_heavy_distance_8act_mean_ab,13.811298229,
C068,H251N,y,ihm_interface_flag_8act,0,
C068,I457T,x,elc_min_heavy_distance_8act_mean_ab,12.500166133,
C068,I457T,y,ihm_interface_flag_8act,0,
C068,L781P,x,elc_min_heavy_distance_8act_mean_ab,3.36913415,
C068,L781P,y,ihm_interface_flag_8act,0,
C068,P710R,x,elc_min_heavy_distance_8act_mean_ab,18.87526729,
C068,P710R,y,ihm_interface_flag_8act,0,
C068,R249Q,x,elc_min_heavy_distance_8act_mean_ab,18.980836575,
C068,R249Q,y,ihm_interface_flag_8act,0,
C068,R403Q,x,elc_min_heavy_distance_8act_mean_ab,59.339271569,
C068,R403Q,y,ihm_interface_flag_8act,1,
C068,R663H,x,elc_min_heavy_distance_8act_mean_ab,21.301204586,
C068,R663H,y,ihm_interface_flag_8act,0,
C068,R719W,x,elc_min_heavy_distance_8act_mean_ab,6.05199896,
C068,R719W,y,ihm_interface_flag_8act,0,
C068,S782N,x,elc_min_heavy_distance_8act_mean_ab,4.56841049,
C068,S782N,y,ihm_interface_flag_8act,0,
C068,Y115H,x,elc_min_heavy_distance_8act_mean_ab,23.217351996,
C068,Y115H,y,ihm_interface_flag_8act,0,
C069,A797T,x,delta_charge,0,
C069,A797T,y,grantham_distance,58,
C069,D239N,x,delta_charge,1,
C069,D239N,y,grantham_distance,23,
C069,D778V,x,delta_charge,1,
C069,D778V,y,grantham_distance,152,
C069,E497D,x,delta_charge,0,
C069,E497D,y,grantham_distance,45,
C069,F834L,x,delta_charge,0,
C069,F834L,y,grantham_distance,22,
C069,G741R,x,delta_charge,1,
C069,G741R,y,grantham_distance,125,
C069,G768R,x,delta_charge,1,
C069,G768R,y,grantham_distance,125,
C069,H251N,x,delta_charge,0,
C069,H251N,y,grantham_distance,68,
C069,I457T,x,delta_charge,0,
C069,I457T,y,grantham_distance,89,
C069,L781P,x,delta_charge,0,
C069,L781P,y,grantham_distance,98,
C069,R249Q,x,delta_charge,-1,
C069,R249Q,y,grantham_distance,43,
C069,R403Q,x,delta_charge,-1,
C069,R403Q,y,grantham_distance,43,
C069,R453C,x,delta_charge,-1,
C069,R453C,y,grantham_distance,180,
C069,R663H,x,delta_charge,-1,
C069,R663H,y,grantham_distance,29,
C069,R719W,x,delta_charge,-1,
C069,R719W,y,grantham_distance,101,
C069,S782N,x,delta_charge,0,
C069,S782N,y,grantham_distance,46,
C069,Y115H,x,delta_charge,0,
C069,Y115H,y,grantham_distance,83,
C070,A797T,x,delta_charge,0,
C070,A797T,y,catalytic_motif_min_ca_distance_8act_mean_ab,52.61597947966432,
C070,D239N,x,delta_charge,1,
C070,D239N,y,catalytic_motif_min_ca_distance_8act_mean_ab,0.0,
C070,D778V,x,delta_charge,1,
C070,D778V,y,catalytic_motif_min_ca_distance_8act_mean_ab,34.84337112631988,
C070,E497D,x,delta_charge,0,
C070,E497D,y,catalytic_motif_min_ca_distance_8act_mean_ab,22.822294945851162,
C070,F834L,x,delta_charge,0,
C070,F834L,y,catalytic_motif_min_ca_distance_8act_mean_ab,86.25095026129094,
C070,G741R,x,delta_charge,1,
C070,G741R,y,catalytic_motif_min_ca_distance_8act_mean_ab,43.44510234672077,
C070,G768R,x,delta_charge,1,
C070,G768R,y,catalytic_motif_min_ca_distance_8act_mean_ab,27.477198222458405,
C070,H251N,x,delta_charge,0,
C070,H251N,y,catalytic_motif_min_ca_distance_8act_mean_ab,16.073682688680528,
C070,I457T,x,delta_charge,0,
C070,I457T,y,catalytic_motif_min_ca_distance_8act_mean_ab,13.221737309855547,
C070,L781P,x,delta_charge,0,
C070,L781P,y,catalytic_motif_min_ca_distance_8act_mean_ab,38.97306060048324,
C070,R249Q,x,delta_charge,-1,
C070,R249Q,y,catalytic_motif_min_ca_distance_8act_mean_ab,9.744404953362427,
C070,R403Q,x,delta_charge,-1,
C070,R403Q,y,catalytic_motif_min_ca_distance_8act_mean_ab,33.522361644995755,
C070,R453C,x,delta_charge,-1,
C070,R453C,y,catalytic_motif_min_ca_distance_8act_mean_ab,21.430166265853757,
C070,R663H,x,delta_charge,-1,
C070,R663H,y,catalytic_motif_min_ca_distance_8act_mean_ab,16.313801523298913,
C070,R719W,x,delta_charge,-1,
C070,R719W,y,catalytic_motif_min_ca_distance_8act_mean_ab,37.94742621682316,
C070,S782N,x,delta_charge,0,
C070,S782N,y,catalytic_motif_min_ca_distance_8act_mean_ab,38.841925839573804,
C070,Y115H,x,delta_charge,0,
C070,Y115H,y,catalytic_motif_min_ca_distance_8act_mean_ab,12.022325833439357,
C071,A797T,x,delta_charge,0,
C071,A797T,y,wt_site_rsa_8act_mean_ab,0.0283018867925,
C071,D382Y,x,delta_charge,1,
C071,D382Y,y,wt_site_rsa_8act_mean_ab,0.233128834356,
C071,D778V,x,delta_charge,1,
C071,D778V,y,wt_site_rsa_8act_mean_ab,0.315950920245,
C071,E497D,x,delta_charge,0,
C071,E497D,y,wt_site_rsa_8act_mean_ab,0.0876288659794,
C071,F834L,x,delta_charge,0,
C071,F834L,y,wt_site_rsa_8act_mean_ab,0.210659898477,
C071,G768R,x,delta_charge,1,
C071,G768R,y,wt_site_rsa_8act_mean_ab,0.613095238095,
C071,H251N,x,delta_charge,0,
C071,H251N,y,wt_site_rsa_8act_mean_ab,0.0951086956522,
C071,I457T,x,delta_charge,0,
C071,I457T,y,wt_site_rsa_8act_mean_ab,0,
C071,L781P,x,delta_charge,0,
C071,L781P,y,wt_site_rsa_8act_mean_ab,0.15243902439,
C071,P710R,x,delta_charge,1,
C071,P710R,y,wt_site_rsa_8act_mean_ab,0.110294117647,
C071,R249Q,x,delta_charge,-1,
C071,R249Q,y,wt_site_rsa_8act_mean_ab,0.20564516129,
C071,R403Q,x,delta_charge,-1,
C071,R403Q,y,wt_site_rsa_8act_mean_ab,0.183467741935,
C071,R663H,x,delta_charge,-1,
C071,R663H,y,wt_site_rsa_8act_mean_ab,0.608870967742,
C071,R719W,x,delta_charge,-1,
C071,R719W,y,wt_site_rsa_8act_mean_ab,0.161290322581,
C071,S782N,x,delta_charge,0,
C071,S782N,y,wt_site_rsa_8act_mean_ab,0.342307692308,
C071,Y115H,x,delta_charge,0,
C071,Y115H,y,wt_site_rsa_8act_mean_ab,0.018018018018,
C072,A797T,x,delta_charge,0,
C072,A797T,y,ihm_interface_flag_8act,0,
C072,D382Y,x,delta_charge,1,
C072,D382Y,y,ihm_interface_flag_8act,1,
C072,D778V,x,delta_charge,1,
C072,D778V,y,ihm_interface_flag_8act,0,
C072,E497D,x,delta_charge,0,
C072,E497D,y,ihm_interface_flag_8act,0,
C072,F834L,x,delta_charge,0,
C072,F834L,y,ihm_interface_flag_8act,0,
C072,G768R,x,delta_charge,1,
C072,G768R,y,ihm_interface_flag_8act,0,
C072,H251N,x,delta_charge,0,
C072,H251N,y,ihm_interface_flag_8act,0,
C072,I457T,x,delta_charge,0,
C072,I457T,y,ihm_interface_flag_8act,0,
C072,L781P,x,delta_charge,0,
C072,L781P,y,ihm_interface_flag_8act,0,
C072,P710R,x,delta_charge,1,
C072,P710R,y,ihm_interface_flag_8act,0,
C072,R249Q,x,delta_charge,-1,
C072,R249Q,y,ihm_interface_flag_8act,0,
C072,R403Q,x,delta_charge,-1,
C072,R403Q,y,ihm_interface_flag_8act,1,
C072,R663H,x,delta_charge,-1,
C072,R663H,y,ihm_interface_flag_8act,0,
C072,R719W,x,delta_charge,-1,
C072,R719W,y,ihm_interface_flag_8act,0,
C072,S782N,x,delta_charge,0,
C072,S782N,y,ihm_interface_flag_8act,0,
C072,Y115H,x,delta_charge,0,
C072,Y115H,y,ihm_interface_flag_8act,0,
C073,A797T,x,grantham_distance,58,
C073,A797T,y,catalytic_motif_min_ca_distance_8act_mean_ab,52.61597947966432,
C073,D239N,x,grantham_distance,23,
C073,D239N,y,catalytic_motif_min_ca_distance_8act_mean_ab,0.0,
C073,D778V,x,grantham_distance,152,
C073,D778V,y,catalytic_motif_min_ca_distance_8act_mean_ab,34.84337112631988,
C073,E497D,x,grantham_distance,45,
C073,E497D,y,catalytic_motif_min_ca_distance_8act_mean_ab,22.822294945851162,
C073,F834L,x,grantham_distance,22,
C073,F834L,y,catalytic_motif_min_ca_distance_8act_mean_ab,86.25095026129094,
C073,G741R,x,grantham_distance,125,
C073,G741R,y,catalytic_motif_min_ca_distance_8act_mean_ab,43.44510234672077,
C073,G768R,x,grantham_distance,125,
C073,G768R,y,catalytic_motif_min_ca_distance_8act_mean_ab,27.477198222458405,
C073,H251N,x,grantham_distance,68,
C073,H251N,y,catalytic_motif_min_ca_distance_8act_mean_ab,16.073682688680528,
C073,I457T,x,grantham_distance,89,
C073,I457T,y,catalytic_motif_min_ca_distance_8act_mean_ab,13.221737309855547,
C073,L781P,x,grantham_distance,98,
C073,L781P,y,catalytic_motif_min_ca_distance_8act_mean_ab,38.97306060048324,
C073,R249Q,x,grantham_distance,43,
C073,R249Q,y,catalytic_motif_min_ca_distance_8act_mean_ab,9.744404953362427,
C073,R403Q,x,grantham_distance,43,
C073,R403Q,y,catalytic_motif_min_ca_distance_8act_mean_ab,33.522361644995755,
C073,R453C,x,grantham_distance,180,
C073,R453C,y,catalytic_motif_min_ca_distance_8act_mean_ab,21.430166265853757,
C073,R663H,x,grantham_distance,29,
C073,R663H,y,catalytic_motif_min_ca_distance_8act_mean_ab,16.313801523298913,
C073,R719W,x,grantham_distance,101,
C073,R719W,y,catalytic_motif_min_ca_distance_8act_mean_ab,37.94742621682316,
C073,S782N,x,grantham_distance,46,
C073,S782N,y,catalytic_motif_min_ca_distance_8act_mean_ab,38.841925839573804,
C073,Y115H,x,grantham_distance,83,
C073,Y115H,y,catalytic_motif_min_ca_distance_8act_mean_ab,12.022325833439357,
C074,A797T,x,grantham_distance,58,
C074,A797T,y,wt_site_rsa_8act_mean_ab,0.0283018867925,
C074,D778V,x,grantham_distance,152,
C074,D778V,y,wt_site_rsa_8act_mean_ab,0.315950920245,
C074,E497D,x,grantham_distance,45,
C074,E497D,y,wt_site_rsa_8act_mean_ab,0.0876288659794,
C074,F834L,x,grantham_distance,22,
C074,F834L,y,wt_site_rsa_8act_mean_ab,0.210659898477,
C074,G768R,x,grantham_distance,125,
C074,G768R,y,wt_site_rsa_8act_mean_ab,0.613095238095,
C074,H251N,x,grantham_distance,68,
C074,H251N,y,wt_site_rsa_8act_mean_ab,0.0951086956522,
C074,I457T,x,grantham_distance,89,
C074,I457T,y,wt_site_rsa_8act_mean_ab,0,
C074,L781P,x,grantham_distance,98,
C074,L781P,y,wt_site_rsa_8act_mean_ab,0.15243902439,
C074,R249Q,x,grantham_distance,43,
C074,R249Q,y,wt_site_rsa_8act_mean_ab,0.20564516129,
C074,R403Q,x,grantham_distance,43,
C074,R403Q,y,wt_site_rsa_8act_mean_ab,0.183467741935,
C074,R663H,x,grantham_distance,29,
C074,R663H,y,wt_site_rsa_8act_mean_ab,0.608870967742,
C074,R719W,x,grantham_distance,101,
C074,R719W,y,wt_site_rsa_8act_mean_ab,0.161290322581,
C074,S782N,x,grantham_distance,46,
C074,S782N,y,wt_site_rsa_8act_mean_ab,0.342307692308,
C074,Y115H,x,grantham_distance,83,
C074,Y115H,y,wt_site_rsa_8act_mean_ab,0.018018018018,
C075,A797T,x,grantham_distance,58,
C075,A797T,y,ihm_interface_flag_8act,0,
C075,D778V,x,grantham_distance,152,
C075,D778V,y,ihm_interface_flag_8act,0,
C075,E497D,x,grantham_distance,45,
C075,E497D,y,ihm_interface_flag_8act,0,
C075,F834L,x,grantham_distance,22,
C075,F834L,y,ihm_interface_flag_8act,0,
C075,G768R,x,grantham_distance,125,
C075,G768R,y,ihm_interface_flag_8act,0,
C075,H251N,x,grantham_distance,68,
C075,H251N,y,ihm_interface_flag_8act,0,
C075,I457T,x,grantham_distance,89,
C075,I457T,y,ihm_interface_flag_8act,0,
C075,L781P,x,grantham_distance,98,
C075,L781P,y,ihm_interface_flag_8act,0,
C075,R249Q,x,grantham_distance,43,
C075,R249Q,y,ihm_interface_flag_8act,0,
C075,R403Q,x,grantham_distance,43,
C075,R403Q,y,ihm_interface_flag_8act,1,
C075,R663H,x,grantham_distance,29,
C075,R663H,y,ihm_interface_flag_8act,0,
C075,R719W,x,grantham_distance,101,
C075,R719W,y,ihm_interface_flag_8act,0,
C075,S782N,x,grantham_distance,46,
C075,S782N,y,ihm_interface_flag_8act,0,
C075,Y115H,x,grantham_distance,83,
C075,Y115H,y,ihm_interface_flag_8act,0,
C076,A797T,x,catalytic_motif_min_ca_distance_8act_mean_ab,52.61597947966432,
C076,A797T,y,wt_site_rsa_8act_mean_ab,0.0283018867925,
C076,D778V,x,catalytic_motif_min_ca_distance_8act_mean_ab,34.84337112631988,
C076,D778V,y,wt_site_rsa_8act_mean_ab,0.315950920245,
C076,E497D,x,catalytic_motif_min_ca_distance_8act_mean_ab,22.822294945851162,
C076,E497D,y,wt_site_rsa_8act_mean_ab,0.0876288659794,
C076,F834L,x,catalytic_motif_min_ca_distance_8act_mean_ab,86.25095026129094,
C076,F834L,y,wt_site_rsa_8act_mean_ab,0.210659898477,
C076,G768R,x,catalytic_motif_min_ca_distance_8act_mean_ab,27.477198222458405,
C076,G768R,y,wt_site_rsa_8act_mean_ab,0.613095238095,
C076,H251N,x,catalytic_motif_min_ca_distance_8act_mean_ab,16.073682688680528,
C076,H251N,y,wt_site_rsa_8act_mean_ab,0.0951086956522,
C076,I457T,x,catalytic_motif_min_ca_distance_8act_mean_ab,13.221737309855547,
C076,I457T,y,wt_site_rsa_8act_mean_ab,0,
C076,L781P,x,catalytic_motif_min_ca_distance_8act_mean_ab,38.97306060048324,
C076,L781P,y,wt_site_rsa_8act_mean_ab,0.15243902439,
C076,R249Q,x,catalytic_motif_min_ca_distance_8act_mean_ab,9.744404953362427,
C076,R249Q,y,wt_site_rsa_8act_mean_ab,0.20564516129,
C076,R403Q,x,catalytic_motif_min_ca_distance_8act_mean_ab,33.522361644995755,
C076,R403Q,y,wt_site_rsa_8act_mean_ab,0.183467741935,
C076,R663H,x,catalytic_motif_min_ca_distance_8act_mean_ab,16.313801523298913,
C076,R663H,y,wt_site_rsa_8act_mean_ab,0.608870967742,
C076,R719W,x,catalytic_motif_min_ca_distance_8act_mean_ab,37.94742621682316,
C076,R719W,y,wt_site_rsa_8act_mean_ab,0.161290322581,
C076,S782N,x,catalytic_motif_min_ca_distance_8act_mean_ab,38.841925839573804,
C076,S782N,y,wt_site_rsa_8act_mean_ab,0.342307692308,
C076,Y115H,x,catalytic_motif_min_ca_distance_8act_mean_ab,12.022325833439357,
C076,Y115H,y,wt_site_rsa_8act_mean_ab,0.018018018018,
C077,A797T,x,catalytic_motif_min_ca_distance_8act_mean_ab,52.61597947966432,
C077,A797T,y,ihm_interface_flag_8act,0,
C077,D778V,x,catalytic_motif_min_ca_distance_8act_mean_ab,34.84337112631988,
C077,D778V,y,ihm_interface_flag_8act,0,
C077,E497D,x,catalytic_motif_min_ca_distance_8act_mean_ab,22.822294945851162,
C077,E497D,y,ihm_interface_flag_8act,0,
C077,F834L,x,catalytic_motif_min_ca_distance_8act_mean_ab,86.25095026129094,
C077,F834L,y,ihm_interface_flag_8act,0,
C077,G768R,x,catalytic_motif_min_ca_distance_8act_mean_ab,27.477198222458405,
C077,G768R,y,ihm_interface_flag_8act,0,
C077,H251N,x,catalytic_motif_min_ca_distance_8act_mean_ab,16.073682688680528,
C077,H251N,y,ihm_interface_flag_8act,0,
C077,I457T,x,catalytic_motif_min_ca_distance_8act_mean_ab,13.221737309855547,
C077,I457T,y,ihm_interface_flag_8act,0,
C077,L781P,x,catalytic_motif_min_ca_distance_8act_mean_ab,38.97306060048324,
C077,L781P,y,ihm_interface_flag_8act,0,
C077,R249Q,x,catalytic_motif_min_ca_distance_8act_mean_ab,9.744404953362427,
C077,R249Q,y,ihm_interface_flag_8act,0,
C077,R403Q,x,catalytic_motif_min_ca_distance_8act_mean_ab,33.522361644995755,
C077,R403Q,y,ihm_interface_flag_8act,1,
C077,R663H,x,catalytic_motif_min_ca_distance_8act_mean_ab,16.313801523298913,
C077,R663H,y,ihm_interface_flag_8act,0,
C077,R719W,x,catalytic_motif_min_ca_distance_8act_mean_ab,37.94742621682316,
C077,R719W,y,ihm_interface_flag_8act,0,
C077,S782N,x,catalytic_motif_min_ca_distance_8act_mean_ab,38.841925839573804,
C077,S782N,y,ihm_interface_flag_8act,0,
C077,Y115H,x,catalytic_motif_min_ca_distance_8act_mean_ab,12.022325833439357,
C077,Y115H,y,ihm_interface_flag_8act,0,
C078,A797T,x,wt_site_rsa_8act_mean_ab,0.0283018867925,
C078,A797T,y,ihm_interface_flag_8act,0,
C078,D382Y,x,wt_site_rsa_8act_mean_ab,0.233128834356,
C078,D382Y,y,ihm_interface_flag_8act,1,
C078,D778V,x,wt_site_rsa_8act_mean_ab,0.315950920245,
C078,D778V,y,ihm_interface_flag_8act,0,
C078,E497D,x,wt_site_rsa_8act_mean_ab,0.0876288659794,
C078,E497D,y,ihm_interface_flag_8act,0,
C078,F834L,x,wt_site_rsa_8act_mean_ab,0.210659898477,
C078,F834L,y,ihm_interface_flag_8act,0,
C078,G768R,x,wt_site_rsa_8act_mean_ab,0.613095238095,
C078,G768R,y,ihm_interface_flag_8act,0,
C078,H251N,x,wt_site_rsa_8act_mean_ab,0.0951086956522,
C078,H251N,y,ihm_interface_flag_8act,0,
C078,I457T,x,wt_site_rsa_8act_mean_ab,0,
C078,I457T,y,ihm_interface_flag_8act,0,
C078,L781P,x,wt_site_rsa_8act_mean_ab,0.15243902439,
C078,L781P,y,ihm_interface_flag_8act,0,
C078,P710R,x,wt_site_rsa_8act_mean_ab,0.110294117647,
C078,P710R,y,ihm_interface_flag_8act,0,
C078,R249Q,x,wt_site_rsa_8act_mean_ab,0.20564516129,
C078,R249Q,y,ihm_interface_flag_8act,0,
C078,R403Q,x,wt_site_rsa_8act_mean_ab,0.183467741935,
C078,R403Q,y,ihm_interface_flag_8act,1,
C078,R663H,x,wt_site_rsa_8act_mean_ab,0.608870967742,
C078,R663H,y,ihm_interface_flag_8act,0,
C078,R719W,x,wt_site_rsa_8act_mean_ab,0.161290322581,
C078,R719W,y,ihm_interface_flag_8act,0,
C078,S782N,x,wt_site_rsa_8act_mean_ab,0.342307692308,
C078,S782N,y,ihm_interface_flag_8act,0,
C078,Y115H,x,wt_site_rsa_8act_mean_ab,0.018018018018,
C078,Y115H,y,ihm_interface_flag_8act,0,
B001,A797T,x,delta_charge,0,
B001,A797T,x,grantham_distance,58,
B001,A797T,y,kcat_rel,0.93,morck2022
B001,D239N,x,delta_charge,1,
B001,D239N,x,grantham_distance,23,
B001,D239N,y,kcat_rel,1.48888888889,adhikari2016
B001,D778V,x,delta_charge,1,
B001,D778V,x,grantham_distance,152,
B001,D778V,y,kcat_rel,1.16,morck2022
B001,E497D,x,delta_charge,0,
B001,E497D,x,grantham_distance,45,
B001,E497D,y,kcat_rel,1.51612903226,nandwani2025
B001,F834L,x,delta_charge,0,
B001,F834L,x,grantham_distance,22,
B001,F834L,y,kcat_rel,1.03,morck2022
B001,G741R,x,delta_charge,1,
B001,G741R,x,grantham_distance,125,
B001,G741R,y,kcat_rel,0.901960784314,kawana2017
B001,G768R,x,delta_charge,1,
B001,G768R,x,grantham_distance,125,
B001,G768R,y,kcat_rel,0.729981378026,pathak2026
B001,H251N,x,delta_charge,0,
B001,H251N,x,grantham_distance,68,
B001,H251N,y,kcat_rel,1.24444444444,adhikari2016
B001,I457T,x,delta_charge,0,
B001,I457T,x,grantham_distance,89,
B001,I457T,y,kcat_rel,1.75313807531,adhikari2019
B001,L781P,x,delta_charge,0,
B001,L781P,x,grantham_distance,98,
B001,L781P,y,kcat_rel,0.97,morck2022
B001,R249Q,x,delta_charge,-1,
B001,R249Q,x,grantham_distance,43,
B001,R249Q,y,kcat_rel,0.707112970711,adhikari2019
B001,R403Q,x,delta_charge,-1,
B001,R403Q,x,grantham_distance,43,
B001,R403Q,y,kcat_rel,1.26666666667,nag2015
B001,R453C,x,delta_charge,-1,
B001,R453C,x,grantham_distance,180,
B001,R453C,y,kcat_rel,0.675675675676,sommese2013
B001,R663H,x,delta_charge,-1,
B001,R663H,x,grantham_distance,29,
B001,R663H,y,kcat_rel,0.966666666667,sarkar2020
B001,R719W,x,delta_charge,-1,
B001,R719W,x,grantham_distance,101,
B001,R719W,y,kcat_rel,0.947368421053,kawana2017
B001,S782N,x,delta_charge,0,
B001,S782N,x,grantham_distance,46,
B001,S782N,y,kcat_rel,1.04,morck2022
B001,Y115H,x,delta_charge,0,
B001,Y115H,x,grantham_distance,83,
B001,Y115H,y,kcat_rel,1.03225806452,nandwani2025
B002,A797T,x,delta_charge,0,
B002,A797T,x,grantham_distance,58,
B002,A797T,y,Na_rel,1.95081967213,morck2022
B002,D778V,x,delta_charge,1,
B002,D778V,x,grantham_distance,152,
B002,D778V,y,Na_rel,1.32786885246,morck2022
B002,E497D,x,delta_charge,0,
B002,E497D,x,grantham_distance,45,
B002,E497D,y,Na_rel,1.42857142857,nandwani2025
B002,F834L,x,delta_charge,0,
B002,F834L,x,grantham_distance,22,
B002,F834L,y,Na_rel,1.34426229508,morck2022
B002,G768R,x,delta_charge,1,
B002,G768R,x,grantham_distance,125,
B002,G768R,y,Na_rel,1.75,pathak2026
B002,H251N,x,delta_charge,0,
B002,H251N,x,grantham_distance,68,
B002,H251N,y,Na_rel,1.59649122807,adhikari2019
B002,I457T,x,delta_charge,0,
B002,I457T,x,grantham_distance,89,
B002,I457T,y,Na_rel,0.982456140351,adhikari2019
B002,L781P,x,delta_charge,0,
B002,L781P,x,grantham_distance,98,
B002,L781P,y,Na_rel,1.39344262295,morck2022
B002,R249Q,x,delta_charge,-1,
B002,R249Q,x,grantham_distance,43,
B002,R249Q,y,Na_rel,1.68421052632,adhikari2019
B002,R403Q,x,delta_charge,-1,
B002,R403Q,x,grantham_distance,43,
B002,R403Q,y,Na_rel,1.39682539682,sarkar2020
B002,R663H,x,delta_charge,-1,
B002,R663H,x,grantham_distance,29,
B002,R663H,y,Na_rel,1.16326530612,sarkar2020
B002,R719W,x,delta_charge,-1,
B002,R719W,x,grantham_distance,101,
B002,R719W,y,Na_rel,1.80701754386,adhikari2019
B002,S782N,x,delta_charge,0,
B002,S782N,x,grantham_distance,46,
B002,S782N,y,Na_rel,1.32786885246,morck2022
B002,Y115H,x,delta_charge,0,
B002,Y115H,x,grantham_distance,83,
B002,Y115H,y,Na_rel,1.42857142857,nandwani2025
B003,A797T,x,delta_charge,0,
B003,A797T,x,grantham_distance,58,
B003,A797T,y,v_rel,0.946675899425,morck2022
B003,D239N,x,delta_charge,1,
B003,D239N,x,grantham_distance,23,
B003,D239N,y,v_rel,1.94186046512,adhikari2016
B003,D778V,x,delta_charge,1,
B003,D778V,x,grantham_distance,152,
B003,D778V,y,v_rel,1.45871842144,morck2022
B003,E497D,x,delta_charge,0,
B003,E497D,x,grantham_distance,45,
B003,E497D,y,v_rel,0.808416389812,nandwani2025
B003,F834L,x,delta_charge,0,
B003,F834L,x,grantham_distance,22,
B003,F834L,y,v_rel,1.0180466619,morck2022
B003,G768R,x,delta_charge,1,
B003,G768R,x,grantham_distance,125,
B003,G768R,y,v_rel,0.198040016333,pathak2026
B003,H251N,x,delta_charge,0,
B003,H251N,x,grantham_distance,68,
B003,H251N,y,v_rel,1.39534883721,adhikari2016
B003,I457T,x,delta_charge,0,
B003,I457T,x,grantham_distance,89,
B003,I457T,y,v_rel,2.42857142857,adhikari2019
B003,L781P,x,delta_charge,0,
B003,L781P,x,grantham_distance,98,
B003,L781P,y,v_rel,0.704141222701,morck2022
B003,R403Q,x,delta_charge,-1,
B003,R403Q,x,grantham_distance,43,
B003,R403Q,y,v_rel,1.14545454545,nag2015
B003,R453C,x,delta_charge,-1,
B003,R453C,x,grantham_distance,180,
B003,R453C,y,v_rel,0.7625,sommese2013
B003,R663H,x,delta_charge,-1,
B003,R663H,x,grantham_distance,29,
B003,R663H,y,v_rel,1.01707317073,sarkar2020
B003,S782N,x,delta_charge,0,
B003,S782N,x,grantham_distance,46,
B003,S782N,y,v_rel,0.980249636914,morck2022
B003,Y115H,x,delta_charge,0,
B003,Y115H,x,grantham_distance,83,
B003,Y115H,y,v_rel,0.449612403101,nandwani2025
B004,D239N,x,adp_rigor_ca_shift_A,0.647845688,
B004,D239N,x,adp_adenine_ca_distance_8efe_A,13.403061292,
B004,D239N,y,kcat_rel,1.48888888889,adhikari2016
B004,D778V,x,adp_rigor_ca_shift_A,8.86589456,
B004,D778V,x,adp_adenine_ca_distance_8efe_A,40.463212935,
B004,D778V,y,kcat_rel,1.16,morck2022
B004,E497D,x,adp_rigor_ca_shift_A,2.321440558,
B004,E497D,x,adp_adenine_ca_distance_8efe_A,33.041275717,
B004,E497D,y,kcat_rel,1.51612903226,nandwani2025
B004,G741R,x,adp_rigor_ca_shift_A,7.082193584,
B004,G741R,x,adp_adenine_ca_distance_8efe_A,50.536779052,
B004,G741R,y,kcat_rel,0.901960784314,kawana2017
B004,G768R,x,adp_rigor_ca_shift_A,4.944418844,
B004,G768R,x,adp_adenine_ca_distance_8efe_A,37.221601537,
B004,G768R,y,kcat_rel,0.729981378026,pathak2026
B004,H251N,x,adp_rigor_ca_shift_A,0.549455682,
B004,H251N,x,adp_adenine_ca_distance_8efe_A,25.169257061,
B004,H251N,y,kcat_rel,1.24444444444,adhikari2016
B004,I457T,x,adp_rigor_ca_shift_A,0.514728554,
B004,I457T,x,adp_adenine_ca_distance_8efe_A,21.837342352,
B004,I457T,y,kcat_rel,1.75313807531,adhikari2019
B004,L781P,x,adp_rigor_ca_shift_A,9.189484579,
B004,L781P,x,adp_adenine_ca_distance_8efe_A,44.222855912,
B004,L781P,y,kcat_rel,0.97,morck2022
B004,R249Q,x,adp_rigor_ca_shift_A,0.32951951,
B004,R249Q,x,adp_adenine_ca_distance_8efe_A,21.010504373,
B004,R249Q,y,kcat_rel,0.707112970711,adhikari2019
B004,R403Q,x,adp_rigor_ca_shift_A,0.423043993,
B004,R403Q,x,adp_adenine_ca_distance_8efe_A,51.830841456,
B004,R403Q,y,kcat_rel,1.26666666667,nag2015
B004,R453C,x,adp_rigor_ca_shift_A,0.593341729,
B004,R453C,x,adp_adenine_ca_distance_8efe_A,30.254764402,
B004,R453C,y,kcat_rel,0.675675675676,sommese2013
B004,R663H,x,adp_rigor_ca_shift_A,0.470765238,
B004,R663H,x,adp_adenine_ca_distance_8efe_A,28.386762514,
B004,R663H,y,kcat_rel,0.966666666667,sarkar2020
B004,R719W,x,adp_rigor_ca_shift_A,8.406363571,
B004,R719W,x,adp_adenine_ca_distance_8efe_A,43.651493651,
B004,R719W,y,kcat_rel,0.947368421053,kawana2017
B004,S782N,x,adp_rigor_ca_shift_A,9.627779674,
B004,S782N,x,adp_adenine_ca_distance_8efe_A,44.593384453,
B004,S782N,y,kcat_rel,1.04,morck2022
B004,Y115H,x,adp_rigor_ca_shift_A,1.001480582,
B004,Y115H,x,adp_adenine_ca_distance_8efe_A,10.592775132,
B004,Y115H,y,kcat_rel,1.03225806452,nandwani2025
B005,D382Y,x,adp_rigor_ca_shift_A,1.074311125,
B005,D382Y,x,adp_adenine_ca_distance_8efe_A,45.385706627,
B005,D382Y,y,Na_rel,1.47368421053,adhikari2019
B005,D778V,x,adp_rigor_ca_shift_A,8.86589456,
B005,D778V,x,adp_adenine_ca_distance_8efe_A,40.463212935,
B005,D778V,y,Na_rel,1.32786885246,morck2022
B005,E497D,x,adp_rigor_ca_shift_A,2.321440558,
B005,E497D,x,adp_adenine_ca_distance_8efe_A,33.041275717,
B005,E497D,y,Na_rel,1.42857142857,nandwani2025
B005,G768R,x,adp_rigor_ca_shift_A,4.944418844,
B005,G768R,x,adp_adenine_ca_distance_8efe_A,37.221601537,
B005,G768R,y,Na_rel,1.75,pathak2026
B005,H251N,x,adp_rigor_ca_shift_A,0.549455682,
B005,H251N,x,adp_adenine_ca_distance_8efe_A,25.169257061,
B005,H251N,y,Na_rel,1.59649122807,adhikari2019
B005,I457T,x,adp_rigor_ca_shift_A,0.514728554,
B005,I457T,x,adp_adenine_ca_distance_8efe_A,21.837342352,
B005,I457T,y,Na_rel,0.982456140351,adhikari2019
B005,L781P,x,adp_rigor_ca_shift_A,9.189484579,
B005,L781P,x,adp_adenine_ca_distance_8efe_A,44.222855912,
B005,L781P,y,Na_rel,1.39344262295,morck2022
B005,P710R,x,adp_rigor_ca_shift_A,4.618472905,
B005,P710R,x,adp_adenine_ca_distance_8efe_A,32.007836947,
B005,P710R,y,Na_rel,1.55675675676,vanderroest2021
B005,R249Q,x,adp_rigor_ca_shift_A,0.32951951,
B005,R249Q,x,adp_adenine_ca_distance_8efe_A,21.010504373,
B005,R249Q,y,Na_rel,1.68421052632,adhikari2019
B005,R403Q,x,adp_rigor_ca_shift_A,0.423043993,
B005,R403Q,x,adp_adenine_ca_distance_8efe_A,51.830841456,
B005,R403Q,y,Na_rel,1.39682539682,sarkar2020
B005,R663H,x,adp_rigor_ca_shift_A,0.470765238,
B005,R663H,x,adp_adenine_ca_distance_8efe_A,28.386762514,
B005,R663H,y,Na_rel,1.16326530612,sarkar2020
B005,R719W,x,adp_rigor_ca_shift_A,8.406363571,
B005,R719W,x,adp_adenine_ca_distance_8efe_A,43.651493651,
B005,R719W,y,Na_rel,1.80701754386,adhikari2019
B005,S782N,x,adp_rigor_ca_shift_A,9.627779674,
B005,S782N,x,adp_adenine_ca_distance_8efe_A,44.593384453,
B005,S782N,y,Na_rel,1.32786885246,morck2022
B005,Y115H,x,adp_rigor_ca_shift_A,1.001480582,
B005,Y115H,x,adp_adenine_ca_distance_8efe_A,10.592775132,
B005,Y115H,y,Na_rel,1.42857142857,nandwani2025
B006,D239N,x,adp_rigor_ca_shift_A,0.647845688,
B006,D239N,x,adp_adenine_ca_distance_8efe_A,13.403061292,
B006,D239N,y,v_rel,1.94186046512,adhikari2016
B006,D778V,x,adp_rigor_ca_shift_A,8.86589456,
B006,D778V,x,adp_adenine_ca_distance_8efe_A,40.463212935,
B006,D778V,y,v_rel,1.45871842144,morck2022
B006,E497D,x,adp_rigor_ca_shift_A,2.321440558,
B006,E497D,x,adp_adenine_ca_distance_8efe_A,33.041275717,
B006,E497D,y,v_rel,0.808416389812,nandwani2025
B006,G768R,x,adp_rigor_ca_shift_A,4.944418844,
B006,G768R,x,adp_adenine_ca_distance_8efe_A,37.221601537,
B006,G768R,y,v_rel,0.198040016333,pathak2026
B006,H251N,x,adp_rigor_ca_shift_A,0.549455682,
B006,H251N,x,adp_adenine_ca_distance_8efe_A,25.169257061,
B006,H251N,y,v_rel,1.39534883721,adhikari2016
B006,I457T,x,adp_rigor_ca_shift_A,0.514728554,
B006,I457T,x,adp_adenine_ca_distance_8efe_A,21.837342352,
B006,I457T,y,v_rel,2.42857142857,adhikari2019
B006,L781P,x,adp_rigor_ca_shift_A,9.189484579,
B006,L781P,x,adp_adenine_ca_distance_8efe_A,44.222855912,
B006,L781P,y,v_rel,0.704141222701,morck2022
B006,P710R,x,adp_rigor_ca_shift_A,4.618472905,
B006,P710R,x,adp_adenine_ca_distance_8efe_A,32.007836947,
B006,P710R,y,v_rel,0.313648293963,vanderroest2021
B006,R403Q,x,adp_rigor_ca_shift_A,0.423043993,
B006,R403Q,x,adp_adenine_ca_distance_8efe_A,51.830841456,
B006,R403Q,y,v_rel,1.14545454545,nag2015
B006,R453C,x,adp_rigor_ca_shift_A,0.593341729,
B006,R453C,x,adp_adenine_ca_distance_8efe_A,30.254764402,
B006,R453C,y,v_rel,0.7625,sommese2013
B006,R663H,x,adp_rigor_ca_shift_A,0.470765238,
B006,R663H,x,adp_adenine_ca_distance_8efe_A,28.386762514,
B006,R663H,y,v_rel,1.01707317073,sarkar2020
B006,S782N,x,adp_rigor_ca_shift_A,9.627779674,
B006,S782N,x,adp_adenine_ca_distance_8efe_A,44.593384453,
B006,S782N,y,v_rel,0.980249636914,morck2022
B006,Y115H,x,adp_rigor_ca_shift_A,1.001480582,
B006,Y115H,x,adp_adenine_ca_distance_8efe_A,10.592775132,
B006,Y115H,y,v_rel,0.449612403101,nandwani2025
B007,D239N,x,rigor_actin_min_heavy_distance_8efi_A,35.055819859,
B007,D239N,x,relay_landmark_min_ca_distance_8act_mean_ab,35.685035706,
B007,D239N,x,elc_min_heavy_distance_8act_mean_ab,38.631224062,
B007,D239N,y,kcat_rel,1.48888888889,adhikari2016
B007,D778V,x,rigor_actin_min_heavy_distance_8efi_A,49.423230469,
B007,D778V,x,relay_landmark_min_ca_distance_8act_mean_ab,28.416404724,
B007,D778V,x,elc_min_heavy_distance_8act_mean_ab,5.919902893,
B007,D778V,y,kcat_rel,1.16,morck2022
B007,E497D,x,rigor_actin_min_heavy_distance_8efi_A,35.006758447,
B007,E497D,x,relay_landmark_min_ca_distance_8act_mean_ab,0.0,
B007,E497D,x,elc_min_heavy_distance_8act_mean_ab,22.479331336,
B007,E497D,y,kcat_rel,1.51612903226,nandwani2025
B007,G741R,x,rigor_actin_min_heavy_distance_8efi_A,59.812430589,
B007,G741R,x,relay_landmark_min_ca_distance_8act_mean_ab,17.866434097,
B007,G741R,x,elc_min_heavy_distance_8act_mean_ab,12.707218468,
B007,G741R,y,kcat_rel,0.901960784314,kawana2017
B007,G768R,x,rigor_actin_min_heavy_distance_8efi_A,41.371189951,
B007,G768R,x,relay_landmark_min_ca_distance_8act_mean_ab,17.450050354,
B007,G768R,x,elc_min_heavy_distance_8act_mean_ab,17.509287479,
B007,G768R,y,kcat_rel,0.729981378026,pathak2026
B007,H251N,x,rigor_actin_min_heavy_distance_8efi_A,33.494749156,
B007,H251N,x,relay_landmark_min_ca_distance_8act_mean_ab,27.890908241,
B007,H251N,x,elc_min_heavy_distance_8act_mean_ab,13.811298229,
B007,H251N,y,kcat_rel,1.24444444444,adhikari2016
B007,I457T,x,rigor_actin_min_heavy_distance_8efi_A,34.656604638,
B007,I457T,x,relay_landmark_min_ca_distance_8act_mean_ab,22.242405891,
B007,I457T,x,elc_min_heavy_distance_8act_mean_ab,12.500166133,
B007,I457T,y,kcat_rel,1.75313807531,adhikari2019
B007,L781P,x,rigor_actin_min_heavy_distance_8efi_A,54.824513176,
B007,L781P,x,relay_landmark_min_ca_distance_8act_mean_ab,31.056694984,
B007,L781P,x,elc_min_heavy_distance_8act_mean_ab,3.36913415,
B007,L781P,y,kcat_rel,0.97,morck2022
B007,R249Q,x,rigor_actin_min_heavy_distance_8efi_A,29.534631079,
B007,R249Q,x,relay_landmark_min_ca_distance_8act_mean_ab,26.015706062,
B007,R249Q,x,elc_min_heavy_distance_8act_mean_ab,18.980836575,
B007,R249Q,y,kcat_rel,0.707112970711,adhikari2019
B007,R403Q,x,rigor_actin_min_heavy_distance_8efi_A,6.824444959,
B007,R403Q,x,relay_landmark_min_ca_distance_8act_mean_ab,58.937068939,
B007,R403Q,x,elc_min_heavy_distance_8act_mean_ab,59.339271569,
B007,R403Q,y,kcat_rel,1.26666666667,nag2015
B007,R453C,x,rigor_actin_min_heavy_distance_8efi_A,35.183105321,
B007,R453C,x,relay_landmark_min_ca_distance_8act_mean_ab,30.65838623,
B007,R453C,x,elc_min_heavy_distance_8act_mean_ab,10.360766721,
B007,R453C,y,kcat_rel,0.675675675676,sommese2013
B007,R663H,x,rigor_actin_min_heavy_distance_8efi_A,18.430391993,
B007,R663H,x,relay_landmark_min_ca_distance_8act_mean_ab,13.299701691,
B007,R663H,x,elc_min_heavy_distance_8act_mean_ab,21.301204586,
B007,R663H,y,kcat_rel,0.966666666667,sarkar2020
B007,R719W,x,rigor_actin_min_heavy_distance_8efi_A,59.390799237,
B007,R719W,x,relay_landmark_min_ca_distance_8act_mean_ab,18.235423088,
B007,R719W,x,elc_min_heavy_distance_8act_mean_ab,6.05199896,
B007,R719W,y,kcat_rel,0.947368421053,kawana2017
B007,Y115H,x,rigor_actin_min_heavy_distance_8efi_A,46.983964392,
B007,Y115H,x,relay_landmark_min_ca_distance_8act_mean_ab,25.090517044,
B007,Y115H,x,elc_min_heavy_distance_8act_mean_ab,23.217351996,
B007,Y115H,y,kcat_rel,1.03225806452,nandwani2025
B008,D382Y,x,rigor_actin_min_heavy_distance_8efi_A,23.146598433,
B008,D382Y,x,relay_landmark_min_ca_distance_8act_mean_ab,63.235746384,
B008,D382Y,x,elc_min_heavy_distance_8act_mean_ab,58.317239874,
B008,D382Y,y,Na_rel,1.47368421053,adhikari2019
B008,D778V,x,rigor_actin_min_heavy_distance_8efi_A,49.423230469,
B008,D778V,x,relay_landmark_min_ca_distance_8act_mean_ab,28.416404724,
B008,D778V,x,elc_min_heavy_distance_8act_mean_ab,5.919902893,
B008,D778V,y,Na_rel,1.32786885246,morck2022
B008,E497D,x,rigor_actin_min_heavy_distance_8efi_A,35.006758447,
B008,E497D,x,relay_landmark_min_ca_distance_8act_mean_ab,0.0,
B008,E497D,x,elc_min_heavy_distance_8act_mean_ab,22.479331336,
B008,E497D,y,Na_rel,1.42857142857,nandwani2025
B008,G768R,x,rigor_actin_min_heavy_distance_8efi_A,41.371189951,
B008,G768R,x,relay_landmark_min_ca_distance_8act_mean_ab,17.450050354,
B008,G768R,x,elc_min_heavy_distance_8act_mean_ab,17.509287479,
B008,G768R,y,Na_rel,1.75,pathak2026
B008,H251N,x,rigor_actin_min_heavy_distance_8efi_A,33.494749156,
B008,H251N,x,relay_landmark_min_ca_distance_8act_mean_ab,27.890908241,
B008,H251N,x,elc_min_heavy_distance_8act_mean_ab,13.811298229,
B008,H251N,y,Na_rel,1.59649122807,adhikari2019
B008,I457T,x,rigor_actin_min_heavy_distance_8efi_A,34.656604638,
B008,I457T,x,relay_landmark_min_ca_distance_8act_mean_ab,22.242405891,
B008,I457T,x,elc_min_heavy_distance_8act_mean_ab,12.500166133,
B008,I457T,y,Na_rel,0.982456140351,adhikari2019
B008,L781P,x,rigor_actin_min_heavy_distance_8efi_A,54.824513176,
B008,L781P,x,relay_landmark_min_ca_distance_8act_mean_ab,31.056694984,
B008,L781P,x,elc_min_heavy_distance_8act_mean_ab,3.36913415,
B008,L781P,y,Na_rel,1.39344262295,morck2022
B008,P710R,x,rigor_actin_min_heavy_distance_8efi_A,42.843603397,
B008,P710R,x,relay_landmark_min_ca_distance_8act_mean_ab,8.58924818,
B008,P710R,x,elc_min_heavy_distance_8act_mean_ab,18.87526729,
B008,P710R,y,Na_rel,1.55675675676,vanderroest2021
B008,R249Q,x,rigor_actin_min_heavy_distance_8efi_A,29.534631079,
B008,R249Q,x,relay_landmark_min_ca_distance_8act_mean_ab,26.015706062,
B008,R249Q,x,elc_min_heavy_distance_8act_mean_ab,18.980836575,
B008,R249Q,y,Na_rel,1.68421052632,adhikari2019
B008,R403Q,x,rigor_actin_min_heavy_distance_8efi_A,6.824444959,
B008,R403Q,x,relay_landmark_min_ca_distance_8act_mean_ab,58.937068939,
B008,R403Q,x,elc_min_heavy_distance_8act_mean_ab,59.339271569,
B008,R403Q,y,Na_rel,1.39682539682,sarkar2020
B008,R663H,x,rigor_actin_min_heavy_distance_8efi_A,18.430391993,
B008,R663H,x,relay_landmark_min_ca_distance_8act_mean_ab,13.299701691,
B008,R663H,x,elc_min_heavy_distance_8act_mean_ab,21.301204586,
B008,R663H,y,Na_rel,1.16326530612,sarkar2020
B008,R719W,x,rigor_actin_min_heavy_distance_8efi_A,59.390799237,
B008,R719W,x,relay_landmark_min_ca_distance_8act_mean_ab,18.235423088,
B008,R719W,x,elc_min_heavy_distance_8act_mean_ab,6.05199896,
B008,R719W,y,Na_rel,1.80701754386,adhikari2019
B008,Y115H,x,rigor_actin_min_heavy_distance_8efi_A,46.983964392,
B008,Y115H,x,relay_landmark_min_ca_distance_8act_mean_ab,25.090517044,
B008,Y115H,x,elc_min_heavy_distance_8act_mean_ab,23.217351996,
B008,Y115H,y,Na_rel,1.42857142857,nandwani2025
B009,D239N,x,rigor_actin_min_heavy_distance_8efi_A,35.055819859,
B009,D239N,x,relay_landmark_min_ca_distance_8act_mean_ab,35.685035706,
B009,D239N,x,elc_min_heavy_distance_8act_mean_ab,38.631224062,
B009,D239N,y,v_rel,1.94186046512,adhikari2016
B009,D778V,x,rigor_actin_min_heavy_distance_8efi_A,49.423230469,
B009,D778V,x,relay_landmark_min_ca_distance_8act_mean_ab,28.416404724,
B009,D778V,x,elc_min_heavy_distance_8act_mean_ab,5.919902893,
B009,D778V,y,v_rel,1.45871842144,morck2022
B009,E497D,x,rigor_actin_min_heavy_distance_8efi_A,35.006758447,
B009,E497D,x,relay_landmark_min_ca_distance_8act_mean_ab,0.0,
B009,E497D,x,elc_min_heavy_distance_8act_mean_ab,22.479331336,
B009,E497D,y,v_rel,0.808416389812,nandwani2025
B009,G768R,x,rigor_actin_min_heavy_distance_8efi_A,41.371189951,
B009,G768R,x,relay_landmark_min_ca_distance_8act_mean_ab,17.450050354,
B009,G768R,x,elc_min_heavy_distance_8act_mean_ab,17.509287479,
B009,G768R,y,v_rel,0.198040016333,pathak2026
B009,H251N,x,rigor_actin_min_heavy_distance_8efi_A,33.494749156,
B009,H251N,x,relay_landmark_min_ca_distance_8act_mean_ab,27.890908241,
B009,H251N,x,elc_min_heavy_distance_8act_mean_ab,13.811298229,
B009,H251N,y,v_rel,1.39534883721,adhikari2016
B009,I457T,x,rigor_actin_min_heavy_distance_8efi_A,34.656604638,
B009,I457T,x,relay_landmark_min_ca_distance_8act_mean_ab,22.242405891,
B009,I457T,x,elc_min_heavy_distance_8act_mean_ab,12.500166133,
B009,I457T,y,v_rel,2.42857142857,adhikari2019
B009,L781P,x,rigor_actin_min_heavy_distance_8efi_A,54.824513176,
B009,L781P,x,relay_landmark_min_ca_distance_8act_mean_ab,31.056694984,
B009,L781P,x,elc_min_heavy_distance_8act_mean_ab,3.36913415,
B009,L781P,y,v_rel,0.704141222701,morck2022
B009,P710R,x,rigor_actin_min_heavy_distance_8efi_A,42.843603397,
B009,P710R,x,relay_landmark_min_ca_distance_8act_mean_ab,8.58924818,
B009,P710R,x,elc_min_heavy_distance_8act_mean_ab,18.87526729,
B009,P710R,y,v_rel,0.313648293963,vanderroest2021
B009,R403Q,x,rigor_actin_min_heavy_distance_8efi_A,6.824444959,
B009,R403Q,x,relay_landmark_min_ca_distance_8act_mean_ab,58.937068939,
B009,R403Q,x,elc_min_heavy_distance_8act_mean_ab,59.339271569,
B009,R403Q,y,v_rel,1.14545454545,nag2015
B009,R453C,x,rigor_actin_min_heavy_distance_8efi_A,35.183105321,
B009,R453C,x,relay_landmark_min_ca_distance_8act_mean_ab,30.65838623,
B009,R453C,x,elc_min_heavy_distance_8act_mean_ab,10.360766721,
B009,R453C,y,v_rel,0.7625,sommese2013
B009,R663H,x,rigor_actin_min_heavy_distance_8efi_A,18.430391993,
B009,R663H,x,relay_landmark_min_ca_distance_8act_mean_ab,13.299701691,
B009,R663H,x,elc_min_heavy_distance_8act_mean_ab,21.301204586,
B009,R663H,y,v_rel,1.01707317073,sarkar2020
B009,Y115H,x,rigor_actin_min_heavy_distance_8efi_A,46.983964392,
B009,Y115H,x,relay_landmark_min_ca_distance_8act_mean_ab,25.090517044,
B009,Y115H,x,elc_min_heavy_distance_8act_mean_ab,23.217351996,
B009,Y115H,y,v_rel,0.449612403101,nandwani2025
B010,D778V,x,adp_rigor_ca_shift_A,8.86589456,
B010,D778V,x,adp_adenine_ca_distance_8efe_A,40.463212935,
B010,D778V,x,rigor_actin_min_heavy_distance_8efi_A,49.423230469,
B010,D778V,x,relay_landmark_min_ca_distance_8act_mean_ab,28.416404724,
B010,D778V,x,elc_min_heavy_distance_8act_mean_ab,5.919902893,
B010,D778V,x,delta_charge,1,
B010,D778V,x,grantham_distance,152,
B010,D778V,x,catalytic_motif_min_ca_distance_8act_mean_ab,34.84337112631988,
B010,D778V,x,wt_site_rsa_8act_mean_ab,0.315950920245,
B010,D778V,x,ihm_interface_flag_8act,0,
B010,D778V,y,kcat_rel,1.16,morck2022
B010,E497D,x,adp_rigor_ca_shift_A,2.321440558,
B010,E497D,x,adp_adenine_ca_distance_8efe_A,33.041275717,
B010,E497D,x,rigor_actin_min_heavy_distance_8efi_A,35.006758447,
B010,E497D,x,relay_landmark_min_ca_distance_8act_mean_ab,0.0,
B010,E497D,x,elc_min_heavy_distance_8act_mean_ab,22.479331336,
B010,E497D,x,delta_charge,0,
B010,E497D,x,grantham_distance,45,
B010,E497D,x,catalytic_motif_min_ca_distance_8act_mean_ab,22.822294945851162,
B010,E497D,x,wt_site_rsa_8act_mean_ab,0.0876288659794,
B010,E497D,x,ihm_interface_flag_8act,0,
B010,E497D,y,kcat_rel,1.51612903226,nandwani2025
B010,G768R,x,adp_rigor_ca_shift_A,4.944418844,
B010,G768R,x,adp_adenine_ca_distance_8efe_A,37.221601537,
B010,G768R,x,rigor_actin_min_heavy_distance_8efi_A,41.371189951,
B010,G768R,x,relay_landmark_min_ca_distance_8act_mean_ab,17.450050354,
B010,G768R,x,elc_min_heavy_distance_8act_mean_ab,17.509287479,
B010,G768R,x,delta_charge,1,
B010,G768R,x,grantham_distance,125,
B010,G768R,x,catalytic_motif_min_ca_distance_8act_mean_ab,27.477198222458405,
B010,G768R,x,wt_site_rsa_8act_mean_ab,0.613095238095,
B010,G768R,x,ihm_interface_flag_8act,0,
B010,G768R,y,kcat_rel,0.729981378026,pathak2026
B010,H251N,x,adp_rigor_ca_shift_A,0.549455682,
B010,H251N,x,adp_adenine_ca_distance_8efe_A,25.169257061,
B010,H251N,x,rigor_actin_min_heavy_distance_8efi_A,33.494749156,
B010,H251N,x,relay_landmark_min_ca_distance_8act_mean_ab,27.890908241,
B010,H251N,x,elc_min_heavy_distance_8act_mean_ab,13.811298229,
B010,H251N,x,delta_charge,0,
B010,H251N,x,grantham_distance,68,
B010,H251N,x,catalytic_motif_min_ca_distance_8act_mean_ab,16.073682688680528,
B010,H251N,x,wt_site_rsa_8act_mean_ab,0.0951086956522,
B010,H251N,x,ihm_interface_flag_8act,0,
B010,H251N,y,kcat_rel,1.24444444444,adhikari2016
B010,I457T,x,adp_rigor_ca_shift_A,0.514728554,
B010,I457T,x,adp_adenine_ca_distance_8efe_A,21.837342352,
B010,I457T,x,rigor_actin_min_heavy_distance_8efi_A,34.656604638,
B010,I457T,x,relay_landmark_min_ca_distance_8act_mean_ab,22.242405891,
B010,I457T,x,elc_min_heavy_distance_8act_mean_ab,12.500166133,
B010,I457T,x,delta_charge,0,
B010,I457T,x,grantham_distance,89,
B010,I457T,x,catalytic_motif_min_ca_distance_8act_mean_ab,13.221737309855547,
B010,I457T,x,wt_site_rsa_8act_mean_ab,0,
B010,I457T,x,ihm_interface_flag_8act,0,
B010,I457T,y,kcat_rel,1.75313807531,adhikari2019
B010,L781P,x,adp_rigor_ca_shift_A,9.189484579,
B010,L781P,x,adp_adenine_ca_distance_8efe_A,44.222855912,
B010,L781P,x,rigor_actin_min_heavy_distance_8efi_A,54.824513176,
B010,L781P,x,relay_landmark_min_ca_distance_8act_mean_ab,31.056694984,
B010,L781P,x,elc_min_heavy_distance_8act_mean_ab,3.36913415,
B010,L781P,x,delta_charge,0,
B010,L781P,x,grantham_distance,98,
B010,L781P,x,catalytic_motif_min_ca_distance_8act_mean_ab,38.97306060048324,
B010,L781P,x,wt_site_rsa_8act_mean_ab,0.15243902439,
B010,L781P,x,ihm_interface_flag_8act,0,
B010,L781P,y,kcat_rel,0.97,morck2022
B010,R249Q,x,adp_rigor_ca_shift_A,0.32951951,
B010,R249Q,x,adp_adenine_ca_distance_8efe_A,21.010504373,
B010,R249Q,x,rigor_actin_min_heavy_distance_8efi_A,29.534631079,
B010,R249Q,x,relay_landmark_min_ca_distance_8act_mean_ab,26.015706062,
B010,R249Q,x,elc_min_heavy_distance_8act_mean_ab,18.980836575,
B010,R249Q,x,delta_charge,-1,
B010,R249Q,x,grantham_distance,43,
B010,R249Q,x,catalytic_motif_min_ca_distance_8act_mean_ab,9.744404953362427,
B010,R249Q,x,wt_site_rsa_8act_mean_ab,0.20564516129,
B010,R249Q,x,ihm_interface_flag_8act,0,
B010,R249Q,y,kcat_rel,0.707112970711,adhikari2019
B010,R403Q,x,adp_rigor_ca_shift_A,0.423043993,
B010,R403Q,x,adp_adenine_ca_distance_8efe_A,51.830841456,
B010,R403Q,x,rigor_actin_min_heavy_distance_8efi_A,6.824444959,
B010,R403Q,x,relay_landmark_min_ca_distance_8act_mean_ab,58.937068939,
B010,R403Q,x,elc_min_heavy_distance_8act_mean_ab,59.339271569,
B010,R403Q,x,delta_charge,-1,
B010,R403Q,x,grantham_distance,43,
B010,R403Q,x,catalytic_motif_min_ca_distance_8act_mean_ab,33.522361644995755,
B010,R403Q,x,wt_site_rsa_8act_mean_ab,0.183467741935,
B010,R403Q,x,ihm_interface_flag_8act,1,
B010,R403Q,y,kcat_rel,1.26666666667,nag2015
B010,R663H,x,adp_rigor_ca_shift_A,0.470765238,
B010,R663H,x,adp_adenine_ca_distance_8efe_A,28.386762514,
B010,R663H,x,rigor_actin_min_heavy_distance_8efi_A,18.430391993,
B010,R663H,x,relay_landmark_min_ca_distance_8act_mean_ab,13.299701691,
B010,R663H,x,elc_min_heavy_distance_8act_mean_ab,21.301204586,
B010,R663H,x,delta_charge,-1,
B010,R663H,x,grantham_distance,29,
B010,R663H,x,catalytic_motif_min_ca_distance_8act_mean_ab,16.313801523298913,
B010,R663H,x,wt_site_rsa_8act_mean_ab,0.608870967742,
B010,R663H,x,ihm_interface_flag_8act,0,
B010,R663H,y,kcat_rel,0.966666666667,sarkar2020
B010,R719W,x,adp_rigor_ca_shift_A,8.406363571,
B010,R719W,x,adp_adenine_ca_distance_8efe_A,43.651493651,
B010,R719W,x,rigor_actin_min_heavy_distance_8efi_A,59.390799237,
B010,R719W,x,relay_landmark_min_ca_distance_8act_mean_ab,18.235423088,
B010,R719W,x,elc_min_heavy_distance_8act_mean_ab,6.05199896,
B010,R719W,x,delta_charge,-1,
B010,R719W,x,grantham_distance,101,
B010,R719W,x,catalytic_motif_min_ca_distance_8act_mean_ab,37.94742621682316,
B010,R719W,x,wt_site_rsa_8act_mean_ab,0.161290322581,
B010,R719W,x,ihm_interface_flag_8act,0,
B010,R719W,y,kcat_rel,0.947368421053,kawana2017
B010,Y115H,x,adp_rigor_ca_shift_A,1.001480582,
B010,Y115H,x,adp_adenine_ca_distance_8efe_A,10.592775132,
B010,Y115H,x,rigor_actin_min_heavy_distance_8efi_A,46.983964392,
B010,Y115H,x,relay_landmark_min_ca_distance_8act_mean_ab,25.090517044,
B010,Y115H,x,elc_min_heavy_distance_8act_mean_ab,23.217351996,
B010,Y115H,x,delta_charge,0,
B010,Y115H,x,grantham_distance,83,
B010,Y115H,x,catalytic_motif_min_ca_distance_8act_mean_ab,12.022325833439357,
B010,Y115H,x,wt_site_rsa_8act_mean_ab,0.018018018018,
B010,Y115H,x,ihm_interface_flag_8act,0,
B010,Y115H,y,kcat_rel,1.03225806452,nandwani2025
B011,D778V,x,adp_rigor_ca_shift_A,8.86589456,
B011,D778V,x,adp_adenine_ca_distance_8efe_A,40.463212935,
B011,D778V,x,rigor_actin_min_heavy_distance_8efi_A,49.423230469,
B011,D778V,x,relay_landmark_min_ca_distance_8act_mean_ab,28.416404724,
B011,D778V,x,elc_min_heavy_distance_8act_mean_ab,5.919902893,
B011,D778V,x,delta_charge,1,
B011,D778V,x,grantham_distance,152,
B011,D778V,x,catalytic_motif_min_ca_distance_8act_mean_ab,34.84337112631988,
B011,D778V,x,wt_site_rsa_8act_mean_ab,0.315950920245,
B011,D778V,x,ihm_interface_flag_8act,0,
B011,D778V,y,Na_rel,1.32786885246,morck2022
B011,E497D,x,adp_rigor_ca_shift_A,2.321440558,
B011,E497D,x,adp_adenine_ca_distance_8efe_A,33.041275717,
B011,E497D,x,rigor_actin_min_heavy_distance_8efi_A,35.006758447,
B011,E497D,x,relay_landmark_min_ca_distance_8act_mean_ab,0.0,
B011,E497D,x,elc_min_heavy_distance_8act_mean_ab,22.479331336,
B011,E497D,x,delta_charge,0,
B011,E497D,x,grantham_distance,45,
B011,E497D,x,catalytic_motif_min_ca_distance_8act_mean_ab,22.822294945851162,
B011,E497D,x,wt_site_rsa_8act_mean_ab,0.0876288659794,
B011,E497D,x,ihm_interface_flag_8act,0,
B011,E497D,y,Na_rel,1.42857142857,nandwani2025
B011,G768R,x,adp_rigor_ca_shift_A,4.944418844,
B011,G768R,x,adp_adenine_ca_distance_8efe_A,37.221601537,
B011,G768R,x,rigor_actin_min_heavy_distance_8efi_A,41.371189951,
B011,G768R,x,relay_landmark_min_ca_distance_8act_mean_ab,17.450050354,
B011,G768R,x,elc_min_heavy_distance_8act_mean_ab,17.509287479,
B011,G768R,x,delta_charge,1,
B011,G768R,x,grantham_distance,125,
B011,G768R,x,catalytic_motif_min_ca_distance_8act_mean_ab,27.477198222458405,
B011,G768R,x,wt_site_rsa_8act_mean_ab,0.613095238095,
B011,G768R,x,ihm_interface_flag_8act,0,
B011,G768R,y,Na_rel,1.75,pathak2026
B011,H251N,x,adp_rigor_ca_shift_A,0.549455682,
B011,H251N,x,adp_adenine_ca_distance_8efe_A,25.169257061,
B011,H251N,x,rigor_actin_min_heavy_distance_8efi_A,33.494749156,
B011,H251N,x,relay_landmark_min_ca_distance_8act_mean_ab,27.890908241,
B011,H251N,x,elc_min_heavy_distance_8act_mean_ab,13.811298229,
B011,H251N,x,delta_charge,0,
B011,H251N,x,grantham_distance,68,
B011,H251N,x,catalytic_motif_min_ca_distance_8act_mean_ab,16.073682688680528,
B011,H251N,x,wt_site_rsa_8act_mean_ab,0.0951086956522,
B011,H251N,x,ihm_interface_flag_8act,0,
B011,H251N,y,Na_rel,1.59649122807,adhikari2019
B011,I457T,x,adp_rigor_ca_shift_A,0.514728554,
B011,I457T,x,adp_adenine_ca_distance_8efe_A,21.837342352,
B011,I457T,x,rigor_actin_min_heavy_distance_8efi_A,34.656604638,
B011,I457T,x,relay_landmark_min_ca_distance_8act_mean_ab,22.242405891,
B011,I457T,x,elc_min_heavy_distance_8act_mean_ab,12.500166133,
B011,I457T,x,delta_charge,0,
B011,I457T,x,grantham_distance,89,
B011,I457T,x,catalytic_motif_min_ca_distance_8act_mean_ab,13.221737309855547,
B011,I457T,x,wt_site_rsa_8act_mean_ab,0,
B011,I457T,x,ihm_interface_flag_8act,0,
B011,I457T,y,Na_rel,0.982456140351,adhikari2019
B011,L781P,x,adp_rigor_ca_shift_A,9.189484579,
B011,L781P,x,adp_adenine_ca_distance_8efe_A,44.222855912,
B011,L781P,x,rigor_actin_min_heavy_distance_8efi_A,54.824513176,
B011,L781P,x,relay_landmark_min_ca_distance_8act_mean_ab,31.056694984,
B011,L781P,x,elc_min_heavy_distance_8act_mean_ab,3.36913415,
B011,L781P,x,delta_charge,0,
B011,L781P,x,grantham_distance,98,
B011,L781P,x,catalytic_motif_min_ca_distance_8act_mean_ab,38.97306060048324,
B011,L781P,x,wt_site_rsa_8act_mean_ab,0.15243902439,
B011,L781P,x,ihm_interface_flag_8act,0,
B011,L781P,y,Na_rel,1.39344262295,morck2022
B011,R249Q,x,adp_rigor_ca_shift_A,0.32951951,
B011,R249Q,x,adp_adenine_ca_distance_8efe_A,21.010504373,
B011,R249Q,x,rigor_actin_min_heavy_distance_8efi_A,29.534631079,
B011,R249Q,x,relay_landmark_min_ca_distance_8act_mean_ab,26.015706062,
B011,R249Q,x,elc_min_heavy_distance_8act_mean_ab,18.980836575,
B011,R249Q,x,delta_charge,-1,
B011,R249Q,x,grantham_distance,43,
B011,R249Q,x,catalytic_motif_min_ca_distance_8act_mean_ab,9.744404953362427,
B011,R249Q,x,wt_site_rsa_8act_mean_ab,0.20564516129,
B011,R249Q,x,ihm_interface_flag_8act,0,
B011,R249Q,y,Na_rel,1.68421052632,adhikari2019
B011,R403Q,x,adp_rigor_ca_shift_A,0.423043993,
B011,R403Q,x,adp_adenine_ca_distance_8efe_A,51.830841456,
B011,R403Q,x,rigor_actin_min_heavy_distance_8efi_A,6.824444959,
B011,R403Q,x,relay_landmark_min_ca_distance_8act_mean_ab,58.937068939,
B011,R403Q,x,elc_min_heavy_distance_8act_mean_ab,59.339271569,
B011,R403Q,x,delta_charge,-1,
B011,R403Q,x,grantham_distance,43,
B011,R403Q,x,catalytic_motif_min_ca_distance_8act_mean_ab,33.522361644995755,
B011,R403Q,x,wt_site_rsa_8act_mean_ab,0.183467741935,
B011,R403Q,x,ihm_interface_flag_8act,1,
B011,R403Q,y,Na_rel,1.39682539682,sarkar2020
B011,R663H,x,adp_rigor_ca_shift_A,0.470765238,
B011,R663H,x,adp_adenine_ca_distance_8efe_A,28.386762514,
B011,R663H,x,rigor_actin_min_heavy_distance_8efi_A,18.430391993,
B011,R663H,x,relay_landmark_min_ca_distance_8act_mean_ab,13.299701691,
B011,R663H,x,elc_min_heavy_distance_8act_mean_ab,21.301204586,
B011,R663H,x,delta_charge,-1,
B011,R663H,x,grantham_distance,29,
B011,R663H,x,catalytic_motif_min_ca_distance_8act_mean_ab,16.313801523298913,
B011,R663H,x,wt_site_rsa_8act_mean_ab,0.608870967742,
B011,R663H,x,ihm_interface_flag_8act,0,
B011,R663H,y,Na_rel,1.16326530612,sarkar2020
B011,R719W,x,adp_rigor_ca_shift_A,8.406363571,
B011,R719W,x,adp_adenine_ca_distance_8efe_A,43.651493651,
B011,R719W,x,rigor_actin_min_heavy_distance_8efi_A,59.390799237,
B011,R719W,x,relay_landmark_min_ca_distance_8act_mean_ab,18.235423088,
B011,R719W,x,elc_min_heavy_distance_8act_mean_ab,6.05199896,
B011,R719W,x,delta_charge,-1,
B011,R719W,x,grantham_distance,101,
B011,R719W,x,catalytic_motif_min_ca_distance_8act_mean_ab,37.94742621682316,
B011,R719W,x,wt_site_rsa_8act_mean_ab,0.161290322581,
B011,R719W,x,ihm_interface_flag_8act,0,
B011,R719W,y,Na_rel,1.80701754386,adhikari2019
B011,Y115H,x,adp_rigor_ca_shift_A,1.001480582,
B011,Y115H,x,adp_adenine_ca_distance_8efe_A,10.592775132,
B011,Y115H,x,rigor_actin_min_heavy_distance_8efi_A,46.983964392,
B011,Y115H,x,relay_landmark_min_ca_distance_8act_mean_ab,25.090517044,
B011,Y115H,x,elc_min_heavy_distance_8act_mean_ab,23.217351996,
B011,Y115H,x,delta_charge,0,
B011,Y115H,x,grantham_distance,83,
B011,Y115H,x,catalytic_motif_min_ca_distance_8act_mean_ab,12.022325833439357,
B011,Y115H,x,wt_site_rsa_8act_mean_ab,0.018018018018,
B011,Y115H,x,ihm_interface_flag_8act,0,
B011,Y115H,y,Na_rel,1.42857142857,nandwani2025
B012,D778V,x,adp_rigor_ca_shift_A,8.86589456,
B012,D778V,x,adp_adenine_ca_distance_8efe_A,40.463212935,
B012,D778V,x,rigor_actin_min_heavy_distance_8efi_A,49.423230469,
B012,D778V,x,relay_landmark_min_ca_distance_8act_mean_ab,28.416404724,
B012,D778V,x,elc_min_heavy_distance_8act_mean_ab,5.919902893,
B012,D778V,x,delta_charge,1,
B012,D778V,x,grantham_distance,152,
B012,D778V,x,catalytic_motif_min_ca_distance_8act_mean_ab,34.84337112631988,
B012,D778V,x,wt_site_rsa_8act_mean_ab,0.315950920245,
B012,D778V,x,ihm_interface_flag_8act,0,
B012,D778V,y,v_rel,1.45871842144,morck2022
B012,E497D,x,adp_rigor_ca_shift_A,2.321440558,
B012,E497D,x,adp_adenine_ca_distance_8efe_A,33.041275717,
B012,E497D,x,rigor_actin_min_heavy_distance_8efi_A,35.006758447,
B012,E497D,x,relay_landmark_min_ca_distance_8act_mean_ab,0.0,
B012,E497D,x,elc_min_heavy_distance_8act_mean_ab,22.479331336,
B012,E497D,x,delta_charge,0,
B012,E497D,x,grantham_distance,45,
B012,E497D,x,catalytic_motif_min_ca_distance_8act_mean_ab,22.822294945851162,
B012,E497D,x,wt_site_rsa_8act_mean_ab,0.0876288659794,
B012,E497D,x,ihm_interface_flag_8act,0,
B012,E497D,y,v_rel,0.808416389812,nandwani2025
B012,G768R,x,adp_rigor_ca_shift_A,4.944418844,
B012,G768R,x,adp_adenine_ca_distance_8efe_A,37.221601537,
B012,G768R,x,rigor_actin_min_heavy_distance_8efi_A,41.371189951,
B012,G768R,x,relay_landmark_min_ca_distance_8act_mean_ab,17.450050354,
B012,G768R,x,elc_min_heavy_distance_8act_mean_ab,17.509287479,
B012,G768R,x,delta_charge,1,
B012,G768R,x,grantham_distance,125,
B012,G768R,x,catalytic_motif_min_ca_distance_8act_mean_ab,27.477198222458405,
B012,G768R,x,wt_site_rsa_8act_mean_ab,0.613095238095,
B012,G768R,x,ihm_interface_flag_8act,0,
B012,G768R,y,v_rel,0.198040016333,pathak2026
B012,H251N,x,adp_rigor_ca_shift_A,0.549455682,
B012,H251N,x,adp_adenine_ca_distance_8efe_A,25.169257061,
B012,H251N,x,rigor_actin_min_heavy_distance_8efi_A,33.494749156,
B012,H251N,x,relay_landmark_min_ca_distance_8act_mean_ab,27.890908241,
B012,H251N,x,elc_min_heavy_distance_8act_mean_ab,13.811298229,
B012,H251N,x,delta_charge,0,
B012,H251N,x,grantham_distance,68,
B012,H251N,x,catalytic_motif_min_ca_distance_8act_mean_ab,16.073682688680528,
B012,H251N,x,wt_site_rsa_8act_mean_ab,0.0951086956522,
B012,H251N,x,ihm_interface_flag_8act,0,
B012,H251N,y,v_rel,1.39534883721,adhikari2016
B012,I457T,x,adp_rigor_ca_shift_A,0.514728554,
B012,I457T,x,adp_adenine_ca_distance_8efe_A,21.837342352,
B012,I457T,x,rigor_actin_min_heavy_distance_8efi_A,34.656604638,
B012,I457T,x,relay_landmark_min_ca_distance_8act_mean_ab,22.242405891,
B012,I457T,x,elc_min_heavy_distance_8act_mean_ab,12.500166133,
B012,I457T,x,delta_charge,0,
B012,I457T,x,grantham_distance,89,
B012,I457T,x,catalytic_motif_min_ca_distance_8act_mean_ab,13.221737309855547,
B012,I457T,x,wt_site_rsa_8act_mean_ab,0,
B012,I457T,x,ihm_interface_flag_8act,0,
B012,I457T,y,v_rel,2.42857142857,adhikari2019
B012,L781P,x,adp_rigor_ca_shift_A,9.189484579,
B012,L781P,x,adp_adenine_ca_distance_8efe_A,44.222855912,
B012,L781P,x,rigor_actin_min_heavy_distance_8efi_A,54.824513176,
B012,L781P,x,relay_landmark_min_ca_distance_8act_mean_ab,31.056694984,
B012,L781P,x,elc_min_heavy_distance_8act_mean_ab,3.36913415,
B012,L781P,x,delta_charge,0,
B012,L781P,x,grantham_distance,98,
B012,L781P,x,catalytic_motif_min_ca_distance_8act_mean_ab,38.97306060048324,
B012,L781P,x,wt_site_rsa_8act_mean_ab,0.15243902439,
B012,L781P,x,ihm_interface_flag_8act,0,
B012,L781P,y,v_rel,0.704141222701,morck2022
B012,R403Q,x,adp_rigor_ca_shift_A,0.423043993,
B012,R403Q,x,adp_adenine_ca_distance_8efe_A,51.830841456,
B012,R403Q,x,rigor_actin_min_heavy_distance_8efi_A,6.824444959,
B012,R403Q,x,relay_landmark_min_ca_distance_8act_mean_ab,58.937068939,
B012,R403Q,x,elc_min_heavy_distance_8act_mean_ab,59.339271569,
B012,R403Q,x,delta_charge,-1,
B012,R403Q,x,grantham_distance,43,
B012,R403Q,x,catalytic_motif_min_ca_distance_8act_mean_ab,33.522361644995755,
B012,R403Q,x,wt_site_rsa_8act_mean_ab,0.183467741935,
B012,R403Q,x,ihm_interface_flag_8act,1,
B012,R403Q,y,v_rel,1.14545454545,nag2015
B012,R663H,x,adp_rigor_ca_shift_A,0.470765238,
B012,R663H,x,adp_adenine_ca_distance_8efe_A,28.386762514,
B012,R663H,x,rigor_actin_min_heavy_distance_8efi_A,18.430391993,
B012,R663H,x,relay_landmark_min_ca_distance_8act_mean_ab,13.299701691,
B012,R663H,x,elc_min_heavy_distance_8act_mean_ab,21.301204586,
B012,R663H,x,delta_charge,-1,
B012,R663H,x,grantham_distance,29,
B012,R663H,x,catalytic_motif_min_ca_distance_8act_mean_ab,16.313801523298913,
B012,R663H,x,wt_site_rsa_8act_mean_ab,0.608870967742,
B012,R663H,x,ihm_interface_flag_8act,0,
B012,R663H,y,v_rel,1.01707317073,sarkar2020
B012,Y115H,x,adp_rigor_ca_shift_A,1.001480582,
B012,Y115H,x,adp_adenine_ca_distance_8efe_A,10.592775132,
B012,Y115H,x,rigor_actin_min_heavy_distance_8efi_A,46.983964392,
B012,Y115H,x,relay_landmark_min_ca_distance_8act_mean_ab,25.090517044,
B012,Y115H,x,elc_min_heavy_distance_8act_mean_ab,23.217351996,
B012,Y115H,x,delta_charge,0,
B012,Y115H,x,grantham_distance,83,
B012,Y115H,x,catalytic_motif_min_ca_distance_8act_mean_ab,12.022325833439357,
B012,Y115H,x,wt_site_rsa_8act_mean_ab,0.018018018018,
B012,Y115H,x,ihm_interface_flag_8act,0,
B012,Y115H,y,v_rel,0.449612403101,nandwani2025
