comparison_id,scenario,omitted_unit,n_paired,paired_variants,excluded_variants,study_ids,original_spearman_rho,note,distance_correlation,u_centered_squared_distance_correlation,status,u_status,x_constant_columns,y_constant_columns,x_varying_dimensions,y_varying_dimensions,x_scale_sample_sd_json,y_scale_sample_sd_json
C001,leave_one_variant_out,A797T,13,D778V|E497D|F834L|G768R|H251N|I457T|L781P|R249Q|R403Q|R663H|R719W|S782N|Y115H,A797T,adhikari2016|adhikari2019|kawana2017|morck2022|nag2015|nandwani2025|pathak2026|sarkar2020,,Scaling recomputed in retained cohort; study deletion uses union of outcome sources.,0.631851201937,0.130549977475,estimated,estimated,,,1,1,{},{}
C001,leave_one_variant_out,D778V,13,A797T|E497D|F834L|G768R|H251N|I457T|L781P|R249Q|R403Q|R663H|R719W|S782N|Y115H,D778V,adhikari2016|adhikari2019|kawana2017|morck2022|nag2015|nandwani2025|pathak2026|sarkar2020,,Scaling recomputed in retained cohort; study deletion uses union of outcome sources.,0.623407922589,0.173986257852,estimated,estimated,,,1,1,{},{}
C001,leave_one_variant_out,E497D,13,A797T|D778V|F834L|G768R|H251N|I457T|L781P|R249Q|R403Q|R663H|R719W|S782N|Y115H,E497D,adhikari2016|adhikari2019|kawana2017|morck2022|nag2015|nandwani2025|pathak2026|sarkar2020,,Scaling recomputed in retained cohort; study deletion uses union of outcome sources.,0.672427442755,0.230707432888,estimated,estimated,,,1,1,{},{}
C001,leave_one_variant_out,F834L,13,A797T|D778V|E497D|G768R|H251N|I457T|L781P|R249Q|R403Q|R663H|R719W|S782N|Y115H,F834L,adhikari2016|adhikari2019|kawana2017|morck2022|nag2015|nandwani2025|pathak2026|sarkar2020,,Scaling recomputed in retained cohort; study deletion uses union of outcome sources.,0.638049981033,0.199190774252,estimated,estimated,,,1,1,{},{}
C001,leave_one_variant_out,G768R,13,A797T|D778V|E497D|F834L|H251N|I457T|L781P|R249Q|R403Q|R663H|R719W|S782N|Y115H,G768R,adhikari2016|adhikari2019|kawana2017|morck2022|nag2015|nandwani2025|sarkar2020,,Scaling recomputed in retained cohort; study deletion uses union of outcome sources.,0.575197571748,0.048693818551,estimated,estimated,,,1,1,{},{}
C001,leave_one_variant_out,H251N,13,A797T|D778V|E497D|F834L|G768R|I457T|L781P|R249Q|R403Q|R663H|R719W|S782N|Y115H,H251N,adhikari2019|kawana2017|morck2022|nag2015|nandwani2025|pathak2026|sarkar2020,,Scaling recomputed in retained cohort; study deletion uses union of outcome sources.,0.671202050043,0.282066559927,estimated,estimated,,,1,1,{},{}
C001,leave_one_variant_out,I457T,13,A797T|D778V|E497D|F834L|G768R|H251N|L781P|R249Q|R403Q|R663H|R719W|S782N|Y115H,I457T,adhikari2016|adhikari2019|kawana2017|morck2022|nag2015|nandwani2025|pathak2026|sarkar2020,,Scaling recomputed in retained cohort; study deletion uses union of outcome sources.,0.599626099639,0.267109588157,estimated,estimated,,,1,1,{},{}
C001,leave_one_variant_out,L781P,13,A797T|D778V|E497D|F834L|G768R|H251N|I457T|R249Q|R403Q|R663H|R719W|S782N|Y115H,L781P,adhikari2016|adhikari2019|kawana2017|morck2022|nag2015|nandwani2025|pathak2026|sarkar2020,,Scaling recomputed in retained cohort; study deletion uses union of outcome sources.,0.654406733067,0.229879943845,estimated,estimated,,,1,1,{},{}
C001,leave_one_variant_out,R249Q,13,A797T|D778V|E497D|F834L|G768R|H251N|I457T|L781P|R403Q|R663H|R719W|S782N|Y115H,R249Q,adhikari2016|adhikari2019|kawana2017|morck2022|nag2015|nandwani2025|pathak2026|sarkar2020,,Scaling recomputed in retained cohort; study deletion uses union of outcome sources.,0.585021278199,0.0746929706238,estimated,estimated,,,1,1,{},{}
C001,leave_one_variant_out,R403Q,13,A797T|D778V|E497D|F834L|G768R|H251N|I457T|L781P|R249Q|R663H|R719W|S782N|Y115H,R403Q,adhikari2016|adhikari2019|kawana2017|morck2022|nandwani2025|pathak2026|sarkar2020,,Scaling recomputed in retained cohort; study deletion uses union of outcome sources.,0.627172984274,0.178090698146,estimated,estimated,,,1,1,{},{}
C001,leave_one_variant_out,R663H,13,A797T|D778V|E497D|F834L|G768R|H251N|I457T|L781P|R249Q|R403Q|R719W|S782N|Y115H,R663H,adhikari2016|adhikari2019|kawana2017|morck2022|nag2015|nandwani2025|pathak2026|sarkar2020,,Scaling recomputed in retained cohort; study deletion uses union of outcome sources.,0.696953669356,0.293296315883,estimated,estimated,,,1,1,{},{}
C001,leave_one_variant_out,R719W,13,A797T|D778V|E497D|F834L|G768R|H251N|I457T|L781P|R249Q|R403Q|R663H|S782N|Y115H,R719W,adhikari2016|adhikari2019|morck2022|nag2015|nandwani2025|pathak2026|sarkar2020,,Scaling recomputed in retained cohort; study deletion uses union of outcome sources.,0.635737318525,0.149325402892,estimated,estimated,,,1,1,{},{}
C001,leave_one_variant_out,S782N,13,A797T|D778V|E497D|F834L|G768R|H251N|I457T|L781P|R249Q|R403Q|R663H|R719W|Y115H,S782N,adhikari2016|adhikari2019|kawana2017|morck2022|nag2015|nandwani2025|pathak2026|sarkar2020,,Scaling recomputed in retained cohort; study deletion uses union of outcome sources.,0.637333445134,0.196844757501,estimated,estimated,,,1,1,{},{}
C001,leave_one_variant_out,Y115H,13,A797T|D778V|E497D|F834L|G768R|H251N|I457T|L781P|R249Q|R403Q|R663H|R719W|S782N,Y115H,adhikari2016|adhikari2019|kawana2017|morck2022|nag2015|nandwani2025|pathak2026|sarkar2020,,Scaling recomputed in retained cohort; study deletion uses union of outcome sources.,0.634202504314,0.198471518044,estimated,estimated,,,1,1,{},{}
C001,leave_one_study_out,adhikari2016,13,A797T|D778V|E497D|F834L|G768R|I457T|L781P|R249Q|R403Q|R663H|R719W|S782N|Y115H,H251N,adhikari2019|kawana2017|morck2022|nag2015|nandwani2025|pathak2026|sarkar2020,,Scaling recomputed in retained cohort; study deletion uses union of outcome sources.,0.671202050043,0.282066559927,estimated,estimated,,,1,1,{},{}
C001,leave_one_study_out,adhikari2019,10,A797T|D778V|E497D|F834L|G768R|L781P|R403Q|R663H|S782N|Y115H,H251N|I457T|R249Q|R719W,morck2022|nag2015|nandwani2025|pathak2026|sarkar2020,,Scaling recomputed in retained cohort; study deletion uses union of outcome sources.,0.603637136128,0.209879820367,estimated,estimated,,,1,1,{},{}
C001,leave_one_study_out,kawana2017,13,A797T|D778V|E497D|F834L|G768R|H251N|I457T|L781P|R249Q|R403Q|R663H|S782N|Y115H,R719W,adhikari2016|adhikari2019|morck2022|nag2015|nandwani2025|pathak2026|sarkar2020,,Scaling recomputed in retained cohort; study deletion uses union of outcome sources.,0.635737318525,0.149325402892,estimated,estimated,,,1,1,{},{}
C001,leave_one_study_out,morck2022,9,E497D|G768R|H251N|I457T|R249Q|R403Q|R663H|R719W|Y115H,A797T|D778V|F834L|L781P|S782N,adhikari2016|adhikari2019|kawana2017|nag2015|nandwani2025|pathak2026|sarkar2020,,Scaling recomputed in retained cohort; study deletion uses union of outcome sources.,0.69472948081,0.194950002357,estimated,estimated,,,1,1,{},{}
C001,leave_one_study_out,nag2015,13,A797T|D778V|E497D|F834L|G768R|H251N|I457T|L781P|R249Q|R663H|R719W|S782N|Y115H,R403Q,adhikari2016|adhikari2019|kawana2017|morck2022|nandwani2025|pathak2026|sarkar2020,,Scaling recomputed in retained cohort; study deletion uses union of outcome sources.,0.627172984274,0.178090698146,estimated,estimated,,,1,1,{},{}
C001,leave_one_study_out,nandwani2025,12,A797T|D778V|F834L|G768R|H251N|I457T|L781P|R249Q|R403Q|R663H|R719W|S782N,E497D|Y115H,adhikari2016|adhikari2019|kawana2017|morck2022|nag2015|pathak2026|sarkar2020,,Scaling recomputed in retained cohort; study deletion uses union of outcome sources.,0.673196921933,0.227941580343,estimated,estimated,,,1,1,{},{}
C001,leave_one_study_out,pathak2026,13,A797T|D778V|E497D|F834L|H251N|I457T|L781P|R249Q|R403Q|R663H|R719W|S782N|Y115H,G768R,adhikari2016|adhikari2019|kawana2017|morck2022|nag2015|nandwani2025|sarkar2020,,Scaling recomputed in retained cohort; study deletion uses union of outcome sources.,0.575197571748,0.048693818551,estimated,estimated,,,1,1,{},{}
C001,leave_one_study_out,sarkar2020,12,A797T|D778V|E497D|F834L|G768R|H251N|I457T|L781P|R249Q|R719W|S782N|Y115H,R403Q|R663H,adhikari2016|adhikari2019|kawana2017|morck2022|nandwani2025|pathak2026,,Scaling recomputed in retained cohort; study deletion uses union of outcome sources.,0.698778804055,0.279148311782,estimated,estimated,,,1,1,{},{}
C001,exclude_shared_short_S,,7,E497D|G768R|H251N|R403Q|R663H|R719W|Y115H,A797T|D778V|F834L|I457T|L781P|R249Q|S782N,adhikari2016|adhikari2019|kawana2017|nag2015|nandwani2025|pathak2026|sarkar2020,,Exact reused mutant short-head ATPase components from dependence ledger; remaining rows are not independent replication.,0.605622918547,0.074521300159,estimated,estimated,,,1,1,{},{}
C001,exclude_shared_short_S_or_WT,,7,E497D|G768R|H251N|R403Q|R663H|R719W|Y115H,A797T|D778V|F834L|I457T|L781P|R249Q|S782N,adhikari2016|adhikari2019|kawana2017|nag2015|nandwani2025|pathak2026|sarkar2020,,Union of exact reused mutant and WT short-head components; remaining study controls may still be shared.,0.605622918547,0.074521300159,estimated,estimated,,,1,1,{},{}
C001,exclude_shared_short_S_and_risky_Na,,4,E497D|H251N|R719W|Y115H,A797T|D778V|F834L|G768R|I457T|L781P|R249Q|R403Q|R663H|S782N,adhikari2016|adhikari2019|kawana2017|nandwani2025,-0.632455532034,Also drops three public Na values flagged for low n or epoch/uncertainty concerns.,0.642182635896,-0.5,estimated,estimated,,,1,1,{},{}
C002,leave_one_variant_out,A797T,13,D239N|D778V|E497D|F834L|G768R|H251N|I457T|L781P|R403Q|R453C|R663H|S782N|Y115H,A797T,adhikari2016|adhikari2019|morck2022|nag2015|nandwani2025|pathak2026|sarkar2020|sommese2013,,Scaling recomputed in retained cohort; study deletion uses union of outcome sources.,0.762032009331,0.394110421241,estimated,estimated,,,1,1,{},{}
C002,leave_one_variant_out,D239N,13,A797T|D778V|E497D|F834L|G768R|H251N|I457T|L781P|R403Q|R453C|R663H|S782N|Y115H,D239N,adhikari2016|adhikari2019|morck2022|nag2015|nandwani2025|pathak2026|sarkar2020|sommese2013,,Scaling recomputed in retained cohort; study deletion uses union of outcome sources.,0.734888665545,0.23793876584,estimated,estimated,,,1,1,{},{}
C002,leave_one_variant_out,D778V,13,A797T|D239N|E497D|F834L|G768R|H251N|I457T|L781P|R403Q|R453C|R663H|S782N|Y115H,D778V,adhikari2016|adhikari2019|morck2022|nag2015|nandwani2025|pathak2026|sarkar2020|sommese2013,,Scaling recomputed in retained cohort; study deletion uses union of outcome sources.,0.768918716962,0.410514581504,estimated,estimated,,,1,1,{},{}
C002,leave_one_variant_out,E497D,13,A797T|D239N|D778V|F834L|G768R|H251N|I457T|L781P|R403Q|R453C|R663H|S782N|Y115H,E497D,adhikari2016|adhikari2019|morck2022|nag2015|nandwani2025|pathak2026|sarkar2020|sommese2013,,Scaling recomputed in retained cohort; study deletion uses union of outcome sources.,0.902617034805,0.726614434373,estimated,estimated,,,1,1,{},{}
C002,leave_one_variant_out,F834L,13,A797T|D239N|D778V|E497D|G768R|H251N|I457T|L781P|R403Q|R453C|R663H|S782N|Y115H,F834L,adhikari2016|adhikari2019|morck2022|nag2015|nandwani2025|pathak2026|sarkar2020|sommese2013,,Scaling recomputed in retained cohort; study deletion uses union of outcome sources.,0.761402060652,0.39894746657,estimated,estimated,,,1,1,{},{}
C002,leave_one_variant_out,G768R,13,A797T|D239N|D778V|E497D|F834L|H251N|I457T|L781P|R403Q|R453C|R663H|S782N|Y115H,G768R,adhikari2016|adhikari2019|morck2022|nag2015|nandwani2025|sarkar2020|sommese2013,,Scaling recomputed in retained cohort; study deletion uses union of outcome sources.,0.752007025182,0.381778482318,estimated,estimated,,,1,1,{},{}
C002,leave_one_variant_out,H251N,13,A797T|D239N|D778V|E497D|F834L|G768R|I457T|L781P|R403Q|R453C|R663H|S782N|Y115H,H251N,adhikari2016|adhikari2019|morck2022|nag2015|nandwani2025|pathak2026|sarkar2020|sommese2013,,Scaling recomputed in retained cohort; study deletion uses union of outcome sources.,0.754317756563,0.368446167855,estimated,estimated,,,1,1,{},{}
C002,leave_one_variant_out,I457T,13,A797T|D239N|D778V|E497D|F834L|G768R|H251N|L781P|R403Q|R453C|R663H|S782N|Y115H,I457T,adhikari2016|morck2022|nag2015|nandwani2025|pathak2026|sarkar2020|sommese2013,,Scaling recomputed in retained cohort; study deletion uses union of outcome sources.,0.670365661378,0.247795937267,estimated,estimated,,,1,1,{},{}
C002,leave_one_variant_out,L781P,13,A797T|D239N|D778V|E497D|F834L|G768R|H251N|I457T|R403Q|R453C|R663H|S782N|Y115H,L781P,adhikari2016|adhikari2019|morck2022|nag2015|nandwani2025|pathak2026|sarkar2020|sommese2013,,Scaling recomputed in retained cohort; study deletion uses union of outcome sources.,0.759201002648,0.382644529523,estimated,estimated,,,1,1,{},{}
C002,leave_one_variant_out,R403Q,13,A797T|D239N|D778V|E497D|F834L|G768R|H251N|I457T|L781P|R453C|R663H|S782N|Y115H,R403Q,adhikari2016|adhikari2019|morck2022|nandwani2025|pathak2026|sarkar2020|sommese2013,,Scaling recomputed in retained cohort; study deletion uses union of outcome sources.,0.767230453083,0.403283818574,estimated,estimated,,,1,1,{},{}
C002,leave_one_variant_out,R453C,13,A797T|D239N|D778V|E497D|F834L|G768R|H251N|I457T|L781P|R403Q|R663H|S782N|Y115H,R453C,adhikari2016|adhikari2019|morck2022|nag2015|nandwani2025|pathak2026|sarkar2020,,Scaling recomputed in retained cohort; study deletion uses union of outcome sources.,0.767098247523,0.374189102919,estimated,estimated,,,1,1,{},{}
C002,leave_one_variant_out,R663H,13,A797T|D239N|D778V|E497D|F834L|G768R|H251N|I457T|L781P|R403Q|R453C|S782N|Y115H,R663H,adhikari2016|adhikari2019|morck2022|nag2015|nandwani2025|pathak2026|sommese2013,,Scaling recomputed in retained cohort; study deletion uses union of outcome sources.,0.765234858896,0.405368183343,estimated,estimated,,,1,1,{},{}
C002,leave_one_variant_out,S782N,13,A797T|D239N|D778V|E497D|F834L|G768R|H251N|I457T|L781P|R403Q|R453C|R663H|Y115H,S782N,adhikari2016|adhikari2019|morck2022|nag2015|nandwani2025|pathak2026|sarkar2020|sommese2013,,Scaling recomputed in retained cohort; study deletion uses union of outcome sources.,0.759932517179,0.395206031823,estimated,estimated,,,1,1,{},{}
C002,leave_one_variant_out,Y115H,13,A797T|D239N|D778V|E497D|F834L|G768R|H251N|I457T|L781P|R403Q|R453C|R663H|S782N,Y115H,adhikari2016|adhikari2019|morck2022|nag2015|nandwani2025|pathak2026|sarkar2020|sommese2013,,Scaling recomputed in retained cohort; study deletion uses union of outcome sources.,0.77870107247,0.423470951485,estimated,estimated,,,1,1,{},{}
C002,leave_one_study_out,adhikari2016,12,A797T|D778V|E497D|F834L|G768R|I457T|L781P|R403Q|R453C|R663H|S782N|Y115H,D239N|H251N,adhikari2019|morck2022|nag2015|nandwani2025|pathak2026|sarkar2020|sommese2013,,Scaling recomputed in retained cohort; study deletion uses union of outcome sources.,0.723743645601,0.13274099028,estimated,estimated,,,1,1,{},{}
C002,leave_one_study_out,adhikari2019,13,A797T|D239N|D778V|E497D|F834L|G768R|H251N|L781P|R403Q|R453C|R663H|S782N|Y115H,I457T,adhikari2016|morck2022|nag2015|nandwani2025|pathak2026|sarkar2020|sommese2013,,Scaling recomputed in retained cohort; study deletion uses union of outcome sources.,0.670365661378,0.247795937267,estimated,estimated,,,1,1,{},{}
C002,leave_one_study_out,morck2022,9,D239N|E497D|G768R|H251N|I457T|R403Q|R453C|R663H|Y115H,A797T|D778V|F834L|L781P|S782N,adhikari2016|adhikari2019|nag2015|nandwani2025|pathak2026|sarkar2020|sommese2013,,Scaling recomputed in retained cohort; study deletion uses union of outcome sources.,0.771198443737,0.384834255425,estimated,estimated,,,1,1,{},{}
C002,leave_one_study_out,nag2015,13,A797T|D239N|D778V|E497D|F834L|G768R|H251N|I457T|L781P|R453C|R663H|S782N|Y115H,R403Q,adhikari2016|adhikari2019|morck2022|nandwani2025|pathak2026|sarkar2020|sommese2013,,Scaling recomputed in retained cohort; study deletion uses union of outcome sources.,0.767230453083,0.403283818574,estimated,estimated,,,1,1,{},{}
C002,leave_one_study_out,nandwani2025,12,A797T|D239N|D778V|F834L|G768R|H251N|I457T|L781P|R403Q|R453C|R663H|S782N,E497D|Y115H,adhikari2016|adhikari2019|morck2022|nag2015|pathak2026|sarkar2020|sommese2013,,Scaling recomputed in retained cohort; study deletion uses union of outcome sources.,0.934574135374,0.815689046025,estimated,estimated,,,1,1,{},{}
C002,leave_one_study_out,pathak2026,13,A797T|D239N|D778V|E497D|F834L|H251N|I457T|L781P|R403Q|R453C|R663H|S782N|Y115H,G768R,adhikari2016|adhikari2019|morck2022|nag2015|nandwani2025|sarkar2020|sommese2013,,Scaling recomputed in retained cohort; study deletion uses union of outcome sources.,0.752007025182,0.381778482318,estimated,estimated,,,1,1,{},{}
C002,leave_one_study_out,sarkar2020,13,A797T|D239N|D778V|E497D|F834L|G768R|H251N|I457T|L781P|R403Q|R453C|S782N|Y115H,R663H,adhikari2016|adhikari2019|morck2022|nag2015|nandwani2025|pathak2026|sommese2013,,Scaling recomputed in retained cohort; study deletion uses union of outcome sources.,0.765234858896,0.405368183343,estimated,estimated,,,1,1,{},{}
C002,leave_one_study_out,sommese2013,13,A797T|D239N|D778V|E497D|F834L|G768R|H251N|I457T|L781P|R403Q|R663H|S782N|Y115H,R453C,adhikari2016|adhikari2019|morck2022|nag2015|nandwani2025|pathak2026|sarkar2020,,Scaling recomputed in retained cohort; study deletion uses union of outcome sources.,0.767098247523,0.374189102919,estimated,estimated,,,1,1,{},{}
C002,exclude_morck_shared_WT,,9,D239N|E497D|G768R|H251N|I457T|R403Q|R453C|R663H|Y115H,A797T|D778V|F834L|L781P|S782N,adhikari2016|adhikari2019|nag2015|nandwani2025|pathak2026|sarkar2020|sommese2013,,Drops primary Morck variants with reused slide/channel WT records; no independence claim for remainder.,0.771198443737,0.384834255425,estimated,estimated,,,1,1,{},{}
C002,strict_short_head_MVEL20,,4,E497D|G768R|R403Q|Y115H,A797T|D239N|D778V|F834L|H251N|I457T|L781P|R453C|R663H|S782N,nag2015|nandwani2025|pathak2026,0.8,Four selected pure-actin short-head MVEL20 variants; source conditions still differ.,0.911677144097,1,estimated,estimated,,,1,1,{},{}
C003,leave_one_variant_out,A797T,12,D778V|E497D|F834L|G768R|H251N|I457T|L781P|P710R|R403Q|R663H|S782N|Y115H,A797T,adhikari2016|adhikari2019|morck2022|nag2015|nandwani2025|pathak2026|sarkar2020|vanderroest2021,,Scaling recomputed in retained cohort; study deletion uses union of outcome sources.,0.728798236915,0.156457103016,estimated,estimated,,,1,1,{},{}
C003,leave_one_variant_out,D778V,12,A797T|E497D|F834L|G768R|H251N|I457T|L781P|P710R|R403Q|R663H|S782N|Y115H,D778V,adhikari2016|adhikari2019|morck2022|nag2015|nandwani2025|pathak2026|sarkar2020|vanderroest2021,,Scaling recomputed in retained cohort; study deletion uses union of outcome sources.,0.636365986469,0.023535810561,estimated,estimated,,,1,1,{},{}
C003,leave_one_variant_out,E497D,12,A797T|D778V|F834L|G768R|H251N|I457T|L781P|P710R|R403Q|R663H|S782N|Y115H,E497D,adhikari2016|adhikari2019|morck2022|nag2015|nandwani2025|pathak2026|sarkar2020|vanderroest2021,,Scaling recomputed in retained cohort; study deletion uses union of outcome sources.,0.620738725139,0.0516340227641,estimated,estimated,,,1,1,{},{}
C003,leave_one_variant_out,F834L,12,A797T|D778V|E497D|G768R|H251N|I457T|L781P|P710R|R403Q|R663H|S782N|Y115H,F834L,adhikari2016|adhikari2019|morck2022|nag2015|nandwani2025|pathak2026|sarkar2020|vanderroest2021,,Scaling recomputed in retained cohort; study deletion uses union of outcome sources.,0.623046848068,0.0391792729852,estimated,estimated,,,1,1,{},{}
C003,leave_one_variant_out,G768R,12,A797T|D778V|E497D|F834L|H251N|I457T|L781P|P710R|R403Q|R663H|S782N|Y115H,G768R,adhikari2016|adhikari2019|morck2022|nag2015|nandwani2025|sarkar2020|vanderroest2021,,Scaling recomputed in retained cohort; study deletion uses union of outcome sources.,0.615570073004,-0.0220808596296,estimated,estimated,,,1,1,{},{}
C003,leave_one_variant_out,H251N,12,A797T|D778V|E497D|F834L|G768R|I457T|L781P|P710R|R403Q|R663H|S782N|Y115H,H251N,adhikari2019|morck2022|nag2015|nandwani2025|pathak2026|sarkar2020|vanderroest2021,,Scaling recomputed in retained cohort; study deletion uses union of outcome sources.,0.707273517325,0.25072909911,estimated,estimated,,,1,1,{},{}
C003,leave_one_variant_out,I457T,12,A797T|D778V|E497D|F834L|G768R|H251N|L781P|P710R|R403Q|R663H|S782N|Y115H,I457T,adhikari2016|adhikari2019|morck2022|nag2015|nandwani2025|pathak2026|sarkar2020|vanderroest2021,,Scaling recomputed in retained cohort; study deletion uses union of outcome sources.,0.482785062241,0.0106880313898,estimated,estimated,,,1,1,{},{}
C003,leave_one_variant_out,L781P,12,A797T|D778V|E497D|F834L|G768R|H251N|I457T|P710R|R403Q|R663H|S782N|Y115H,L781P,adhikari2016|adhikari2019|morck2022|nag2015|nandwani2025|pathak2026|sarkar2020|vanderroest2021,,Scaling recomputed in retained cohort; study deletion uses union of outcome sources.,0.631286817856,0.0690928083411,estimated,estimated,,,1,1,{},{}
C003,leave_one_variant_out,P710R,12,A797T|D778V|E497D|F834L|G768R|H251N|I457T|L781P|R403Q|R663H|S782N|Y115H,P710R,adhikari2016|adhikari2019|morck2022|nag2015|nandwani2025|pathak2026|sarkar2020,,Scaling recomputed in retained cohort; study deletion uses union of outcome sources.,0.614834953881,-0.036299328233,estimated,estimated,,,1,1,{},{}
C003,leave_one_variant_out,R403Q,12,A797T|D778V|E497D|F834L|G768R|H251N|I457T|L781P|P710R|R663H|S782N|Y115H,R403Q,adhikari2016|adhikari2019|morck2022|nandwani2025|pathak2026|sarkar2020|vanderroest2021,,Scaling recomputed in retained cohort; study deletion uses union of outcome sources.,0.629274526367,0.0613235882466,estimated,estimated,,,1,1,{},{}
C003,leave_one_variant_out,R663H,12,A797T|D778V|E497D|F834L|G768R|H251N|I457T|L781P|P710R|R403Q|S782N|Y115H,R663H,adhikari2016|adhikari2019|morck2022|nag2015|nandwani2025|pathak2026|sarkar2020|vanderroest2021,,Scaling recomputed in retained cohort; study deletion uses union of outcome sources.,0.648617872742,0.0371706435046,estimated,estimated,,,1,1,{},{}
C003,leave_one_variant_out,S782N,12,A797T|D778V|E497D|F834L|G768R|H251N|I457T|L781P|P710R|R403Q|R663H|Y115H,S782N,adhikari2016|adhikari2019|morck2022|nag2015|nandwani2025|pathak2026|sarkar2020|vanderroest2021,,Scaling recomputed in retained cohort; study deletion uses union of outcome sources.,0.62730149587,0.0457253926192,estimated,estimated,,,1,1,{},{}
C003,leave_one_variant_out,Y115H,12,A797T|D778V|E497D|F834L|G768R|H251N|I457T|L781P|P710R|R403Q|R663H|S782N,Y115H,adhikari2016|adhikari2019|morck2022|nag2015|nandwani2025|pathak2026|sarkar2020|vanderroest2021,,Scaling recomputed in retained cohort; study deletion uses union of outcome sources.,0.64158659297,0.0613973789059,estimated,estimated,,,1,1,{},{}
C003,leave_one_study_out,adhikari2016,12,A797T|D778V|E497D|F834L|G768R|I457T|L781P|P710R|R403Q|R663H|S782N|Y115H,H251N,adhikari2019|morck2022|nag2015|nandwani2025|pathak2026|sarkar2020|vanderroest2021,,Scaling recomputed in retained cohort; study deletion uses union of outcome sources.,0.707273517325,0.25072909911,estimated,estimated,,,1,1,{},{}
C003,leave_one_study_out,adhikari2019,11,A797T|D778V|E497D|F834L|G768R|L781P|P710R|R403Q|R663H|S782N|Y115H,H251N|I457T,morck2022|nag2015|nandwani2025|pathak2026|sarkar2020|vanderroest2021,,Scaling recomputed in retained cohort; study deletion uses union of outcome sources.,0.59179322082,0.195363804571,estimated,estimated,,,1,1,{},{}
C003,leave_one_study_out,morck2022,8,E497D|G768R|H251N|I457T|P710R|R403Q|R663H|Y115H,A797T|D778V|F834L|L781P|S782N,adhikari2016|adhikari2019|nag2015|nandwani2025|pathak2026|sarkar2020|vanderroest2021,,Scaling recomputed in retained cohort; study deletion uses union of outcome sources.,0.749374576681,0.0645878742361,estimated,estimated,,,1,1,{},{}
C003,leave_one_study_out,nag2015,12,A797T|D778V|E497D|F834L|G768R|H251N|I457T|L781P|P710R|R663H|S782N|Y115H,R403Q,adhikari2016|adhikari2019|morck2022|nandwani2025|pathak2026|sarkar2020|vanderroest2021,,Scaling recomputed in retained cohort; study deletion uses union of outcome sources.,0.629274526367,0.0613235882466,estimated,estimated,,,1,1,{},{}
C003,leave_one_study_out,nandwani2025,11,A797T|D778V|F834L|G768R|H251N|I457T|L781P|P710R|R403Q|R663H|S782N,E497D|Y115H,adhikari2016|adhikari2019|morck2022|nag2015|pathak2026|sarkar2020|vanderroest2021,,Scaling recomputed in retained cohort; study deletion uses union of outcome sources.,0.64354769648,0.0585723392736,estimated,estimated,,,1,1,{},{}
C003,leave_one_study_out,pathak2026,12,A797T|D778V|E497D|F834L|H251N|I457T|L781P|P710R|R403Q|R663H|S782N|Y115H,G768R,adhikari2016|adhikari2019|morck2022|nag2015|nandwani2025|sarkar2020|vanderroest2021,,Scaling recomputed in retained cohort; study deletion uses union of outcome sources.,0.615570073004,-0.0220808596296,estimated,estimated,,,1,1,{},{}
C003,leave_one_study_out,sarkar2020,11,A797T|D778V|E497D|F834L|G768R|H251N|I457T|L781P|P710R|S782N|Y115H,R403Q|R663H,adhikari2016|adhikari2019|morck2022|nandwani2025|pathak2026|vanderroest2021,,Scaling recomputed in retained cohort; study deletion uses union of outcome sources.,0.656693000027,0.0291454175235,estimated,estimated,,,1,1,{},{}
C003,leave_one_study_out,vanderroest2021,12,A797T|D778V|E497D|F834L|G768R|H251N|I457T|L781P|R403Q|R663H|S782N|Y115H,P710R,adhikari2016|adhikari2019|morck2022|nag2015|nandwani2025|pathak2026|sarkar2020,,Scaling recomputed in retained cohort; study deletion uses union of outcome sources.,0.614834953881,-0.036299328233,estimated,estimated,,,1,1,{},{}
C003,exclude_morck_shared_WT,,8,E497D|G768R|H251N|I457T|P710R|R403Q|R663H|Y115H,A797T|D778V|F834L|L781P|S782N,adhikari2016|adhikari2019|nag2015|nandwani2025|pathak2026|sarkar2020|vanderroest2021,,Drops primary Morck variants with reused slide/channel WT records; no independence claim for remainder.,0.749374576681,0.0645878742361,estimated,estimated,,,1,1,{},{}
C003,strict_short_head_MVEL20,,4,E497D|G768R|R403Q|Y115H,A797T|D778V|F834L|H251N|I457T|L781P|P710R|R663H|S782N,nag2015|nandwani2025|pathak2026|sarkar2020,-0.948683298051,Four selected pure-actin short-head MVEL20 variants; source conditions still differ.,0.7933696612,,estimated,zero_u_distance_variance,,,1,1,{},{}
C004,leave_one_variant_out,D239N,14,D778V|E497D|G741R|G768R|H251N|I457T|L781P|R249Q|R403Q|R453C|R663H|R719W|S782N|Y115H,D239N,adhikari2016|adhikari2019|kawana2017|morck2022|nag2015|nandwani2025|pathak2026|sarkar2020|sommese2013,,Scaling recomputed in retained cohort; study deletion uses union of outcome sources.,0.398707226816,0.0387193635512,estimated,estimated,,,1,1,{},"{""adp_rigor_ca_shift_A"":3.9034083762245926}"
C004,leave_one_variant_out,D778V,14,D239N|E497D|G741R|G768R|H251N|I457T|L781P|R249Q|R403Q|R453C|R663H|R719W|S782N|Y115H,D778V,adhikari2016|adhikari2019|kawana2017|morck2022|nag2015|nandwani2025|pathak2026|sarkar2020|sommese2013,,Scaling recomputed in retained cohort; study deletion uses union of outcome sources.,0.460412891738,0.127302518194,estimated,estimated,,,1,1,{},"{""adp_rigor_ca_shift_A"":3.70902546851965}"
C004,leave_one_variant_out,E497D,14,D239N|D778V|G741R|G768R|H251N|I457T|L781P|R249Q|R403Q|R453C|R663H|R719W|S782N|Y115H,E497D,adhikari2016|adhikari2019|kawana2017|morck2022|nag2015|nandwani2025|pathak2026|sarkar2020|sommese2013,,Scaling recomputed in retained cohort; study deletion uses union of outcome sources.,0.424442885246,0.0778462730591,estimated,estimated,,,1,1,{},"{""adp_rigor_ca_shift_A"":3.979692559379431}"
C004,leave_one_variant_out,G741R,14,D239N|D778V|E497D|G768R|H251N|I457T|L781P|R249Q|R403Q|R453C|R663H|R719W|S782N|Y115H,G741R,adhikari2016|adhikari2019|kawana2017|morck2022|nag2015|nandwani2025|pathak2026|sarkar2020|sommese2013,,Scaling recomputed in retained cohort; study deletion uses union of outcome sources.,0.396405722648,0.0538385478332,estimated,estimated,,,1,1,{},"{""adp_rigor_ca_shift_A"":3.876073088627944}"
C004,leave_one_variant_out,G768R,14,D239N|D778V|E497D|G741R|H251N|I457T|L781P|R249Q|R403Q|R453C|R663H|R719W|S782N|Y115H,G768R,adhikari2016|adhikari2019|kawana2017|morck2022|nag2015|nandwani2025|sarkar2020|sommese2013,,Scaling recomputed in retained cohort; study deletion uses union of outcome sources.,0.431091746089,0.0932602563357,estimated,estimated,,,1,1,{},"{""adp_rigor_ca_shift_A"":3.981408037468854}"
C004,leave_one_variant_out,H251N,14,D239N|D778V|E497D|G741R|G768R|I457T|L781P|R249Q|R403Q|R453C|R663H|R719W|S782N|Y115H,H251N,adhikari2016|adhikari2019|kawana2017|morck2022|nag2015|nandwani2025|pathak2026|sarkar2020|sommese2013,,Scaling recomputed in retained cohort; study deletion uses union of outcome sources.,0.423486937111,0.0695945645582,estimated,estimated,,,1,1,{},"{""adp_rigor_ca_shift_A"":3.897034041794619}"
C004,leave_one_variant_out,I457T,14,D239N|D778V|E497D|G741R|G768R|H251N|L781P|R249Q|R403Q|R453C|R663H|R719W|S782N|Y115H,I457T,adhikari2016|adhikari2019|kawana2017|morck2022|nag2015|nandwani2025|pathak2026|sarkar2020|sommese2013,,Scaling recomputed in retained cohort; study deletion uses union of outcome sources.,0.396763087758,0.0382134879952,estimated,estimated,,,1,1,{},"{""adp_rigor_ca_shift_A"":3.8947327935828757}"
C004,leave_one_variant_out,L781P,14,D239N|D778V|E497D|G741R|G768R|H251N|I457T|R249Q|R403Q|R453C|R663H|R719W|S782N|Y115H,L781P,adhikari2016|adhikari2019|kawana2017|morck2022|nag2015|nandwani2025|pathak2026|sarkar2020|sommese2013,,Scaling recomputed in retained cohort; study deletion uses union of outcome sources.,0.393942379559,0.0442054877612,estimated,estimated,,,1,1,{},"{""adp_rigor_ca_shift_A"":3.670259336000172}"
C004,leave_one_variant_out,R249Q,14,D239N|D778V|E497D|G741R|G768R|H251N|I457T|L781P|R403Q|R453C|R663H|R719W|S782N|Y115H,R249Q,adhikari2016|adhikari2019|kawana2017|morck2022|nag2015|nandwani2025|pathak2026|sarkar2020|sommese2013,,Scaling recomputed in retained cohort; study deletion uses union of outcome sources.,0.489523952823,0.142807779988,estimated,estimated,,,1,1,{},"{""adp_rigor_ca_shift_A"":3.882004203340955}"
C004,leave_one_variant_out,R403Q,14,D239N|D778V|E497D|G741R|G768R|H251N|I457T|L781P|R249Q|R453C|R663H|R719W|S782N|Y115H,R403Q,adhikari2016|adhikari2019|kawana2017|morck2022|nandwani2025|pathak2026|sarkar2020|sommese2013,,Scaling recomputed in retained cohort; study deletion uses union of outcome sources.,0.419535318418,0.0655655898534,estimated,estimated,,,1,1,{},"{""adp_rigor_ca_shift_A"":3.8885278033033255}"
C004,leave_one_variant_out,R453C,14,D239N|D778V|E497D|G741R|G768R|H251N|I457T|L781P|R249Q|R403Q|R663H|R719W|S782N|Y115H,R453C,adhikari2016|adhikari2019|kawana2017|morck2022|nag2015|nandwani2025|pathak2026|sarkar2020,,Scaling recomputed in retained cohort; study deletion uses union of outcome sources.,0.488817086763,0.140861833053,estimated,estimated,,,1,1,{},"{""adp_rigor_ca_shift_A"":3.899903823083277}"
C004,leave_one_variant_out,R663H,14,D239N|D778V|E497D|G741R|G768R|H251N|I457T|L781P|R249Q|R403Q|R453C|R719W|S782N|Y115H,R663H,adhikari2016|adhikari2019|kawana2017|morck2022|nag2015|nandwani2025|pathak2026|sommese2013,,Scaling recomputed in retained cohort; study deletion uses union of outcome sources.,0.485463200142,0.136315090914,estimated,estimated,,,1,1,{},"{""adp_rigor_ca_shift_A"":3.8917809117360087}"
C004,leave_one_variant_out,R719W,14,D239N|D778V|E497D|G741R|G768R|H251N|I457T|L781P|R249Q|R403Q|R453C|R663H|S782N|Y115H,R719W,adhikari2016|adhikari2019|kawana2017|morck2022|nag2015|nandwani2025|pathak2026|sarkar2020|sommese2013,,Scaling recomputed in retained cohort; study deletion uses union of outcome sources.,0.391322660672,0.0436333597311,estimated,estimated,,,1,1,{},"{""adp_rigor_ca_shift_A"":3.759448623647377}"
C004,leave_one_variant_out,S782N,14,D239N|D778V|E497D|G741R|G768R|H251N|I457T|L781P|R249Q|R403Q|R453C|R663H|R719W|Y115H,S782N,adhikari2016|adhikari2019|kawana2017|morck2022|nag2015|nandwani2025|pathak2026|sarkar2020|sommese2013,,Scaling recomputed in retained cohort; study deletion uses union of outcome sources.,0.409574453691,0.0625732303138,estimated,estimated,,,1,1,{},"{""adp_rigor_ca_shift_A"":3.6132826774053455}"
C004,leave_one_variant_out,Y115H,14,D239N|D778V|E497D|G741R|G768R|H251N|I457T|L781P|R249Q|R403Q|R453C|R663H|R719W|S782N,Y115H,adhikari2016|adhikari2019|kawana2017|morck2022|nag2015|nandwani2025|pathak2026|sarkar2020|sommese2013,,Scaling recomputed in retained cohort; study deletion uses union of outcome sources.,0.465429716956,0.116360641562,estimated,estimated,,,1,1,{},"{""adp_rigor_ca_shift_A"":3.9245555419629934}"
C004,leave_one_study_out,adhikari2016,13,D778V|E497D|G741R|G768R|I457T|L781P|R249Q|R403Q|R453C|R663H|R719W|S782N|Y115H,D239N|H251N,adhikari2019|kawana2017|morck2022|nag2015|nandwani2025|pathak2026|sarkar2020|sommese2013,,Scaling recomputed in retained cohort; study deletion uses union of outcome sources.,0.398570073775,0.0180762727845,estimated,estimated,,,1,1,{},"{""adp_rigor_ca_shift_A"":3.9383796319640547}"
C004,leave_one_study_out,adhikari2019,13,D239N|D778V|E497D|G741R|G768R|H251N|L781P|R403Q|R453C|R663H|R719W|S782N|Y115H,I457T|R249Q,adhikari2016|kawana2017|morck2022|nag2015|nandwani2025|pathak2026|sarkar2020|sommese2013,,Scaling recomputed in retained cohort; study deletion uses union of outcome sources.,0.452146599588,0.0785695810111,estimated,estimated,,,1,1,{},"{""adp_rigor_ca_shift_A"":3.910966504602982}"
C004,leave_one_study_out,kawana2017,13,D239N|D778V|E497D|G768R|H251N|I457T|L781P|R249Q|R403Q|R453C|R663H|S782N|Y115H,G741R|R719W,adhikari2016|adhikari2019|morck2022|nag2015|nandwani2025|pathak2026|sarkar2020|sommese2013,,Scaling recomputed in retained cohort; study deletion uses union of outcome sources.,0.359062043248,0.0111640957023,estimated,estimated,,,1,1,{},"{""adp_rigor_ca_shift_A"":3.7476559065632276}"
C004,leave_one_study_out,morck2022,12,D239N|E497D|G741R|G768R|H251N|I457T|R249Q|R403Q|R453C|R663H|R719W|Y115H,D778V|L781P|S782N,adhikari2016|adhikari2019|kawana2017|nag2015|nandwani2025|pathak2026|sarkar2020|sommese2013,,Scaling recomputed in retained cohort; study deletion uses union of outcome sources.,0.434821010322,0.0743971193032,estimated,estimated,,,1,1,{},"{""adp_rigor_ca_shift_A"":2.8837172654883974}"
C004,leave_one_study_out,nag2015,14,D239N|D778V|E497D|G741R|G768R|H251N|I457T|L781P|R249Q|R453C|R663H|R719W|S782N|Y115H,R403Q,adhikari2016|adhikari2019|kawana2017|morck2022|nandwani2025|pathak2026|sarkar2020|sommese2013,,Scaling recomputed in retained cohort; study deletion uses union of outcome sources.,0.419535318418,0.0655655898534,estimated,estimated,,,1,1,{},"{""adp_rigor_ca_shift_A"":3.8885278033033255}"
C004,leave_one_study_out,nandwani2025,13,D239N|D778V|G741R|G768R|H251N|I457T|L781P|R249Q|R403Q|R453C|R663H|R719W|S782N,E497D|Y115H,adhikari2016|adhikari2019|kawana2017|morck2022|nag2015|pathak2026|sarkar2020|sommese2013,,Scaling recomputed in retained cohort; study deletion uses union of outcome sources.,0.463757411265,0.108325598164,estimated,estimated,,,1,1,{},"{""adp_rigor_ca_shift_A"":4.058899035976978}"
C004,leave_one_study_out,pathak2026,14,D239N|D778V|E497D|G741R|H251N|I457T|L781P|R249Q|R403Q|R453C|R663H|R719W|S782N|Y115H,G768R,adhikari2016|adhikari2019|kawana2017|morck2022|nag2015|nandwani2025|sarkar2020|sommese2013,,Scaling recomputed in retained cohort; study deletion uses union of outcome sources.,0.431091746089,0.0932602563357,estimated,estimated,,,1,1,{},"{""adp_rigor_ca_shift_A"":3.981408037468854}"
C004,leave_one_study_out,sarkar2020,14,D239N|D778V|E497D|G741R|G768R|H251N|I457T|L781P|R249Q|R403Q|R453C|R719W|S782N|Y115H,R663H,adhikari2016|adhikari2019|kawana2017|morck2022|nag2015|nandwani2025|pathak2026|sommese2013,,Scaling recomputed in retained cohort; study deletion uses union of outcome sources.,0.485463200142,0.136315090914,estimated,estimated,,,1,1,{},"{""adp_rigor_ca_shift_A"":3.8917809117360087}"
C004,leave_one_study_out,sommese2013,14,D239N|D778V|E497D|G741R|G768R|H251N|I457T|L781P|R249Q|R403Q|R663H|R719W|S782N|Y115H,R453C,adhikari2016|adhikari2019|kawana2017|morck2022|nag2015|nandwani2025|pathak2026|sarkar2020,,Scaling recomputed in retained cohort; study deletion uses union of outcome sources.,0.488817086763,0.140861833053,estimated,estimated,,,1,1,{},"{""adp_rigor_ca_shift_A"":3.899903823083277}"
C005,leave_one_variant_out,D239N,14,D778V|E497D|G741R|G768R|H251N|I457T|L781P|R249Q|R403Q|R453C|R663H|R719W|S782N|Y115H,D239N,adhikari2016|adhikari2019|kawana2017|morck2022|nag2015|nandwani2025|pathak2026|sarkar2020|sommese2013,,Scaling recomputed in retained cohort; study deletion uses union of outcome sources.,0.362900489003,-0.0842734793638,estimated,estimated,,,1,1,{},"{""adp_adenine_ca_distance_8efe_A"":12.213202731460333}"
C005,leave_one_variant_out,D778V,14,D239N|E497D|G741R|G768R|H251N|I457T|L781P|R249Q|R403Q|R453C|R663H|R719W|S782N|Y115H,D778V,adhikari2016|adhikari2019|kawana2017|morck2022|nag2015|nandwani2025|pathak2026|sarkar2020|sommese2013,,Scaling recomputed in retained cohort; study deletion uses union of outcome sources.,0.406595323778,-0.0137722093704,estimated,estimated,,,1,1,{},"{""adp_adenine_ca_distance_8efe_A"":13.288525750127853}"
C005,leave_one_variant_out,E497D,14,D239N|D778V|G741R|G768R|H251N|I457T|L781P|R249Q|R403Q|R453C|R663H|R719W|S782N|Y115H,E497D,adhikari2016|adhikari2019|kawana2017|morck2022|nag2015|nandwani2025|pathak2026|sarkar2020|sommese2013,,Scaling recomputed in retained cohort; study deletion uses union of outcome sources.,0.441331020452,-0.00292371538938,estimated,estimated,,,1,1,{},"{""adp_adenine_ca_distance_8efe_A"":13.456456768568309}"
C005,leave_one_variant_out,G741R,14,D239N|D778V|E497D|G768R|H251N|I457T|L781P|R249Q|R403Q|R453C|R663H|R719W|S782N|Y115H,G741R,adhikari2016|adhikari2019|kawana2017|morck2022|nag2015|nandwani2025|pathak2026|sarkar2020|sommese2013,,Scaling recomputed in retained cohort; study deletion uses union of outcome sources.,0.387793785227,-0.0418006972706,estimated,estimated,,,1,1,{},"{""adp_adenine_ca_distance_8efe_A"":12.488536694666136}"
C005,leave_one_variant_out,G768R,14,D239N|D778V|E497D|G741R|H251N|I457T|L781P|R249Q|R403Q|R453C|R663H|R719W|S782N|Y115H,G768R,adhikari2016|adhikari2019|kawana2017|morck2022|nag2015|nandwani2025|sarkar2020|sommese2013,,Scaling recomputed in retained cohort; study deletion uses union of outcome sources.,0.404507313097,-0.0241310859805,estimated,estimated,,,1,1,{},"{""adp_adenine_ca_distance_8efe_A"":13.403857123369981}"
C005,leave_one_variant_out,H251N,14,D239N|D778V|E497D|G741R|G768R|I457T|L781P|R249Q|R403Q|R453C|R663H|R719W|S782N|Y115H,H251N,adhikari2016|adhikari2019|kawana2017|morck2022|nag2015|nandwani2025|pathak2026|sarkar2020|sommese2013,,Scaling recomputed in retained cohort; study deletion uses union of outcome sources.,0.413335631367,-0.0237518106856,estimated,estimated,,,1,1,{},"{""adp_adenine_ca_distance_8efe_A"":13.263381756867894}"
C005,leave_one_variant_out,I457T,14,D239N|D778V|E497D|G741R|G768R|H251N|L781P|R249Q|R403Q|R453C|R663H|R719W|S782N|Y115H,I457T,adhikari2016|adhikari2019|kawana2017|morck2022|nag2015|nandwani2025|pathak2026|sarkar2020|sommese2013,,Scaling recomputed in retained cohort; study deletion uses union of outcome sources.,0.354543941341,-0.0911026408753,estimated,estimated,,,1,1,{},"{""adp_adenine_ca_distance_8efe_A"":13.063576432001371}"
C005,leave_one_variant_out,L781P,14,D239N|D778V|E497D|G741R|G768R|H251N|I457T|R249Q|R403Q|R453C|R663H|R719W|S782N|Y115H,L781P,adhikari2016|adhikari2019|kawana2017|morck2022|nag2015|nandwani2025|pathak2026|sarkar2020|sommese2013,,Scaling recomputed in retained cohort; study deletion uses union of outcome sources.,0.375874735255,-0.0535441664764,estimated,estimated,,,1,1,{},"{""adp_adenine_ca_distance_8efe_A"":13.0707717302318}"
C005,leave_one_variant_out,R249Q,14,D239N|D778V|E497D|G741R|G768R|H251N|I457T|L781P|R403Q|R453C|R663H|R719W|S782N|Y115H,R249Q,adhikari2016|adhikari2019|kawana2017|morck2022|nag2015|nandwani2025|pathak2026|sarkar2020|sommese2013,,Scaling recomputed in retained cohort; study deletion uses union of outcome sources.,0.480034705869,0.0528853381449,estimated,estimated,,,1,1,{},"{""adp_adenine_ca_distance_8efe_A"":13.002624924111485}"
C005,leave_one_variant_out,R403Q,14,D239N|D778V|E497D|G741R|G768R|H251N|I457T|L781P|R249Q|R453C|R663H|R719W|S782N|Y115H,R403Q,adhikari2016|adhikari2019|kawana2017|morck2022|nandwani2025|pathak2026|sarkar2020|sommese2013,,Scaling recomputed in retained cohort; study deletion uses union of outcome sources.,0.455799501588,0.0410997771593,estimated,estimated,,,1,1,{},"{""adp_adenine_ca_distance_8efe_A"":12.332968246977048}"
C005,leave_one_variant_out,R453C,14,D239N|D778V|E497D|G741R|G768R|H251N|I457T|L781P|R249Q|R403Q|R663H|R719W|S782N|Y115H,R453C,adhikari2016|adhikari2019|kawana2017|morck2022|nag2015|nandwani2025|pathak2026|sarkar2020,,Scaling recomputed in retained cohort; study deletion uses union of outcome sources.,0.41851588368,-0.0146314624695,estimated,estimated,,,1,1,{},"{""adp_adenine_ca_distance_8efe_A"":13.43197720319489}"
C005,leave_one_variant_out,R663H,14,D239N|D778V|E497D|G741R|G768R|H251N|I457T|L781P|R249Q|R403Q|R453C|R719W|S782N|Y115H,R663H,adhikari2016|adhikari2019|kawana2017|morck2022|nag2015|nandwani2025|pathak2026|sommese2013,,Scaling recomputed in retained cohort; study deletion uses union of outcome sources.,0.429990750443,0.0031598139324,estimated,estimated,,,1,1,{},"{""adp_adenine_ca_distance_8efe_A"":13.388807617352228}"
C005,leave_one_variant_out,R719W,14,D239N|D778V|E497D|G741R|G768R|H251N|I457T|L781P|R249Q|R403Q|R453C|R663H|S782N|Y115H,R719W,adhikari2016|adhikari2019|kawana2017|morck2022|nag2015|nandwani2025|pathak2026|sarkar2020|sommese2013,,Scaling recomputed in retained cohort; study deletion uses union of outcome sources.,0.374859469325,-0.053901695437,estimated,estimated,,,1,1,{},"{""adp_adenine_ca_distance_8efe_A"":13.109824898585206}"
C005,leave_one_variant_out,S782N,14,D239N|D778V|E497D|G741R|G768R|H251N|I457T|L781P|R249Q|R403Q|R453C|R663H|R719W|Y115H,S782N,adhikari2016|adhikari2019|kawana2017|morck2022|nag2015|nandwani2025|pathak2026|sarkar2020|sommese2013,,Scaling recomputed in retained cohort; study deletion uses union of outcome sources.,0.387421298419,-0.0403651973572,estimated,estimated,,,1,1,{},"{""adp_adenine_ca_distance_8efe_A"":13.044280763473818}"
C005,leave_one_variant_out,Y115H,14,D239N|D778V|E497D|G741R|G768R|H251N|I457T|L781P|R249Q|R403Q|R453C|R663H|R719W|S782N,Y115H,adhikari2016|adhikari2019|kawana2017|morck2022|nag2015|nandwani2025|pathak2026|sarkar2020|sommese2013,,Scaling recomputed in retained cohort; study deletion uses union of outcome sources.,0.477325583747,0.0333327736749,estimated,estimated,,,1,1,{},"{""adp_adenine_ca_distance_8efe_A"":11.806603781858914}"
C005,leave_one_study_out,adhikari2016,13,D778V|E497D|G741R|G768R|I457T|L781P|R249Q|R403Q|R453C|R663H|R719W|S782N|Y115H,D239N|H251N,adhikari2019|kawana2017|morck2022|nag2015|nandwani2025|pathak2026|sarkar2020|sommese2013,,Scaling recomputed in retained cohort; study deletion uses union of outcome sources.,0.391920271484,-0.0883096349582,estimated,estimated,,,1,1,{},"{""adp_adenine_ca_distance_8efe_A"":12.401675738243641}"
C005,leave_one_study_out,adhikari2019,13,D239N|D778V|E497D|G741R|G768R|H251N|L781P|R403Q|R453C|R663H|R719W|S782N|Y115H,I457T|R249Q,adhikari2016|kawana2017|morck2022|nag2015|nandwani2025|pathak2026|sarkar2020|sommese2013,,Scaling recomputed in retained cohort; study deletion uses union of outcome sources.,0.407473038868,-0.0627299802445,estimated,estimated,,,1,1,{},"{""adp_adenine_ca_distance_8efe_A"":13.038600316590292}"
C005,leave_one_study_out,kawana2017,13,D239N|D778V|E497D|G768R|H251N|I457T|L781P|R249Q|R403Q|R453C|R663H|S782N|Y115H,G741R|R719W,adhikari2016|adhikari2019|morck2022|nag2015|nandwani2025|pathak2026|sarkar2020|sommese2013,,Scaling recomputed in retained cohort; study deletion uses union of outcome sources.,0.366852671816,-0.0764013205742,estimated,estimated,,,1,1,{},"{""adp_adenine_ca_distance_8efe_A"":12.507118383096115}"
C005,leave_one_study_out,morck2022,12,D239N|E497D|G741R|G768R|H251N|I457T|R249Q|R403Q|R453C|R663H|R719W|Y115H,D778V|L781P|S782N,adhikari2016|adhikari2019|kawana2017|nag2015|nandwani2025|pathak2026|sarkar2020|sommese2013,,Scaling recomputed in retained cohort; study deletion uses union of outcome sources.,0.372831952299,-0.0755876714416,estimated,estimated,,,1,1,{},"{""adp_adenine_ca_distance_8efe_A"":13.374473109616382}"
C005,leave_one_study_out,nag2015,14,D239N|D778V|E497D|G741R|G768R|H251N|I457T|L781P|R249Q|R453C|R663H|R719W|S782N|Y115H,R403Q,adhikari2016|adhikari2019|kawana2017|morck2022|nandwani2025|pathak2026|sarkar2020|sommese2013,,Scaling recomputed in retained cohort; study deletion uses union of outcome sources.,0.455799501588,0.0410997771593,estimated,estimated,,,1,1,{},"{""adp_adenine_ca_distance_8efe_A"":12.332968246977048}"
C005,leave_one_study_out,nandwani2025,13,D239N|D778V|G741R|G768R|H251N|I457T|L781P|R249Q|R403Q|R453C|R663H|R719W|S782N,E497D|Y115H,adhikari2016|adhikari2019|kawana2017|morck2022|nag2015|pathak2026|sarkar2020|sommese2013,,Scaling recomputed in retained cohort; study deletion uses union of outcome sources.,0.518223080868,0.0479755249323,estimated,estimated,,,1,1,{},"{""adp_adenine_ca_distance_8efe_A"":12.278804770075556}"
C005,leave_one_study_out,pathak2026,14,D239N|D778V|E497D|G741R|H251N|I457T|L781P|R249Q|R403Q|R453C|R663H|R719W|S782N|Y115H,G768R,adhikari2016|adhikari2019|kawana2017|morck2022|nag2015|nandwani2025|sarkar2020|sommese2013,,Scaling recomputed in retained cohort; study deletion uses union of outcome sources.,0.404507313097,-0.0241310859805,estimated,estimated,,,1,1,{},"{""adp_adenine_ca_distance_8efe_A"":13.403857123369981}"
C005,leave_one_study_out,sarkar2020,14,D239N|D778V|E497D|G741R|G768R|H251N|I457T|L781P|R249Q|R403Q|R453C|R719W|S782N|Y115H,R663H,adhikari2016|adhikari2019|kawana2017|morck2022|nag2015|nandwani2025|pathak2026|sommese2013,,Scaling recomputed in retained cohort; study deletion uses union of outcome sources.,0.429990750443,0.0031598139324,estimated,estimated,,,1,1,{},"{""adp_adenine_ca_distance_8efe_A"":13.388807617352228}"
C005,leave_one_study_out,sommese2013,14,D239N|D778V|E497D|G741R|G768R|H251N|I457T|L781P|R249Q|R403Q|R663H|R719W|S782N|Y115H,R453C,adhikari2016|adhikari2019|kawana2017|morck2022|nag2015|nandwani2025|pathak2026|sarkar2020,,Scaling recomputed in retained cohort; study deletion uses union of outcome sources.,0.41851588368,-0.0146314624695,estimated,estimated,,,1,1,{},"{""adp_adenine_ca_distance_8efe_A"":13.43197720319489}"
C006,leave_one_variant_out,D239N,13,D778V|E497D|G741R|G768R|H251N|I457T|L781P|R249Q|R403Q|R453C|R663H|R719W|Y115H,D239N,adhikari2016|adhikari2019|kawana2017|morck2022|nag2015|nandwani2025|pathak2026|sarkar2020|sommese2013,,Scaling recomputed in retained cohort; study deletion uses union of outcome sources.,0.468905630004,0.0786404888428,estimated,estimated,,,1,1,{},"{""rigor_actin_min_heavy_distance_8efi_A"":15.558212077924221}"
C006,leave_one_variant_out,D778V,13,D239N|E497D|G741R|G768R|H251N|I457T|L781P|R249Q|R403Q|R453C|R663H|R719W|Y115H,D778V,adhikari2016|adhikari2019|kawana2017|morck2022|nag2015|nandwani2025|pathak2026|sarkar2020|sommese2013,,Scaling recomputed in retained cohort; study deletion uses union of outcome sources.,0.503973222279,0.154380813985,estimated,estimated,,,1,1,{},"{""rigor_actin_min_heavy_distance_8efi_A"":15.251145639725484}"
C006,leave_one_variant_out,E497D,13,D239N|D778V|G741R|G768R|H251N|I457T|L781P|R249Q|R403Q|R453C|R663H|R719W|Y115H,E497D,adhikari2016|adhikari2019|kawana2017|morck2022|nag2015|nandwani2025|pathak2026|sarkar2020|sommese2013,,Scaling recomputed in retained cohort; study deletion uses union of outcome sources.,0.468266990077,0.0762329712124,estimated,estimated,,,1,1,{},"{""rigor_actin_min_heavy_distance_8efi_A"":15.557210341227293}"
C006,leave_one_variant_out,G741R,13,D239N|D778V|E497D|G768R|H251N|I457T|L781P|R249Q|R403Q|R453C|R663H|R719W|Y115H,G741R,adhikari2016|adhikari2019|kawana2017|morck2022|nag2015|nandwani2025|pathak2026|sarkar2020|sommese2013,,Scaling recomputed in retained cohort; study deletion uses union of outcome sources.,0.454523149262,0.0754124900317,estimated,estimated,,,1,1,{},"{""rigor_actin_min_heavy_distance_8efi_A"":14.236371849814578}"
C006,leave_one_variant_out,G768R,13,D239N|D778V|E497D|G741R|H251N|I457T|L781P|R249Q|R403Q|R453C|R663H|R719W|Y115H,G768R,adhikari2016|adhikari2019|kawana2017|morck2022|nag2015|nandwani2025|sarkar2020|sommese2013,,Scaling recomputed in retained cohort; study deletion uses union of outcome sources.,0.506945577984,0.146144627354,estimated,estimated,,,1,1,{},"{""rigor_actin_min_heavy_distance_8efi_A"":15.571226126734858}"
C006,leave_one_variant_out,H251N,13,D239N|D778V|E497D|G741R|G768R|I457T|L781P|R249Q|R403Q|R453C|R663H|R719W|Y115H,H251N,adhikari2016|adhikari2019|kawana2017|morck2022|nag2015|nandwani2025|pathak2026|sarkar2020|sommese2013,,Scaling recomputed in retained cohort; study deletion uses union of outcome sources.,0.487461965046,0.113199289029,estimated,estimated,,,1,1,{},"{""rigor_actin_min_heavy_distance_8efi_A"":15.519483385007032}"
C006,leave_one_variant_out,I457T,13,D239N|D778V|E497D|G741R|G768R|H251N|L781P|R249Q|R403Q|R453C|R663H|R719W|Y115H,I457T,adhikari2016|adhikari2019|kawana2017|morck2022|nag2015|nandwani2025|pathak2026|sarkar2020|sommese2013,,Scaling recomputed in retained cohort; study deletion uses union of outcome sources.,0.470894086879,0.0754828276933,estimated,estimated,,,1,1,{},"{""rigor_actin_min_heavy_distance_8efi_A"":15.549655642590933}"
C006,leave_one_variant_out,L781P,13,D239N|D778V|E497D|G741R|G768R|H251N|I457T|R249Q|R403Q|R453C|R663H|R719W|Y115H,L781P,adhikari2016|adhikari2019|kawana2017|morck2022|nag2015|nandwani2025|pathak2026|sarkar2020|sommese2013,,Scaling recomputed in retained cohort; study deletion uses union of outcome sources.,0.459424474212,0.0799359753036,estimated,estimated,,,1,1,{},"{""rigor_actin_min_heavy_distance_8efi_A"":14.8141273124476}"
C006,leave_one_variant_out,R249Q,13,D239N|D778V|E497D|G741R|G768R|H251N|I457T|L781P|R403Q|R453C|R663H|R719W|Y115H,R249Q,adhikari2016|adhikari2019|kawana2017|morck2022|nag2015|nandwani2025|pathak2026|sarkar2020|sommese2013,,Scaling recomputed in retained cohort; study deletion uses union of outcome sources.,0.546231343311,0.206487309377,estimated,estimated,,,1,1,{},"{""rigor_actin_min_heavy_distance_8efi_A"":15.357046474951224}"
C006,leave_one_variant_out,R403Q,13,D239N|D778V|E497D|G741R|G768R|H251N|I457T|L781P|R249Q|R453C|R663H|R719W|Y115H,R403Q,adhikari2016|adhikari2019|kawana2017|morck2022|nandwani2025|pathak2026|sarkar2020|sommese2013,,Scaling recomputed in retained cohort; study deletion uses union of outcome sources.,0.503747759574,0.153592899766,estimated,estimated,,,1,1,{},"{""rigor_actin_min_heavy_distance_8efi_A"":12.35798757824528}"
C006,leave_one_variant_out,R453C,13,D239N|D778V|E497D|G741R|G768R|H251N|I457T|L781P|R249Q|R403Q|R663H|R719W|Y115H,R453C,adhikari2016|adhikari2019|kawana2017|morck2022|nag2015|nandwani2025|pathak2026|sarkar2020,,Scaling recomputed in retained cohort; study deletion uses union of outcome sources.,0.543163422066,0.188358333863,estimated,estimated,,,1,1,{},"{""rigor_actin_min_heavy_distance_8efi_A"":15.56074596636433}"
C006,leave_one_variant_out,R663H,13,D239N|D778V|E497D|G741R|G768R|H251N|I457T|L781P|R249Q|R403Q|R453C|R719W|Y115H,R663H,adhikari2016|adhikari2019|kawana2017|morck2022|nag2015|nandwani2025|pathak2026|sommese2013,,Scaling recomputed in retained cohort; study deletion uses union of outcome sources.,0.562580882915,0.225942659497,estimated,estimated,,,1,1,{},"{""rigor_actin_min_heavy_distance_8efi_A"":14.379263312087922}"
C006,leave_one_variant_out,R719W,13,D239N|D778V|E497D|G741R|G768R|H251N|I457T|L781P|R249Q|R403Q|R453C|R663H|Y115H,R719W,adhikari2016|adhikari2019|kawana2017|morck2022|nag2015|nandwani2025|pathak2026|sarkar2020|sommese2013,,Scaling recomputed in retained cohort; study deletion uses union of outcome sources.,0.452273540189,0.0667835644498,estimated,estimated,,,1,1,{},"{""rigor_actin_min_heavy_distance_8efi_A"":14.292159863262127}"
C006,leave_one_variant_out,Y115H,13,D239N|D778V|E497D|G741R|G768R|H251N|I457T|L781P|R249Q|R403Q|R453C|R663H|R719W,Y115H,adhikari2016|adhikari2019|kawana2017|morck2022|nag2015|nandwani2025|pathak2026|sarkar2020|sommese2013,,Scaling recomputed in retained cohort; study deletion uses union of outcome sources.,0.476231608217,0.109976174545,estimated,estimated,,,1,1,{},"{""rigor_actin_min_heavy_distance_8efi_A"":15.388788154395646}"
C006,leave_one_study_out,adhikari2016,12,D778V|E497D|G741R|G768R|I457T|L781P|R249Q|R403Q|R453C|R663H|R719W|Y115H,D239N|H251N,adhikari2019|kawana2017|morck2022|nag2015|nandwani2025|pathak2026|sarkar2020|sommese2013,,Scaling recomputed in retained cohort; study deletion uses union of outcome sources.,0.473136963617,0.0593940766607,estimated,estimated,,,1,1,{},"{""rigor_actin_min_heavy_distance_8efi_A"":16.163167708622147}"
C006,leave_one_study_out,adhikari2019,12,D239N|D778V|E497D|G741R|G768R|H251N|L781P|R403Q|R453C|R663H|R719W|Y115H,I457T|R249Q,adhikari2016|kawana2017|morck2022|nag2015|nandwani2025|pathak2026|sarkar2020|sommese2013,,Scaling recomputed in retained cohort; study deletion uses union of outcome sources.,0.52791666444,0.145097386363,estimated,estimated,,,1,1,{},"{""rigor_actin_min_heavy_distance_8efi_A"":15.974552052681451}"
C006,leave_one_study_out,kawana2017,12,D239N|D778V|E497D|G768R|H251N|I457T|L781P|R249Q|R403Q|R453C|R663H|Y115H,G741R|R719W,adhikari2016|adhikari2019|morck2022|nag2015|nandwani2025|pathak2026|sarkar2020|sommese2013,,Scaling recomputed in retained cohort; study deletion uses union of outcome sources.,0.420948366007,0.017962982457,estimated,estimated,,,1,1,{},"{""rigor_actin_min_heavy_distance_8efi_A"":13.09372123069385}"
C006,leave_one_study_out,morck2022,12,D239N|E497D|G741R|G768R|H251N|I457T|R249Q|R403Q|R453C|R663H|R719W|Y115H,D778V|L781P,adhikari2016|adhikari2019|kawana2017|nag2015|nandwani2025|pathak2026|sarkar2020|sommese2013,,Scaling recomputed in retained cohort; study deletion uses union of outcome sources.,0.47792680677,0.107269308645,estimated,estimated,,,1,1,{},"{""rigor_actin_min_heavy_distance_8efi_A"":14.999458350975436}"
C006,leave_one_study_out,nag2015,13,D239N|D778V|E497D|G741R|G768R|H251N|I457T|L781P|R249Q|R453C|R663H|R719W|Y115H,R403Q,adhikari2016|adhikari2019|kawana2017|morck2022|nandwani2025|pathak2026|sarkar2020|sommese2013,,Scaling recomputed in retained cohort; study deletion uses union of outcome sources.,0.503747759574,0.153592899766,estimated,estimated,,,1,1,{},"{""rigor_actin_min_heavy_distance_8efi_A"":12.35798757824528}"
C006,leave_one_study_out,nandwani2025,12,D239N|D778V|G741R|G768R|H251N|I457T|L781P|R249Q|R403Q|R453C|R663H|R719W,E497D|Y115H,adhikari2016|adhikari2019|kawana2017|morck2022|nag2015|pathak2026|sarkar2020|sommese2013,,Scaling recomputed in retained cohort; study deletion uses union of outcome sources.,0.460509822683,0.0640774510741,estimated,estimated,,,1,1,{},"{""rigor_actin_min_heavy_distance_8efi_A"":16.046975756067646}"
C006,leave_one_study_out,pathak2026,13,D239N|D778V|E497D|G741R|H251N|I457T|L781P|R249Q|R403Q|R453C|R663H|R719W|Y115H,G768R,adhikari2016|adhikari2019|kawana2017|morck2022|nag2015|nandwani2025|sarkar2020|sommese2013,,Scaling recomputed in retained cohort; study deletion uses union of outcome sources.,0.506945577984,0.146144627354,estimated,estimated,,,1,1,{},"{""rigor_actin_min_heavy_distance_8efi_A"":15.571226126734858}"
C006,leave_one_study_out,sarkar2020,13,D239N|D778V|E497D|G741R|G768R|H251N|I457T|L781P|R249Q|R403Q|R453C|R719W|Y115H,R663H,adhikari2016|adhikari2019|kawana2017|morck2022|nag2015|nandwani2025|pathak2026|sommese2013,,Scaling recomputed in retained cohort; study deletion uses union of outcome sources.,0.562580882915,0.225942659497,estimated,estimated,,,1,1,{},"{""rigor_actin_min_heavy_distance_8efi_A"":14.379263312087922}"
C006,leave_one_study_out,sommese2013,13,D239N|D778V|E497D|G741R|G768R|H251N|I457T|L781P|R249Q|R403Q|R663H|R719W|Y115H,R453C,adhikari2016|adhikari2019|kawana2017|morck2022|nag2015|nandwani2025|pathak2026|sarkar2020,,Scaling recomputed in retained cohort; study deletion uses union of outcome sources.,0.543163422066,0.188358333863,estimated,estimated,,,1,1,{},"{""rigor_actin_min_heavy_distance_8efi_A"":15.56074596636433}"
C007,leave_one_variant_out,A797T,16,D239N|D778V|E497D|F834L|G741R|G768R|H251N|I457T|L781P|R249Q|R403Q|R453C|R663H|R719W|S782N|Y115H,A797T,adhikari2016|adhikari2019|kawana2017|morck2022|nag2015|nandwani2025|pathak2026|sarkar2020|sommese2013,,Scaling recomputed in retained cohort; study deletion uses union of outcome sources.,0.360183856242,-0.0558429910445,estimated,estimated,,,1,1,{},"{""relay_landmark_min_ca_distance_8act_mean_ab"":20.72244253164021}"
C007,leave_one_variant_out,D239N,16,A797T|D778V|E497D|F834L|G741R|G768R|H251N|I457T|L781P|R249Q|R403Q|R453C|R663H|R719W|S782N|Y115H,D239N,adhikari2016|adhikari2019|kawana2017|morck2022|nag2015|nandwani2025|pathak2026|sarkar2020|sommese2013,,Scaling recomputed in retained cohort; study deletion uses union of outcome sources.,0.361038360727,-0.0664050326365,estimated,estimated,,,1,1,{},"{""relay_landmark_min_ca_distance_8act_mean_ab"":21.445919397719827}"
C007,leave_one_variant_out,D778V,16,A797T|D239N|E497D|F834L|G741R|G768R|H251N|I457T|L781P|R249Q|R403Q|R453C|R663H|R719W|S782N|Y115H,D778V,adhikari2016|adhikari2019|kawana2017|morck2022|nag2015|nandwani2025|pathak2026|sarkar2020|sommese2013,,Scaling recomputed in retained cohort; study deletion uses union of outcome sources.,0.332356237589,-0.0753407170411,estimated,estimated,,,1,1,{},"{""relay_landmark_min_ca_distance_8act_mean_ab"":21.46542575347549}"
C007,leave_one_variant_out,E497D,16,A797T|D239N|D778V|F834L|G741R|G768R|H251N|I457T|L781P|R249Q|R403Q|R453C|R663H|R719W|S782N|Y115H,E497D,adhikari2016|adhikari2019|kawana2017|morck2022|nag2015|nandwani2025|pathak2026|sarkar2020|sommese2013,,Scaling recomputed in retained cohort; study deletion uses union of outcome sources.,0.339280390075,-0.0342575689572,estimated,estimated,,,1,1,{},"{""relay_landmark_min_ca_distance_8act_mean_ab"":19.80426791858011}"
C007,leave_one_variant_out,F834L,16,A797T|D239N|D778V|E497D|G741R|G768R|H251N|I457T|L781P|R249Q|R403Q|R453C|R663H|R719W|S782N|Y115H,F834L,adhikari2016|adhikari2019|kawana2017|morck2022|nag2015|nandwani2025|pathak2026|sarkar2020|sommese2013,,Scaling recomputed in retained cohort; study deletion uses union of outcome sources.,0.353263192671,-0.100862471395,estimated,estimated,,,1,1,{},"{""relay_landmark_min_ca_distance_8act_mean_ab"":14.179540803182622}"
C007,leave_one_variant_out,G741R,16,A797T|D239N|D778V|E497D|F834L|G768R|H251N|I457T|L781P|R249Q|R403Q|R453C|R663H|R719W|S782N|Y115H,G741R,adhikari2016|adhikari2019|kawana2017|morck2022|nag2015|nandwani2025|pathak2026|sarkar2020|sommese2013,,Scaling recomputed in retained cohort; study deletion uses union of outcome sources.,0.328928186398,-0.0881175361622,estimated,estimated,,,1,1,{},"{""relay_landmark_min_ca_distance_8act_mean_ab"":21.181684663115643}"
C007,leave_one_variant_out,G768R,16,A797T|D239N|D778V|E497D|F834L|G741R|H251N|I457T|L781P|R249Q|R403Q|R453C|R663H|R719W|S782N|Y115H,G768R,adhikari2016|adhikari2019|kawana2017|morck2022|nag2015|nandwani2025|sarkar2020|sommese2013,,Scaling recomputed in retained cohort; study deletion uses union of outcome sources.,0.327337507563,-0.0907092066664,estimated,estimated,,,1,1,{},"{""relay_landmark_min_ca_distance_8act_mean_ab"":21.162767685880336}"
C007,leave_one_variant_out,H251N,16,A797T|D239N|D778V|E497D|F834L|G741R|G768R|I457T|L781P|R249Q|R403Q|R453C|R663H|R719W|S782N|Y115H,H251N,adhikari2016|adhikari2019|kawana2017|morck2022|nag2015|nandwani2025|pathak2026|sarkar2020|sommese2013,,Scaling recomputed in retained cohort; study deletion uses union of outcome sources.,0.339901045488,-0.0736206025179,estimated,estimated,,,1,1,{},"{""relay_landmark_min_ca_distance_8act_mean_ab"":21.460076884772818}"
C007,leave_one_variant_out,I457T,16,A797T|D239N|D778V|E497D|F834L|G741R|G768R|H251N|L781P|R249Q|R403Q|R453C|R663H|R719W|S782N|Y115H,I457T,adhikari2016|adhikari2019|kawana2017|morck2022|nag2015|nandwani2025|pathak2026|sarkar2020|sommese2013,,Scaling recomputed in retained cohort; study deletion uses union of outcome sources.,0.367951522336,-0.0738720825144,estimated,estimated,,,1,1,{},"{""relay_landmark_min_ca_distance_8act_mean_ab"":21.344711140592693}"
C007,leave_one_variant_out,L781P,16,A797T|D239N|D778V|E497D|F834L|G741R|G768R|H251N|I457T|R249Q|R403Q|R453C|R663H|R719W|S782N|Y115H,L781P,adhikari2016|adhikari2019|kawana2017|morck2022|nag2015|nandwani2025|pathak2026|sarkar2020|sommese2013,,Scaling recomputed in retained cohort; study deletion uses union of outcome sources.,0.335609750001,-0.0711415369443,estimated,estimated,,,1,1,{},"{""relay_landmark_min_ca_distance_8act_mean_ab"":21.47850195036587}"
C007,leave_one_variant_out,R249Q,16,A797T|D239N|D778V|E497D|F834L|G741R|G768R|H251N|I457T|L781P|R403Q|R453C|R663H|R719W|S782N|Y115H,R249Q,adhikari2016|adhikari2019|kawana2017|morck2022|nag2015|nandwani2025|pathak2026|sarkar2020|sommese2013,,Scaling recomputed in retained cohort; study deletion uses union of outcome sources.,0.3317198332,-0.0852494654332,estimated,estimated,,,1,1,{},"{""relay_landmark_min_ca_distance_8act_mean_ab"":21.433541444445144}"
C007,leave_one_variant_out,R403Q,16,A797T|D239N|D778V|E497D|F834L|G741R|G768R|H251N|I457T|L781P|R249Q|R453C|R663H|R719W|S782N|Y115H,R403Q,adhikari2016|adhikari2019|kawana2017|morck2022|nandwani2025|pathak2026|sarkar2020|sommese2013,,Scaling recomputed in retained cohort; study deletion uses union of outcome sources.,0.339238865697,-0.0791814119654,estimated,estimated,,,1,1,{},"{""relay_landmark_min_ca_distance_8act_mean_ab"":20.17378688354791}"
C007,leave_one_variant_out,R453C,16,A797T|D239N|D778V|E497D|F834L|G741R|G768R|H251N|I457T|L781P|R249Q|R403Q|R663H|R719W|S782N|Y115H,R453C,adhikari2016|adhikari2019|kawana2017|morck2022|nag2015|nandwani2025|pathak2026|sarkar2020,,Scaling recomputed in retained cohort; study deletion uses union of outcome sources.,0.341670680545,-0.0704000901977,estimated,estimated,,,1,1,{},"{""relay_landmark_min_ca_distance_8act_mean_ab"":21.478002397802953}"
C007,leave_one_variant_out,R663H,16,A797T|D239N|D778V|E497D|F834L|G741R|G768R|H251N|I457T|L781P|R249Q|R403Q|R453C|R719W|S782N|Y115H,R663H,adhikari2016|adhikari2019|kawana2017|morck2022|nag2015|nandwani2025|pathak2026|sommese2013,,Scaling recomputed in retained cohort; study deletion uses union of outcome sources.,0.344687261726,-0.0731292750196,estimated,estimated,,,1,1,{},"{""relay_landmark_min_ca_distance_8act_mean_ab"":20.941247652656354}"
C007,leave_one_variant_out,R719W,16,A797T|D239N|D778V|E497D|F834L|G741R|G768R|H251N|I457T|L781P|R249Q|R403Q|R453C|R663H|S782N|Y115H,R719W,adhikari2016|adhikari2019|kawana2017|morck2022|nag2015|nandwani2025|pathak2026|sarkar2020|sommese2013,,Scaling recomputed in retained cohort; study deletion uses union of outcome sources.,0.334224038699,-0.0826254357428,estimated,estimated,,,1,1,{},"{""relay_landmark_min_ca_distance_8act_mean_ab"":21.197950142788887}"
C007,leave_one_variant_out,S782N,16,A797T|D239N|D778V|E497D|F834L|G741R|G768R|H251N|I457T|L781P|R249Q|R403Q|R453C|R663H|R719W|Y115H,S782N,adhikari2016|adhikari2019|kawana2017|morck2022|nag2015|nandwani2025|pathak2026|sarkar2020|sommese2013,,Scaling recomputed in retained cohort; study deletion uses union of outcome sources.,0.329785566602,-0.0767980393737,estimated,estimated,,,1,1,{},"{""relay_landmark_min_ca_distance_8act_mean_ab"":21.467027076764403}"
C007,leave_one_variant_out,Y115H,16,A797T|D239N|D778V|E497D|F834L|G741R|G768R|H251N|I457T|L781P|R249Q|R403Q|R453C|R663H|R719W|S782N,Y115H,adhikari2016|adhikari2019|kawana2017|morck2022|nag2015|nandwani2025|pathak2026|sarkar2020|sommese2013,,Scaling recomputed in retained cohort; study deletion uses union of outcome sources.,0.340459524497,-0.0687037927733,estimated,estimated,,,1,1,{},"{""relay_landmark_min_ca_distance_8act_mean_ab"":21.416153031898972}"
C007,leave_one_study_out,adhikari2016,15,A797T|D778V|E497D|F834L|G741R|G768R|I457T|L781P|R249Q|R403Q|R453C|R663H|R719W|S782N|Y115H,D239N|H251N,adhikari2019|kawana2017|morck2022|nag2015|nandwani2025|pathak2026|sarkar2020|sommese2013,,Scaling recomputed in retained cohort; study deletion uses union of outcome sources.,0.379230550792,-0.0649544429662,estimated,estimated,,,1,1,{},"{""relay_landmark_min_ca_distance_8act_mean_ab"":22.182466273997917}"
C007,leave_one_study_out,adhikari2019,15,A797T|D239N|D778V|E497D|F834L|G741R|G768R|H251N|L781P|R403Q|R453C|R663H|R719W|S782N|Y115H,I457T|R249Q,adhikari2016|kawana2017|morck2022|nag2015|nandwani2025|pathak2026|sarkar2020|sommese2013,,Scaling recomputed in retained cohort; study deletion uses union of outcome sources.,0.367385983668,-0.0958201001678,estimated,estimated,,,1,1,{},"{""relay_landmark_min_ca_distance_8act_mean_ab"":22.036108634256397}"
C007,leave_one_study_out,kawana2017,15,A797T|D239N|D778V|E497D|F834L|G768R|H251N|I457T|L781P|R249Q|R403Q|R453C|R663H|S782N|Y115H,G741R|R719W,adhikari2016|adhikari2019|morck2022|nag2015|nandwani2025|pathak2026|sarkar2020|sommese2013,,Scaling recomputed in retained cohort; study deletion uses union of outcome sources.,0.344441105983,-0.0894835496371,estimated,estimated,,,1,1,{},"{""relay_landmark_min_ca_distance_8act_mean_ab"":21.589839656180267}"
C007,leave_one_study_out,morck2022,12,D239N|E497D|G741R|G768R|H251N|I457T|R249Q|R403Q|R453C|R663H|R719W|Y115H,A797T|D778V|F834L|L781P|S782N,adhikari2016|adhikari2019|kawana2017|nag2015|nandwani2025|pathak2026|sarkar2020|sommese2013,,Scaling recomputed in retained cohort; study deletion uses union of outcome sources.,0.460803375682,-0.0512950342176,estimated,estimated,,,1,1,{},"{""relay_landmark_min_ca_distance_8act_mean_ab"":14.228007642777987}"
C007,leave_one_study_out,nag2015,16,A797T|D239N|D778V|E497D|F834L|G741R|G768R|H251N|I457T|L781P|R249Q|R453C|R663H|R719W|S782N|Y115H,R403Q,adhikari2016|adhikari2019|kawana2017|morck2022|nandwani2025|pathak2026|sarkar2020|sommese2013,,Scaling recomputed in retained cohort; study deletion uses union of outcome sources.,0.339238865697,-0.0791814119654,estimated,estimated,,,1,1,{},"{""relay_landmark_min_ca_distance_8act_mean_ab"":20.17378688354791}"
C007,leave_one_study_out,nandwani2025,15,A797T|D239N|D778V|F834L|G741R|G768R|H251N|I457T|L781P|R249Q|R403Q|R453C|R663H|R719W|S782N,E497D|Y115H,adhikari2016|adhikari2019|kawana2017|morck2022|nag2015|pathak2026|sarkar2020|sommese2013,,Scaling recomputed in retained cohort; study deletion uses union of outcome sources.,0.355609572991,-0.0259604122799,estimated,estimated,,,1,1,{},"{""relay_landmark_min_ca_distance_8act_mean_ab"":20.37708246618043}"
C007,leave_one_study_out,pathak2026,16,A797T|D239N|D778V|E497D|F834L|G741R|H251N|I457T|L781P|R249Q|R403Q|R453C|R663H|R719W|S782N|Y115H,G768R,adhikari2016|adhikari2019|kawana2017|morck2022|nag2015|nandwani2025|sarkar2020|sommese2013,,Scaling recomputed in retained cohort; study deletion uses union of outcome sources.,0.327337507563,-0.0907092066664,estimated,estimated,,,1,1,{},"{""relay_landmark_min_ca_distance_8act_mean_ab"":21.162767685880336}"
C007,leave_one_study_out,sarkar2020,16,A797T|D239N|D778V|E497D|F834L|G741R|G768R|H251N|I457T|L781P|R249Q|R403Q|R453C|R719W|S782N|Y115H,R663H,adhikari2016|adhikari2019|kawana2017|morck2022|nag2015|nandwani2025|pathak2026|sommese2013,,Scaling recomputed in retained cohort; study deletion uses union of outcome sources.,0.344687261726,-0.0731292750196,estimated,estimated,,,1,1,{},"{""relay_landmark_min_ca_distance_8act_mean_ab"":20.941247652656354}"
C007,leave_one_study_out,sommese2013,16,A797T|D239N|D778V|E497D|F834L|G741R|G768R|H251N|I457T|L781P|R249Q|R403Q|R663H|R719W|S782N|Y115H,R453C,adhikari2016|adhikari2019|kawana2017|morck2022|nag2015|nandwani2025|pathak2026|sarkar2020,,Scaling recomputed in retained cohort; study deletion uses union of outcome sources.,0.341670680545,-0.0704000901977,estimated,estimated,,,1,1,{},"{""relay_landmark_min_ca_distance_8act_mean_ab"":21.478002397802953}"
C008,leave_one_variant_out,A797T,16,D239N|D778V|E497D|F834L|G741R|G768R|H251N|I457T|L781P|R249Q|R403Q|R453C|R663H|R719W|S782N|Y115H,A797T,adhikari2016|adhikari2019|kawana2017|morck2022|nag2015|nandwani2025|pathak2026|sarkar2020|sommese2013,,Scaling recomputed in retained cohort; study deletion uses union of outcome sources.,0.443192506235,0.0398768631817,estimated,estimated,,,1,1,{},"{""elc_min_heavy_distance_8act_mean_ab"":14.437215062063546}"
C008,leave_one_variant_out,D239N,16,A797T|D778V|E497D|F834L|G741R|G768R|H251N|I457T|L781P|R249Q|R403Q|R453C|R663H|R719W|S782N|Y115H,D239N,adhikari2016|adhikari2019|kawana2017|morck2022|nag2015|nandwani2025|pathak2026|sarkar2020|sommese2013,,Scaling recomputed in retained cohort; study deletion uses union of outcome sources.,0.395592071957,-0.0198943398991,estimated,estimated,,,1,1,{},"{""elc_min_heavy_distance_8act_mean_ab"":13.89296672232512}"
C008,leave_one_variant_out,D778V,16,A797T|D239N|E497D|F834L|G741R|G768R|H251N|I457T|L781P|R249Q|R403Q|R453C|R663H|R719W|S782N|Y115H,D778V,adhikari2016|adhikari2019|kawana2017|morck2022|nag2015|nandwani2025|pathak2026|sarkar2020|sommese2013,,Scaling recomputed in retained cohort; study deletion uses union of outcome sources.,0.488583519996,0.100720094062,estimated,estimated,,,1,1,{},"{""elc_min_heavy_distance_8act_mean_ab"":14.616237478747987}"
C008,leave_one_variant_out,E497D,16,A797T|D239N|D778V|F834L|G741R|G768R|H251N|I457T|L781P|R249Q|R403Q|R453C|R663H|R719W|S782N|Y115H,E497D,adhikari2016|adhikari2019|kawana2017|morck2022|nag2015|nandwani2025|pathak2026|sarkar2020|sommese2013,,Scaling recomputed in retained cohort; study deletion uses union of outcome sources.,0.47821991793,0.0570673042866,estimated,estimated,,,1,1,{},"{""elc_min_heavy_distance_8act_mean_ab"":14.904413123434196}"
C008,leave_one_variant_out,F834L,16,A797T|D239N|D778V|E497D|G741R|G768R|H251N|I457T|L781P|R249Q|R403Q|R453C|R663H|R719W|S782N|Y115H,F834L,adhikari2016|adhikari2019|kawana2017|morck2022|nag2015|nandwani2025|pathak2026|sarkar2020|sommese2013,,Scaling recomputed in retained cohort; study deletion uses union of outcome sources.,0.489160671815,0.101049192052,estimated,estimated,,,1,1,{},"{""elc_min_heavy_distance_8act_mean_ab"":14.649660174081713}"
C008,leave_one_variant_out,G741R,16,A797T|D239N|D778V|E497D|F834L|G768R|H251N|I457T|L781P|R249Q|R403Q|R453C|R663H|R719W|S782N|Y115H,G741R,adhikari2016|adhikari2019|kawana2017|morck2022|nag2015|nandwani2025|pathak2026|sarkar2020|sommese2013,,Scaling recomputed in retained cohort; study deletion uses union of outcome sources.,0.457712486371,0.0622546700645,estimated,estimated,,,1,1,{},"{""elc_min_heavy_distance_8act_mean_ab"":14.893602322883824}"
C008,leave_one_variant_out,G768R,16,A797T|D239N|D778V|E497D|F834L|G741R|H251N|I457T|L781P|R249Q|R403Q|R453C|R663H|R719W|S782N|Y115H,G768R,adhikari2016|adhikari2019|kawana2017|morck2022|nag2015|nandwani2025|sarkar2020|sommese2013,,Scaling recomputed in retained cohort; study deletion uses union of outcome sources.,0.464467615662,0.0692211463495,estimated,estimated,,,1,1,{},"{""elc_min_heavy_distance_8act_mean_ab"":14.955541948735197}"
C008,leave_one_variant_out,H251N,16,A797T|D239N|D778V|E497D|F834L|G741R|G768R|I457T|L781P|R249Q|R403Q|R453C|R663H|R719W|S782N|Y115H,H251N,adhikari2016|adhikari2019|kawana2017|morck2022|nag2015|nandwani2025|pathak2026|sarkar2020|sommese2013,,Scaling recomputed in retained cohort; study deletion uses union of outcome sources.,0.487081110543,0.0918758532937,estimated,estimated,,,1,1,{},"{""elc_min_heavy_distance_8act_mean_ab"":14.917562656405627}"
C008,leave_one_variant_out,I457T,16,A797T|D239N|D778V|E497D|F834L|G741R|G768R|H251N|L781P|R249Q|R403Q|R453C|R663H|R719W|S782N|Y115H,I457T,adhikari2016|adhikari2019|kawana2017|morck2022|nag2015|nandwani2025|pathak2026|sarkar2020|sommese2013,,Scaling recomputed in retained cohort; study deletion uses union of outcome sources.,0.548610559636,0.150922591824,estimated,estimated,,,1,1,{},"{""elc_min_heavy_distance_8act_mean_ab"":14.88845888974336}"
C008,leave_one_variant_out,L781P,16,A797T|D239N|D778V|E497D|F834L|G741R|G768R|H251N|I457T|R249Q|R403Q|R453C|R663H|R719W|S782N|Y115H,L781P,adhikari2016|adhikari2019|kawana2017|morck2022|nag2015|nandwani2025|pathak2026|sarkar2020|sommese2013,,Scaling recomputed in retained cohort; study deletion uses union of outcome sources.,0.447345685419,0.0440784451259,estimated,estimated,,,1,1,{},"{""elc_min_heavy_distance_8act_mean_ab"":14.452375680433175}"
C008,leave_one_variant_out,R249Q,16,A797T|D239N|D778V|E497D|F834L|G741R|G768R|H251N|I457T|L781P|R403Q|R453C|R663H|R719W|S782N|Y115H,R249Q,adhikari2016|adhikari2019|kawana2017|morck2022|nag2015|nandwani2025|pathak2026|sarkar2020|sommese2013,,Scaling recomputed in retained cohort; study deletion uses union of outcome sources.,0.473208971351,0.0813599015432,estimated,estimated,,,1,1,{},"{""elc_min_heavy_distance_8act_mean_ab"":14.952620750095203}"
C008,leave_one_variant_out,R403Q,16,A797T|D239N|D778V|E497D|F834L|G741R|G768R|H251N|I457T|L781P|R249Q|R453C|R663H|R719W|S782N|Y115H,R403Q,adhikari2016|adhikari2019|kawana2017|morck2022|nandwani2025|pathak2026|sarkar2020|sommese2013,,Scaling recomputed in retained cohort; study deletion uses union of outcome sources.,0.421549234256,0.00304983816182,estimated,estimated,,,1,1,{},"{""elc_min_heavy_distance_8act_mean_ab"":10.07990185698698}"
C008,leave_one_variant_out,R453C,16,A797T|D239N|D778V|E497D|F834L|G741R|G768R|H251N|I457T|L781P|R249Q|R403Q|R663H|R719W|S782N|Y115H,R453C,adhikari2016|adhikari2019|kawana2017|morck2022|nag2015|nandwani2025|pathak2026|sarkar2020,,Scaling recomputed in retained cohort; study deletion uses union of outcome sources.,0.459180046224,0.0622615070435,estimated,estimated,,,1,1,{},"{""elc_min_heavy_distance_8act_mean_ab"":14.823219908914027}"
C008,leave_one_variant_out,R663H,16,A797T|D239N|D778V|E497D|F834L|G741R|G768R|H251N|I457T|L781P|R249Q|R403Q|R453C|R719W|S782N|Y115H,R663H,adhikari2016|adhikari2019|kawana2017|morck2022|nag2015|nandwani2025|pathak2026|sommese2013,,Scaling recomputed in retained cohort; study deletion uses union of outcome sources.,0.480835029506,0.0940287666717,estimated,estimated,,,1,1,{},"{""elc_min_heavy_distance_8act_mean_ab"":14.927152004415223}"
C008,leave_one_variant_out,R719W,16,A797T|D239N|D778V|E497D|F834L|G741R|G768R|H251N|I457T|L781P|R249Q|R403Q|R453C|R663H|S782N|Y115H,R719W,adhikari2016|adhikari2019|kawana2017|morck2022|nag2015|nandwani2025|pathak2026|sarkar2020|sommese2013,,Scaling recomputed in retained cohort; study deletion uses union of outcome sources.,0.446330747108,0.0440866793875,estimated,estimated,,,1,1,{},"{""elc_min_heavy_distance_8act_mean_ab"":14.623815081798567}"
C008,leave_one_variant_out,S782N,16,A797T|D239N|D778V|E497D|F834L|G741R|G768R|H251N|I457T|L781P|R249Q|R403Q|R453C|R663H|R719W|Y115H,S782N,adhikari2016|adhikari2019|kawana2017|morck2022|nag2015|nandwani2025|pathak2026|sarkar2020|sommese2013,,Scaling recomputed in retained cohort; study deletion uses union of outcome sources.,0.463314300115,0.0659061142163,estimated,estimated,,,1,1,{},"{""elc_min_heavy_distance_8act_mean_ab"":14.533597832601066}"
C008,leave_one_variant_out,Y115H,16,A797T|D239N|D778V|E497D|F834L|G741R|G768R|H251N|I457T|L781P|R249Q|R403Q|R453C|R663H|R719W|S782N,Y115H,adhikari2016|adhikari2019|kawana2017|morck2022|nag2015|nandwani2025|pathak2026|sarkar2020|sommese2013,,Scaling recomputed in retained cohort; study deletion uses union of outcome sources.,0.476467952604,0.0859193678576,estimated,estimated,,,1,1,{},"{""elc_min_heavy_distance_8act_mean_ab"":14.886786993779708}"
C008,leave_one_study_out,adhikari2016,15,A797T|D778V|E497D|F834L|G741R|G768R|I457T|L781P|R249Q|R403Q|R453C|R663H|R719W|S782N|Y115H,D239N|H251N,adhikari2019|kawana2017|morck2022|nag2015|nandwani2025|pathak2026|sarkar2020|sommese2013,,Scaling recomputed in retained cohort; study deletion uses union of outcome sources.,0.422063071935,-0.0111015719454,estimated,estimated,,,1,1,{},"{""elc_min_heavy_distance_8act_mean_ab"":14.361056024279172}"
C008,leave_one_study_out,adhikari2019,15,A797T|D239N|D778V|E497D|F834L|G741R|G768R|H251N|L781P|R403Q|R453C|R663H|R719W|S782N|Y115H,I457T|R249Q,adhikari2016|kawana2017|morck2022|nag2015|nandwani2025|pathak2026|sarkar2020|sommese2013,,Scaling recomputed in retained cohort; study deletion uses union of outcome sources.,0.56972330698,0.175076066772,estimated,estimated,,,1,1,{},"{""elc_min_heavy_distance_8act_mean_ab"":15.409348709608294}"
C008,leave_one_study_out,kawana2017,15,A797T|D239N|D778V|E497D|F834L|G768R|H251N|I457T|L781P|R249Q|R403Q|R453C|R663H|S782N|Y115H,G741R|R719W,adhikari2016|adhikari2019|morck2022|nag2015|nandwani2025|pathak2026|sarkar2020|sommese2013,,Scaling recomputed in retained cohort; study deletion uses union of outcome sources.,0.4435954057,0.0350782053523,estimated,estimated,,,1,1,{},"{""elc_min_heavy_distance_8act_mean_ab"":15.050576071017034}"
C008,leave_one_study_out,morck2022,12,D239N|E497D|G741R|G768R|H251N|I457T|R249Q|R403Q|R453C|R663H|R719W|Y115H,A797T|D778V|F834L|L781P|S782N,adhikari2016|adhikari2019|kawana2017|nag2015|nandwani2025|pathak2026|sarkar2020|sommese2013,,Scaling recomputed in retained cohort; study deletion uses union of outcome sources.,0.48774342697,0.0657042002661,estimated,estimated,,,1,1,{},"{""elc_min_heavy_distance_8act_mean_ab"":14.558833343512168}"
C008,leave_one_study_out,nag2015,16,A797T|D239N|D778V|E497D|F834L|G741R|G768R|H251N|I457T|L781P|R249Q|R453C|R663H|R719W|S782N|Y115H,R403Q,adhikari2016|adhikari2019|kawana2017|morck2022|nandwani2025|pathak2026|sarkar2020|sommese2013,,Scaling recomputed in retained cohort; study deletion uses union of outcome sources.,0.421549234256,0.00304983816182,estimated,estimated,,,1,1,{},"{""elc_min_heavy_distance_8act_mean_ab"":10.07990185698698}"
C008,leave_one_study_out,nandwani2025,15,A797T|D239N|D778V|F834L|G741R|G768R|H251N|I457T|L781P|R249Q|R403Q|R453C|R663H|R719W|S782N,E497D|Y115H,adhikari2016|adhikari2019|kawana2017|morck2022|nag2015|pathak2026|sarkar2020|sommese2013,,Scaling recomputed in retained cohort; study deletion uses union of outcome sources.,0.48964602359,0.0670752787197,estimated,estimated,,,1,1,{},"{""elc_min_heavy_distance_8act_mean_ab"":15.347598401732293}"
C008,leave_one_study_out,pathak2026,16,A797T|D239N|D778V|E497D|F834L|G741R|H251N|I457T|L781P|R249Q|R403Q|R453C|R663H|R719W|S782N|Y115H,G768R,adhikari2016|adhikari2019|kawana2017|morck2022|nag2015|nandwani2025|sarkar2020|sommese2013,,Scaling recomputed in retained cohort; study deletion uses union of outcome sources.,0.464467615662,0.0692211463495,estimated,estimated,,,1,1,{},"{""elc_min_heavy_distance_8act_mean_ab"":14.955541948735197}"
C008,leave_one_study_out,sarkar2020,16,A797T|D239N|D778V|E497D|F834L|G741R|G768R|H251N|I457T|L781P|R249Q|R403Q|R453C|R719W|S782N|Y115H,R663H,adhikari2016|adhikari2019|kawana2017|morck2022|nag2015|nandwani2025|pathak2026|sommese2013,,Scaling recomputed in retained cohort; study deletion uses union of outcome sources.,0.480835029506,0.0940287666717,estimated,estimated,,,1,1,{},"{""elc_min_heavy_distance_8act_mean_ab"":14.927152004415223}"
C008,leave_one_study_out,sommese2013,16,A797T|D239N|D778V|E497D|F834L|G741R|G768R|H251N|I457T|L781P|R249Q|R403Q|R663H|R719W|S782N|Y115H,R453C,adhikari2016|adhikari2019|kawana2017|morck2022|nag2015|nandwani2025|pathak2026|sarkar2020,,Scaling recomputed in retained cohort; study deletion uses union of outcome sources.,0.459180046224,0.0622615070435,estimated,estimated,,,1,1,{},"{""elc_min_heavy_distance_8act_mean_ab"":14.823219908914027}"
C009,leave_one_variant_out,A797T,16,D239N|D778V|E497D|F834L|G741R|G768R|H251N|I457T|L781P|R249Q|R403Q|R453C|R663H|R719W|S782N|Y115H,A797T,adhikari2016|adhikari2019|kawana2017|morck2022|nag2015|nandwani2025|pathak2026|sarkar2020|sommese2013,,Scaling recomputed in retained cohort; study deletion uses union of outcome sources.,0.367078785514,-0.00955389568495,estimated,estimated,,,1,1,{},"{""delta_charge"":0.7719024117939607}"
C009,leave_one_variant_out,D239N,16,A797T|D778V|E497D|F834L|G741R|G768R|H251N|I457T|L781P|R249Q|R403Q|R453C|R663H|R719W|S782N|Y115H,D239N,adhikari2016|adhikari2019|kawana2017|morck2022|nag2015|nandwani2025|pathak2026|sarkar2020|sommese2013,,Scaling recomputed in retained cohort; study deletion uses union of outcome sources.,0.369422393164,-0.00177368651833,estimated,estimated,,,1,1,{},"{""delta_charge"":0.7187952884282609}"
C009,leave_one_variant_out,D778V,16,A797T|D239N|E497D|F834L|G741R|G768R|H251N|I457T|L781P|R249Q|R403Q|R453C|R663H|R719W|S782N|Y115H,D778V,adhikari2016|adhikari2019|kawana2017|morck2022|nag2015|nandwani2025|pathak2026|sarkar2020|sommese2013,,Scaling recomputed in retained cohort; study deletion uses union of outcome sources.,0.363185447512,-0.0185787304741,estimated,estimated,,,1,1,{},"{""delta_charge"":0.7187952884282609}"
C009,leave_one_variant_out,E497D,16,A797T|D239N|D778V|F834L|G741R|G768R|H251N|I457T|L781P|R249Q|R403Q|R453C|R663H|R719W|S782N|Y115H,E497D,adhikari2016|adhikari2019|kawana2017|morck2022|nag2015|nandwani2025|pathak2026|sarkar2020|sommese2013,,Scaling recomputed in retained cohort; study deletion uses union of outcome sources.,0.346137061156,-0.0475448265428,estimated,estimated,,,1,1,{},"{""delta_charge"":0.7719024117939607}"
C009,leave_one_variant_out,F834L,16,A797T|D239N|D778V|E497D|G741R|G768R|H251N|I457T|L781P|R249Q|R403Q|R453C|R663H|R719W|S782N|Y115H,F834L,adhikari2016|adhikari2019|kawana2017|morck2022|nag2015|nandwani2025|pathak2026|sarkar2020|sommese2013,,Scaling recomputed in retained cohort; study deletion uses union of outcome sources.,0.345289628549,-0.0253497040514,estimated,estimated,,,1,1,{},"{""delta_charge"":0.7719024117939607}"
C009,leave_one_variant_out,G741R,16,A797T|D239N|D778V|E497D|F834L|G768R|H251N|I457T|L781P|R249Q|R403Q|R453C|R663H|R719W|S782N|Y115H,G741R,adhikari2016|adhikari2019|kawana2017|morck2022|nag2015|nandwani2025|pathak2026|sarkar2020|sommese2013,,Scaling recomputed in retained cohort; study deletion uses union of outcome sources.,0.399538850882,0.0109310360986,estimated,estimated,,,1,1,{},"{""delta_charge"":0.7187952884282609}"
C009,leave_one_variant_out,G768R,16,A797T|D239N|D778V|E497D|F834L|G741R|H251N|I457T|L781P|R249Q|R403Q|R453C|R663H|R719W|S782N|Y115H,G768R,adhikari2016|adhikari2019|kawana2017|morck2022|nag2015|nandwani2025|sarkar2020|sommese2013,,Scaling recomputed in retained cohort; study deletion uses union of outcome sources.,0.431939322362,0.0533803691079,estimated,estimated,,,1,1,{},"{""delta_charge"":0.7187952884282609}"
C009,leave_one_variant_out,H251N,16,A797T|D239N|D778V|E497D|F834L|G741R|G768R|I457T|L781P|R249Q|R403Q|R453C|R663H|R719W|S782N|Y115H,H251N,adhikari2016|adhikari2019|kawana2017|morck2022|nag2015|nandwani2025|pathak2026|sarkar2020|sommese2013,,Scaling recomputed in retained cohort; study deletion uses union of outcome sources.,0.340652835702,-0.0322627738729,estimated,estimated,,,1,1,{},"{""delta_charge"":0.7719024117939607}"
C009,leave_one_variant_out,I457T,16,A797T|D239N|D778V|E497D|F834L|G741R|G768R|H251N|L781P|R249Q|R403Q|R453C|R663H|R719W|S782N|Y115H,I457T,adhikari2016|adhikari2019|kawana2017|morck2022|nag2015|nandwani2025|pathak2026|sarkar2020|sommese2013,,Scaling recomputed in retained cohort; study deletion uses union of outcome sources.,0.348051347246,-0.0475448265428,estimated,estimated,,,1,1,{},"{""delta_charge"":0.7719024117939607}"
C009,leave_one_variant_out,L781P,16,A797T|D239N|D778V|E497D|F834L|G741R|G768R|H251N|I457T|R249Q|R403Q|R453C|R663H|R719W|S782N|Y115H,L781P,adhikari2016|adhikari2019|kawana2017|morck2022|nag2015|nandwani2025|pathak2026|sarkar2020|sommese2013,,Scaling recomputed in retained cohort; study deletion uses union of outcome sources.,0.358667942901,-0.0157063729515,estimated,estimated,,,1,1,{},"{""delta_charge"":0.7719024117939607}"
C009,leave_one_variant_out,R249Q,16,A797T|D239N|D778V|E497D|F834L|G741R|G768R|H251N|I457T|L781P|R403Q|R453C|R663H|R719W|S782N|Y115H,R249Q,adhikari2016|adhikari2019|kawana2017|morck2022|nag2015|nandwani2025|pathak2026|sarkar2020|sommese2013,,Scaling recomputed in retained cohort; study deletion uses union of outcome sources.,0.292725316274,-0.0810413084575,estimated,estimated,,,1,1,{},"{""delta_charge"":0.7302967433402214}"
C009,leave_one_variant_out,R403Q,16,A797T|D239N|D778V|E497D|F834L|G741R|G768R|H251N|I457T|L781P|R249Q|R453C|R663H|R719W|S782N|Y115H,R403Q,adhikari2016|adhikari2019|kawana2017|morck2022|nandwani2025|pathak2026|sarkar2020|sommese2013,,Scaling recomputed in retained cohort; study deletion uses union of outcome sources.,0.431760894058,0.0574496376913,estimated,estimated,,,1,1,{},"{""delta_charge"":0.7302967433402214}"
C009,leave_one_variant_out,R453C,16,A797T|D239N|D778V|E497D|F834L|G741R|G768R|H251N|I457T|L781P|R249Q|R403Q|R663H|R719W|S782N|Y115H,R453C,adhikari2016|adhikari2019|kawana2017|morck2022|nag2015|nandwani2025|pathak2026|sarkar2020,,Scaling recomputed in retained cohort; study deletion uses union of outcome sources.,0.288173066721,-0.0810413084575,estimated,estimated,,,1,1,{},"{""delta_charge"":0.7302967433402214}"
C009,leave_one_variant_out,R663H,16,A797T|D239N|D778V|E497D|F834L|G741R|G768R|H251N|I457T|L781P|R249Q|R403Q|R453C|R719W|S782N|Y115H,R663H,adhikari2016|adhikari2019|kawana2017|morck2022|nag2015|nandwani2025|pathak2026|sommese2013,,Scaling recomputed in retained cohort; study deletion uses union of outcome sources.,0.344242218698,-0.0405888102986,estimated,estimated,,,1,1,{},"{""delta_charge"":0.7302967433402214}"
C009,leave_one_variant_out,R719W,16,A797T|D239N|D778V|E497D|F834L|G741R|G768R|H251N|I457T|L781P|R249Q|R403Q|R453C|R663H|S782N|Y115H,R719W,adhikari2016|adhikari2019|kawana2017|morck2022|nag2015|nandwani2025|pathak2026|sarkar2020|sommese2013,,Scaling recomputed in retained cohort; study deletion uses union of outcome sources.,0.339379512057,-0.0453038153605,estimated,estimated,,,1,1,{},"{""delta_charge"":0.7302967433402214}"
C009,leave_one_variant_out,S782N,16,A797T|D239N|D778V|E497D|F834L|G741R|G768R|H251N|I457T|L781P|R249Q|R403Q|R453C|R663H|R719W|Y115H,S782N,adhikari2016|adhikari2019|kawana2017|morck2022|nag2015|nandwani2025|pathak2026|sarkar2020|sommese2013,,Scaling recomputed in retained cohort; study deletion uses union of outcome sources.,0.344133156408,-0.0260770202542,estimated,estimated,,,1,1,{},"{""delta_charge"":0.7719024117939607}"
C009,leave_one_variant_out,Y115H,16,A797T|D239N|D778V|E497D|F834L|G741R|G768R|H251N|I457T|L781P|R249Q|R403Q|R453C|R663H|R719W|S782N,Y115H,adhikari2016|adhikari2019|kawana2017|morck2022|nag2015|nandwani2025|pathak2026|sarkar2020|sommese2013,,Scaling recomputed in retained cohort; study deletion uses union of outcome sources.,0.344935898657,-0.0256022627637,estimated,estimated,,,1,1,{},"{""delta_charge"":0.7719024117939607}"
C009,leave_one_study_out,adhikari2016,15,A797T|D778V|E497D|F834L|G741R|G768R|I457T|L781P|R249Q|R403Q|R453C|R663H|R719W|S782N|Y115H,D239N|H251N,adhikari2019|kawana2017|morck2022|nag2015|nandwani2025|pathak2026|sarkar2020|sommese2013,,Scaling recomputed in retained cohort; study deletion uses union of outcome sources.,0.357702665634,-0.0215384423082,estimated,estimated,,,1,1,{},"{""delta_charge"":0.7432233529572065}"
C009,leave_one_study_out,adhikari2019,15,A797T|D239N|D778V|E497D|F834L|G741R|G768R|H251N|L781P|R403Q|R453C|R663H|R719W|S782N|Y115H,I457T|R249Q,adhikari2016|kawana2017|morck2022|nag2015|nandwani2025|pathak2026|sarkar2020|sommese2013,,Scaling recomputed in retained cohort; study deletion uses union of outcome sources.,0.297857865977,-0.112714362493,estimated,estimated,,,1,1,{},"{""delta_charge"":0.7559289460184544}"
C009,leave_one_study_out,kawana2017,15,A797T|D239N|D778V|E497D|F834L|G768R|H251N|I457T|L781P|R249Q|R403Q|R453C|R663H|S782N|Y115H,G741R|R719W,adhikari2016|adhikari2019|morck2022|nag2015|nandwani2025|pathak2026|sarkar2020|sommese2013,,Scaling recomputed in retained cohort; study deletion uses union of outcome sources.,0.387205889864,-0.0215075293631,estimated,estimated,,,1,1,{},"{""delta_charge"":0.7037315505489968}"
C009,leave_one_study_out,morck2022,12,D239N|E497D|G741R|G768R|H251N|I457T|R249Q|R403Q|R453C|R663H|R719W|Y115H,A797T|D778V|F834L|L781P|S782N,adhikari2016|adhikari2019|kawana2017|nag2015|nandwani2025|pathak2026|sarkar2020|sommese2013,,Scaling recomputed in retained cohort; study deletion uses union of outcome sources.,0.427321348573,0.0194425975475,estimated,estimated,,,1,1,{},"{""delta_charge"":0.834847109936722}"
C009,leave_one_study_out,nag2015,16,A797T|D239N|D778V|E497D|F834L|G741R|G768R|H251N|I457T|L781P|R249Q|R453C|R663H|R719W|S782N|Y115H,R403Q,adhikari2016|adhikari2019|kawana2017|morck2022|nandwani2025|pathak2026|sarkar2020|sommese2013,,Scaling recomputed in retained cohort; study deletion uses union of outcome sources.,0.431760894058,0.0574496376913,estimated,estimated,,,1,1,{},"{""delta_charge"":0.7302967433402214}"
C009,leave_one_study_out,nandwani2025,15,A797T|D239N|D778V|F834L|G741R|G768R|H251N|I457T|L781P|R249Q|R403Q|R453C|R663H|R719W|S782N,E497D|Y115H,adhikari2016|adhikari2019|kawana2017|morck2022|nag2015|pathak2026|sarkar2020|sommese2013,,Scaling recomputed in retained cohort; study deletion uses union of outcome sources.,0.337317032757,-0.057640546212,estimated,estimated,,,1,1,{},"{""delta_charge"":0.7988086367179803}"
C009,leave_one_study_out,pathak2026,16,A797T|D239N|D778V|E497D|F834L|G741R|H251N|I457T|L781P|R249Q|R403Q|R453C|R663H|R719W|S782N|Y115H,G768R,adhikari2016|adhikari2019|kawana2017|morck2022|nag2015|nandwani2025|sarkar2020|sommese2013,,Scaling recomputed in retained cohort; study deletion uses union of outcome sources.,0.431939322362,0.0533803691079,estimated,estimated,,,1,1,{},"{""delta_charge"":0.7187952884282609}"
C009,leave_one_study_out,sarkar2020,16,A797T|D239N|D778V|E497D|F834L|G741R|G768R|H251N|I457T|L781P|R249Q|R403Q|R453C|R719W|S782N|Y115H,R663H,adhikari2016|adhikari2019|kawana2017|morck2022|nag2015|nandwani2025|pathak2026|sommese2013,,Scaling recomputed in retained cohort; study deletion uses union of outcome sources.,0.344242218698,-0.0405888102986,estimated,estimated,,,1,1,{},"{""delta_charge"":0.7302967433402214}"
C009,leave_one_study_out,sommese2013,16,A797T|D239N|D778V|E497D|F834L|G741R|G768R|H251N|I457T|L781P|R249Q|R403Q|R663H|R719W|S782N|Y115H,R453C,adhikari2016|adhikari2019|kawana2017|morck2022|nag2015|nandwani2025|pathak2026|sarkar2020,,Scaling recomputed in retained cohort; study deletion uses union of outcome sources.,0.288173066721,-0.0810413084575,estimated,estimated,,,1,1,{},"{""delta_charge"":0.7302967433402214}"
C010,leave_one_variant_out,A797T,16,D239N|D778V|E497D|F834L|G741R|G768R|H251N|I457T|L781P|R249Q|R403Q|R453C|R663H|R719W|S782N|Y115H,A797T,adhikari2016|adhikari2019|kawana2017|morck2022|nag2015|nandwani2025|pathak2026|sarkar2020|sommese2013,,Scaling recomputed in retained cohort; study deletion uses union of outcome sources.,0.441116110225,0.0289557348009,estimated,estimated,,,1,1,{},"{""grantham_distance"":48.00138886879559}"
C010,leave_one_variant_out,D239N,16,A797T|D778V|E497D|F834L|G741R|G768R|H251N|I457T|L781P|R249Q|R403Q|R453C|R663H|R719W|S782N|Y115H,D239N,adhikari2016|adhikari2019|kawana2017|morck2022|nag2015|nandwani2025|pathak2026|sarkar2020|sommese2013,,Scaling recomputed in retained cohort; study deletion uses union of outcome sources.,0.397945271674,-0.0255477032683,estimated,estimated,,,1,1,{},"{""grantham_distance"":46.01118523431739}"
C010,leave_one_variant_out,D778V,16,A797T|D239N|E497D|F834L|G741R|G768R|H251N|I457T|L781P|R249Q|R403Q|R453C|R663H|R719W|S782N|Y115H,D778V,adhikari2016|adhikari2019|kawana2017|morck2022|nag2015|nandwani2025|pathak2026|sarkar2020|sommese2013,,Scaling recomputed in retained cohort; study deletion uses union of outcome sources.,0.487552869871,0.077902880528,estimated,estimated,,,1,1,{},"{""grantham_distance"":44.13294309998673}"
C010,leave_one_variant_out,E497D,16,A797T|D239N|D778V|F834L|G741R|G768R|H251N|I457T|L781P|R249Q|R403Q|R453C|R663H|R719W|S782N|Y115H,E497D,adhikari2016|adhikari2019|kawana2017|morck2022|nag2015|nandwani2025|pathak2026|sarkar2020|sommese2013,,Scaling recomputed in retained cohort; study deletion uses union of outcome sources.,0.403195268159,-0.0347957694273,estimated,estimated,,,1,1,{},"{""grantham_distance"":47.48574347457701}"
C010,leave_one_variant_out,F834L,16,A797T|D239N|D778V|E497D|G741R|G768R|H251N|I457T|L781P|R249Q|R403Q|R453C|R663H|R719W|S782N|Y115H,F834L,adhikari2016|adhikari2019|kawana2017|morck2022|nag2015|nandwani2025|pathak2026|sarkar2020|sommese2013,,Scaling recomputed in retained cohort; study deletion uses union of outcome sources.,0.439652010417,0.0202788329768,estimated,estimated,,,1,1,{},"{""grantham_distance"":45.92530166839771}"
C010,leave_one_variant_out,G741R,16,A797T|D239N|D778V|E497D|F834L|G768R|H251N|I457T|L781P|R249Q|R403Q|R453C|R663H|R719W|S782N|Y115H,G741R,adhikari2016|adhikari2019|kawana2017|morck2022|nag2015|nandwani2025|pathak2026|sarkar2020|sommese2013,,Scaling recomputed in retained cohort; study deletion uses union of outcome sources.,0.398829357717,-0.0323181374272,estimated,estimated,,,1,1,{},"{""grantham_distance"":46.67150272561048}"
C010,leave_one_variant_out,G768R,16,A797T|D239N|D778V|E497D|F834L|G741R|H251N|I457T|L781P|R249Q|R403Q|R453C|R663H|R719W|S782N|Y115H,G768R,adhikari2016|adhikari2019|kawana2017|morck2022|nag2015|nandwani2025|sarkar2020|sommese2013,,Scaling recomputed in retained cohort; study deletion uses union of outcome sources.,0.372463476721,-0.0622746339439,estimated,estimated,,,1,1,{},"{""grantham_distance"":46.67150272561048}"
C010,leave_one_variant_out,H251N,16,A797T|D239N|D778V|E497D|F834L|G741R|G768R|I457T|L781P|R249Q|R403Q|R453C|R663H|R719W|S782N|Y115H,H251N,adhikari2016|adhikari2019|kawana2017|morck2022|nag2015|nandwani2025|pathak2026|sarkar2020|sommese2013,,Scaling recomputed in retained cohort; study deletion uses union of outcome sources.,0.413035443336,0.00213456212255,estimated,estimated,,,1,1,{},"{""grantham_distance"":48.22568471952126}"
C010,leave_one_variant_out,I457T,16,A797T|D239N|D778V|E497D|F834L|G741R|G768R|H251N|L781P|R249Q|R403Q|R453C|R663H|R719W|S782N|Y115H,I457T,adhikari2016|adhikari2019|kawana2017|morck2022|nag2015|nandwani2025|pathak2026|sarkar2020|sommese2013,,Scaling recomputed in retained cohort; study deletion uses union of outcome sources.,0.485486069481,0.0703203635682,estimated,estimated,,,1,1,{},"{""grantham_distance"":48.21751929191989}"
C010,leave_one_variant_out,L781P,16,A797T|D239N|D778V|E497D|F834L|G741R|G768R|H251N|I457T|R249Q|R403Q|R453C|R663H|R719W|S782N|Y115H,L781P,adhikari2016|adhikari2019|kawana2017|morck2022|nag2015|nandwani2025|pathak2026|sarkar2020|sommese2013,,Scaling recomputed in retained cohort; study deletion uses union of outcome sources.,0.416287900695,-0.00017304065093,estimated,estimated,,,1,1,{},"{""grantham_distance"":48.01527534719203}"
C010,leave_one_variant_out,R249Q,16,A797T|D239N|D778V|E497D|F834L|G741R|G768R|H251N|I457T|L781P|R403Q|R453C|R663H|R719W|S782N|Y115H,R249Q,adhikari2016|adhikari2019|kawana2017|morck2022|nag2015|nandwani2025|pathak2026|sarkar2020|sommese2013,,Scaling recomputed in retained cohort; study deletion uses union of outcome sources.,0.510820862775,0.102733547209,estimated,estimated,,,1,1,{},"{""grantham_distance"":47.38349747890433}"
C010,leave_one_variant_out,R403Q,16,A797T|D239N|D778V|E497D|F834L|G741R|G768R|H251N|I457T|L781P|R249Q|R453C|R663H|R719W|S782N|Y115H,R403Q,adhikari2016|adhikari2019|kawana2017|morck2022|nandwani2025|pathak2026|sarkar2020|sommese2013,,Scaling recomputed in retained cohort; study deletion uses union of outcome sources.,0.402949757083,-0.0174997517203,estimated,estimated,,,1,1,{},"{""grantham_distance"":47.38349747890433}"
C010,leave_one_variant_out,R453C,16,A797T|D239N|D778V|E497D|F834L|G741R|G768R|H251N|I457T|L781P|R249Q|R403Q|R663H|R719W|S782N|Y115H,R453C,adhikari2016|adhikari2019|kawana2017|morck2022|nag2015|nandwani2025|pathak2026|sarkar2020,,Scaling recomputed in retained cohort; study deletion uses union of outcome sources.,0.341487236897,-0.0536715227427,estimated,estimated,,,1,1,{},"{""grantham_distance"":39.99479132753831}"
C010,leave_one_variant_out,R663H,16,A797T|D239N|D778V|E497D|F834L|G741R|G768R|H251N|I457T|L781P|R249Q|R403Q|R453C|R719W|S782N|Y115H,R663H,adhikari2016|adhikari2019|kawana2017|morck2022|nag2015|nandwani2025|pathak2026|sommese2013,,Scaling recomputed in retained cohort; study deletion uses union of outcome sources.,0.456423501356,0.0394394795314,estimated,estimated,,,1,1,{},"{""grantham_distance"":46.491172997319254}"
C010,leave_one_variant_out,R719W,16,A797T|D239N|D778V|E497D|F834L|G741R|G768R|H251N|I457T|L781P|R249Q|R403Q|R453C|R663H|S782N|Y115H,R719W,adhikari2016|adhikari2019|kawana2017|morck2022|nag2015|nandwani2025|pathak2026|sarkar2020|sommese2013,,Scaling recomputed in retained cohort; study deletion uses union of outcome sources.,0.412466982342,-0.00610773678366,estimated,estimated,,,1,1,{},"{""grantham_distance"":47.921072261236674}"
C010,leave_one_variant_out,S782N,16,A797T|D239N|D778V|E497D|F834L|G741R|G768R|H251N|I457T|L781P|R249Q|R403Q|R453C|R663H|R719W|Y115H,S782N,adhikari2016|adhikari2019|kawana2017|morck2022|nag2015|nandwani2025|pathak2026|sarkar2020|sommese2013,,Scaling recomputed in retained cohort; study deletion uses union of outcome sources.,0.428722304826,0.0136035268612,estimated,estimated,,,1,1,{},"{""grantham_distance"":47.53454883906371}"
C010,leave_one_variant_out,Y115H,16,A797T|D239N|D778V|E497D|F834L|G741R|G768R|H251N|I457T|L781P|R249Q|R403Q|R453C|R663H|R719W|S782N,Y115H,adhikari2016|adhikari2019|kawana2017|morck2022|nag2015|nandwani2025|pathak2026|sarkar2020|sommese2013,,Scaling recomputed in retained cohort; study deletion uses union of outcome sources.,0.420956077221,0.010954087308,estimated,estimated,,,1,1,{},"{""grantham_distance"":48.28591064344408}"
C010,leave_one_study_out,adhikari2016,15,A797T|D778V|E497D|F834L|G741R|G768R|I457T|L781P|R249Q|R403Q|R453C|R663H|R719W|S782N|Y115H,D239N|H251N,adhikari2019|kawana2017|morck2022|nag2015|nandwani2025|pathak2026|sarkar2020|sommese2013,,Scaling recomputed in retained cohort; study deletion uses union of outcome sources.,0.389205753222,-0.0421487878096,estimated,estimated,,,1,1,{},"{""grantham_distance"":47.47600897897198}"
C010,leave_one_study_out,adhikari2019,15,A797T|D239N|D778V|E497D|F834L|G741R|G768R|H251N|L781P|R403Q|R453C|R663H|R719W|S782N|Y115H,I457T|R249Q,adhikari2016|kawana2017|morck2022|nag2015|nandwani2025|pathak2026|sarkar2020|sommese2013,,Scaling recomputed in retained cohort; study deletion uses union of outcome sources.,0.596450329755,0.200664218225,estimated,estimated,,,1,1,{},"{""grantham_distance"":48.98960045133}"
C010,leave_one_study_out,kawana2017,15,A797T|D239N|D778V|E497D|F834L|G768R|H251N|I457T|L781P|R249Q|R403Q|R453C|R663H|S782N|Y115H,G741R|R719W,adhikari2016|adhikari2019|morck2022|nag2015|nandwani2025|pathak2026|sarkar2020|sommese2013,,Scaling recomputed in retained cohort; study deletion uses union of outcome sources.,0.397449423991,-0.0496462652538,estimated,estimated,,,1,1,{},"{""grantham_distance"":47.78642963376587}"
C010,leave_one_study_out,morck2022,12,D239N|E497D|G741R|G768R|H251N|I457T|R249Q|R403Q|R453C|R663H|R719W|Y115H,A797T|D778V|F834L|L781P|S782N,adhikari2016|adhikari2019|kawana2017|nag2015|nandwani2025|pathak2026|sarkar2020|sommese2013,,Scaling recomputed in retained cohort; study deletion uses union of outcome sources.,0.563990923841,0.138694050538,estimated,estimated,,,1,1,{},"{""grantham_distance"":47.22768833485867}"
C010,leave_one_study_out,nag2015,16,A797T|D239N|D778V|E497D|F834L|G741R|G768R|H251N|I457T|L781P|R249Q|R453C|R663H|R719W|S782N|Y115H,R403Q,adhikari2016|adhikari2019|kawana2017|morck2022|nandwani2025|pathak2026|sarkar2020|sommese2013,,Scaling recomputed in retained cohort; study deletion uses union of outcome sources.,0.402949757083,-0.0174997517203,estimated,estimated,,,1,1,{},"{""grantham_distance"":47.38349747890433}"
C010,leave_one_study_out,nandwani2025,15,A797T|D239N|D778V|F834L|G741R|G768R|H251N|I457T|L781P|R249Q|R403Q|R453C|R663H|R719W|S782N,E497D|Y115H,adhikari2016|adhikari2019|kawana2017|morck2022|nag2015|pathak2026|sarkar2020|sommese2013,,Scaling recomputed in retained cohort; study deletion uses union of outcome sources.,0.407784022483,-0.0322303145485,estimated,estimated,,,1,1,{},"{""grantham_distance"":49.146816008868}"
C010,leave_one_study_out,pathak2026,16,A797T|D239N|D778V|E497D|F834L|G741R|H251N|I457T|L781P|R249Q|R403Q|R453C|R663H|R719W|S782N|Y115H,G768R,adhikari2016|adhikari2019|kawana2017|morck2022|nag2015|nandwani2025|sarkar2020|sommese2013,,Scaling recomputed in retained cohort; study deletion uses union of outcome sources.,0.372463476721,-0.0622746339439,estimated,estimated,,,1,1,{},"{""grantham_distance"":46.67150272561048}"
C010,leave_one_study_out,sarkar2020,16,A797T|D239N|D778V|E497D|F834L|G741R|G768R|H251N|I457T|L781P|R249Q|R403Q|R453C|R719W|S782N|Y115H,R663H,adhikari2016|adhikari2019|kawana2017|morck2022|nag2015|nandwani2025|pathak2026|sommese2013,,Scaling recomputed in retained cohort; study deletion uses union of outcome sources.,0.456423501356,0.0394394795314,estimated,estimated,,,1,1,{},"{""grantham_distance"":46.491172997319254}"
C010,leave_one_study_out,sommese2013,16,A797T|D239N|D778V|E497D|F834L|G741R|G768R|H251N|I457T|L781P|R249Q|R403Q|R663H|R719W|S782N|Y115H,R453C,adhikari2016|adhikari2019|kawana2017|morck2022|nag2015|nandwani2025|pathak2026|sarkar2020,,Scaling recomputed in retained cohort; study deletion uses union of outcome sources.,0.341487236897,-0.0536715227427,estimated,estimated,,,1,1,{},"{""grantham_distance"":39.99479132753831}"
C011,leave_one_variant_out,A797T,16,D239N|D778V|E497D|F834L|G741R|G768R|H251N|I457T|L781P|R249Q|R403Q|R453C|R663H|R719W|S782N|Y115H,A797T,adhikari2016|adhikari2019|kawana2017|morck2022|nag2015|nandwani2025|pathak2026|sarkar2020|sommese2013,,Scaling recomputed in retained cohort; study deletion uses union of outcome sources.,0.435130512445,0.0453338445586,estimated,estimated,,,1,1,{},"{""catalytic_motif_min_ca_distance_8act_mean_ab"":19.974048462950332}"
C011,leave_one_variant_out,D239N,16,A797T|D778V|E497D|F834L|G741R|G768R|H251N|I457T|L781P|R249Q|R403Q|R453C|R663H|R719W|S782N|Y115H,D239N,adhikari2016|adhikari2019|kawana2017|morck2022|nag2015|nandwani2025|pathak2026|sarkar2020|sommese2013,,Scaling recomputed in retained cohort; study deletion uses union of outcome sources.,0.414211605568,0.0255879959525,estimated,estimated,,,1,1,{},"{""catalytic_motif_min_ca_distance_8act_mean_ab"":19.323448102307275}"
C011,leave_one_variant_out,D778V,16,A797T|D239N|E497D|F834L|G741R|G768R|H251N|I457T|L781P|R249Q|R403Q|R453C|R663H|R719W|S782N|Y115H,D778V,adhikari2016|adhikari2019|kawana2017|morck2022|nag2015|nandwani2025|pathak2026|sarkar2020|sommese2013,,Scaling recomputed in retained cohort; study deletion uses union of outcome sources.,0.463944182387,0.0884501362423,estimated,estimated,,,1,1,{},"{""catalytic_motif_min_ca_distance_8act_mean_ab"":20.83724285918141}"
C011,leave_one_variant_out,E497D,16,A797T|D239N|D778V|F834L|G741R|G768R|H251N|I457T|L781P|R249Q|R403Q|R453C|R663H|R719W|S782N|Y115H,E497D,adhikari2016|adhikari2019|kawana2017|morck2022|nag2015|nandwani2025|pathak2026|sarkar2020|sommese2013,,Scaling recomputed in retained cohort; study deletion uses union of outcome sources.,0.472903337135,0.0705142493318,estimated,estimated,,,1,1,{},"{""catalytic_motif_min_ca_distance_8act_mean_ab"":20.800221744118687}"
C011,leave_one_variant_out,F834L,16,A797T|D239N|D778V|E497D|G741R|G768R|H251N|I457T|L781P|R249Q|R403Q|R453C|R663H|R719W|S782N|Y115H,F834L,adhikari2016|adhikari2019|kawana2017|morck2022|nag2015|nandwani2025|pathak2026|sarkar2020|sommese2013,,Scaling recomputed in retained cohort; study deletion uses union of outcome sources.,0.464726541993,0.061524766442,estimated,estimated,,,1,1,{},"{""catalytic_motif_min_ca_distance_8act_mean_ab"":14.485008840570595}"
C011,leave_one_variant_out,G741R,16,A797T|D239N|D778V|E497D|F834L|G768R|H251N|I457T|L781P|R249Q|R403Q|R453C|R663H|R719W|S782N|Y115H,G741R,adhikari2016|adhikari2019|kawana2017|morck2022|nag2015|nandwani2025|pathak2026|sarkar2020|sommese2013,,Scaling recomputed in retained cohort; study deletion uses union of outcome sources.,0.439173817325,0.0521619038508,estimated,estimated,,,1,1,{},"{""catalytic_motif_min_ca_distance_8act_mean_ab"":20.56036079865603}"
C011,leave_one_variant_out,G768R,16,A797T|D239N|D778V|E497D|F834L|G741R|H251N|I457T|L781P|R249Q|R403Q|R453C|R663H|R719W|S782N|Y115H,G768R,adhikari2016|adhikari2019|kawana2017|morck2022|nag2015|nandwani2025|sarkar2020|sommese2013,,Scaling recomputed in retained cohort; study deletion uses union of outcome sources.,0.474650510123,0.0917603834988,estimated,estimated,,,1,1,{},"{""catalytic_motif_min_ca_distance_8act_mean_ab"":20.872827204519783}"
C011,leave_one_variant_out,H251N,16,A797T|D239N|D778V|E497D|F834L|G741R|G768R|I457T|L781P|R249Q|R403Q|R453C|R663H|R719W|S782N|Y115H,H251N,adhikari2016|adhikari2019|kawana2017|morck2022|nag2015|nandwani2025|pathak2026|sarkar2020|sommese2013,,Scaling recomputed in retained cohort; study deletion uses union of outcome sources.,0.464064567922,0.0705960704058,estimated,estimated,,,1,1,{},"{""catalytic_motif_min_ca_distance_8act_mean_ab"":20.562379148510246}"
C011,leave_one_variant_out,I457T,16,A797T|D239N|D778V|E497D|F834L|G741R|G768R|H251N|L781P|R249Q|R403Q|R453C|R663H|R719W|S782N|Y115H,I457T,adhikari2016|adhikari2019|kawana2017|morck2022|nag2015|nandwani2025|pathak2026|sarkar2020|sommese2013,,Scaling recomputed in retained cohort; study deletion uses union of outcome sources.,0.429150332775,0.0146124769081,estimated,estimated,,,1,1,{},"{""catalytic_motif_min_ca_distance_8act_mean_ab"":20.413588069085513}"
C011,leave_one_variant_out,L781P,16,A797T|D239N|D778V|E497D|F834L|G741R|G768R|H251N|I457T|R249Q|R403Q|R453C|R663H|R719W|S782N|Y115H,L781P,adhikari2016|adhikari2019|kawana2017|morck2022|nag2015|nandwani2025|pathak2026|sarkar2020|sommese2013,,Scaling recomputed in retained cohort; study deletion uses union of outcome sources.,0.442359198399,0.0548241329764,estimated,estimated,,,1,1,{},"{""catalytic_motif_min_ca_distance_8act_mean_ab"":20.736340669174833}"
C011,leave_one_variant_out,R249Q,16,A797T|D239N|D778V|E497D|F834L|G741R|G768R|H251N|I457T|L781P|R403Q|R453C|R663H|R719W|S782N|Y115H,R249Q,adhikari2016|adhikari2019|kawana2017|morck2022|nag2015|nandwani2025|pathak2026|sarkar2020|sommese2013,,Scaling recomputed in retained cohort; study deletion uses union of outcome sources.,0.525905569613,0.163938017826,estimated,estimated,,,1,1,{},"{""catalytic_motif_min_ca_distance_8act_mean_ab"":20.19212229711602}"
C011,leave_one_variant_out,R403Q,16,A797T|D239N|D778V|E497D|F834L|G741R|G768R|H251N|I457T|L781P|R249Q|R453C|R663H|R719W|S782N|Y115H,R403Q,adhikari2016|adhikari2019|kawana2017|morck2022|nandwani2025|pathak2026|sarkar2020|sommese2013,,Scaling recomputed in retained cohort; study deletion uses union of outcome sources.,0.480493087367,0.109332624227,estimated,estimated,,,1,1,{},"{""catalytic_motif_min_ca_distance_8act_mean_ab"":20.85719343455025}"
C011,leave_one_variant_out,R453C,16,A797T|D239N|D778V|E497D|F834L|G741R|G768R|H251N|I457T|L781P|R249Q|R403Q|R663H|R719W|S782N|Y115H,R453C,adhikari2016|adhikari2019|kawana2017|morck2022|nag2015|nandwani2025|pathak2026|sarkar2020,,Scaling recomputed in retained cohort; study deletion uses union of outcome sources.,0.48714311007,0.10371917133,estimated,estimated,,,1,1,{},"{""catalytic_motif_min_ca_distance_8act_mean_ab"":20.76410478120334}"
C011,leave_one_variant_out,R663H,16,A797T|D239N|D778V|E497D|F834L|G741R|G768R|H251N|I457T|L781P|R249Q|R403Q|R453C|R719W|S782N|Y115H,R663H,adhikari2016|adhikari2019|kawana2017|morck2022|nag2015|nandwani2025|pathak2026|sommese2013,,Scaling recomputed in retained cohort; study deletion uses union of outcome sources.,0.506411855154,0.129371592165,estimated,estimated,,,1,1,{},"{""catalytic_motif_min_ca_distance_8act_mean_ab"":20.573579382549823}"
C011,leave_one_variant_out,R719W,16,A797T|D239N|D778V|E497D|F834L|G741R|G768R|H251N|I457T|L781P|R249Q|R403Q|R453C|R663H|S782N|Y115H,R719W,adhikari2016|adhikari2019|kawana2017|morck2022|nag2015|nandwani2025|pathak2026|sarkar2020|sommese2013,,Scaling recomputed in retained cohort; study deletion uses union of outcome sources.,0.443337700102,0.0561002473741,estimated,estimated,,,1,1,{},"{""catalytic_motif_min_ca_distance_8act_mean_ab"":20.766876328770955}"
C011,leave_one_variant_out,S782N,16,A797T|D239N|D778V|E497D|F834L|G741R|G768R|H251N|I457T|L781P|R249Q|R403Q|R453C|R663H|R719W|Y115H,S782N,adhikari2016|adhikari2019|kawana2017|morck2022|nag2015|nandwani2025|pathak2026|sarkar2020|sommese2013,,Scaling recomputed in retained cohort; study deletion uses union of outcome sources.,0.449370961851,0.0650654474154,estimated,estimated,,,1,1,{},"{""catalytic_motif_min_ca_distance_8act_mean_ab"":20.740447684320163}"
C011,leave_one_variant_out,Y115H,16,A797T|D239N|D778V|E497D|F834L|G741R|G768R|H251N|I457T|L781P|R249Q|R403Q|R453C|R663H|R719W|S782N,Y115H,adhikari2016|adhikari2019|kawana2017|morck2022|nag2015|nandwani2025|pathak2026|sarkar2020|sommese2013,,Scaling recomputed in retained cohort; study deletion uses union of outcome sources.,0.509787485232,0.129678638998,estimated,estimated,,,1,1,{},"{""catalytic_motif_min_ca_distance_8act_mean_ab"":20.34222928682121}"
C011,leave_one_study_out,adhikari2016,15,A797T|D778V|E497D|F834L|G741R|G768R|I457T|L781P|R249Q|R403Q|R453C|R663H|R719W|S782N|Y115H,D239N|H251N,adhikari2019|kawana2017|morck2022|nag2015|nandwani2025|pathak2026|sarkar2020|sommese2013,,Scaling recomputed in retained cohort; study deletion uses union of outcome sources.,0.425577075661,0.0180700007436,estimated,estimated,,,1,1,{},"{""catalytic_motif_min_ca_distance_8act_mean_ab"":19.53734387698837}"
C011,leave_one_study_out,adhikari2019,15,A797T|D239N|D778V|E497D|F834L|G741R|G768R|H251N|L781P|R403Q|R453C|R663H|R719W|S782N|Y115H,I457T|R249Q,adhikari2016|kawana2017|morck2022|nag2015|nandwani2025|pathak2026|sarkar2020|sommese2013,,Scaling recomputed in retained cohort; study deletion uses union of outcome sources.,0.481367517802,0.0679794004877,estimated,estimated,,,1,1,{},"{""catalytic_motif_min_ca_distance_8act_mean_ab"":20.317409761075155}"
C011,leave_one_study_out,kawana2017,15,A797T|D239N|D778V|E497D|F834L|G768R|H251N|I457T|L781P|R249Q|R403Q|R453C|R663H|S782N|Y115H,G741R|R719W,adhikari2016|adhikari2019|morck2022|nag2015|nandwani2025|pathak2026|sarkar2020|sommese2013,,Scaling recomputed in retained cohort; study deletion uses union of outcome sources.,0.422839092121,0.0262955139875,estimated,estimated,,,1,1,{},"{""catalytic_motif_min_ca_distance_8act_mean_ab"":21.1343527365647}"
C011,leave_one_study_out,morck2022,12,D239N|E497D|G741R|G768R|H251N|I457T|R249Q|R403Q|R453C|R663H|R719W|Y115H,A797T|D778V|F834L|L781P|S782N,adhikari2016|adhikari2019|kawana2017|nag2015|nandwani2025|pathak2026|sarkar2020|sommese2013,,Scaling recomputed in retained cohort; study deletion uses union of outcome sources.,0.40957722856,-0.0562207345176,estimated,estimated,,,1,1,{},"{""catalytic_motif_min_ca_distance_8act_mean_ab"":12.605715134011856}"
C011,leave_one_study_out,nag2015,16,A797T|D239N|D778V|E497D|F834L|G741R|G768R|H251N|I457T|L781P|R249Q|R453C|R663H|R719W|S782N|Y115H,R403Q,adhikari2016|adhikari2019|kawana2017|morck2022|nandwani2025|pathak2026|sarkar2020|sommese2013,,Scaling recomputed in retained cohort; study deletion uses union of outcome sources.,0.480493087367,0.109332624227,estimated,estimated,,,1,1,{},"{""catalytic_motif_min_ca_distance_8act_mean_ab"":20.85719343455025}"
C011,leave_one_study_out,nandwani2025,15,A797T|D239N|D778V|F834L|G741R|G768R|H251N|I457T|L781P|R249Q|R403Q|R453C|R663H|R719W|S782N,E497D|Y115H,adhikari2016|adhikari2019|kawana2017|morck2022|nag2015|pathak2026|sarkar2020|sommese2013,,Scaling recomputed in retained cohort; study deletion uses union of outcome sources.,0.524659046407,0.118957283805,estimated,estimated,,,1,1,{},"{""catalytic_motif_min_ca_distance_8act_mean_ab"":20.939429594434614}"
C011,leave_one_study_out,pathak2026,16,A797T|D239N|D778V|E497D|F834L|G741R|H251N|I457T|L781P|R249Q|R403Q|R453C|R663H|R719W|S782N|Y115H,G768R,adhikari2016|adhikari2019|kawana2017|morck2022|nag2015|nandwani2025|sarkar2020|sommese2013,,Scaling recomputed in retained cohort; study deletion uses union of outcome sources.,0.474650510123,0.0917603834988,estimated,estimated,,,1,1,{},"{""catalytic_motif_min_ca_distance_8act_mean_ab"":20.872827204519783}"
C011,leave_one_study_out,sarkar2020,16,A797T|D239N|D778V|E497D|F834L|G741R|G768R|H251N|I457T|L781P|R249Q|R403Q|R453C|R719W|S782N|Y115H,R663H,adhikari2016|adhikari2019|kawana2017|morck2022|nag2015|nandwani2025|pathak2026|sommese2013,,Scaling recomputed in retained cohort; study deletion uses union of outcome sources.,0.506411855154,0.129371592165,estimated,estimated,,,1,1,{},"{""catalytic_motif_min_ca_distance_8act_mean_ab"":20.573579382549823}"
C011,leave_one_study_out,sommese2013,16,A797T|D239N|D778V|E497D|F834L|G741R|G768R|H251N|I457T|L781P|R249Q|R403Q|R663H|R719W|S782N|Y115H,R453C,adhikari2016|adhikari2019|kawana2017|morck2022|nag2015|nandwani2025|pathak2026|sarkar2020,,Scaling recomputed in retained cohort; study deletion uses union of outcome sources.,0.48714311007,0.10371917133,estimated,estimated,,,1,1,{},"{""catalytic_motif_min_ca_distance_8act_mean_ab"":20.76410478120334}"
C012,leave_one_variant_out,A797T,13,D778V|E497D|F834L|G768R|H251N|I457T|L781P|R249Q|R403Q|R663H|R719W|S782N|Y115H,A797T,adhikari2016|adhikari2019|kawana2017|morck2022|nag2015|nandwani2025|pathak2026|sarkar2020,,Scaling recomputed in retained cohort; study deletion uses union of outcome sources.,0.565909000459,0.138880352296,estimated,estimated,,,1,1,{},"{""wt_site_rsa_8act_mean_ab"":0.19589005044908817}"
C012,leave_one_variant_out,D778V,13,A797T|E497D|F834L|G768R|H251N|I457T|L781P|R249Q|R403Q|R663H|R719W|S782N|Y115H,D778V,adhikari2016|adhikari2019|kawana2017|morck2022|nag2015|nandwani2025|pathak2026|sarkar2020,,Scaling recomputed in retained cohort; study deletion uses union of outcome sources.,0.511904660082,0.0926447614977,estimated,estimated,,,1,1,{},"{""wt_site_rsa_8act_mean_ab"":0.2015777586061597}"
C012,leave_one_variant_out,E497D,13,A797T|D778V|F834L|G768R|H251N|I457T|L781P|R249Q|R403Q|R663H|R719W|S782N|Y115H,E497D,adhikari2016|adhikari2019|kawana2017|morck2022|nag2015|nandwani2025|pathak2026|sarkar2020,,Scaling recomputed in retained cohort; study deletion uses union of outcome sources.,0.468153531002,-0.0353363075627,estimated,estimated,,,1,1,{},"{""wt_site_rsa_8act_mean_ab"":0.20013697377306353}"
C012,leave_one_variant_out,F834L,13,A797T|D778V|E497D|G768R|H251N|I457T|L781P|R249Q|R403Q|R663H|R719W|S782N|Y115H,F834L,adhikari2016|adhikari2019|kawana2017|morck2022|nag2015|nandwani2025|pathak2026|sarkar2020,,Scaling recomputed in retained cohort; study deletion uses union of outcome sources.,0.498555300059,0.059034975001,estimated,estimated,,,1,1,{},"{""wt_site_rsa_8act_mean_ab"":0.20378721658840904}"
C012,leave_one_variant_out,G768R,13,A797T|D778V|E497D|F834L|H251N|I457T|L781P|R249Q|R403Q|R663H|R719W|S782N|Y115H,G768R,adhikari2016|adhikari2019|kawana2017|morck2022|nag2015|nandwani2025|sarkar2020,,Scaling recomputed in retained cohort; study deletion uses union of outcome sources.,0.46302587706,0.0206492004903,estimated,estimated,,,1,1,{},"{""wt_site_rsa_8act_mean_ab"":0.165451904288467}"
C012,leave_one_variant_out,H251N,13,A797T|D778V|E497D|F834L|G768R|I457T|L781P|R249Q|R403Q|R663H|R719W|S782N|Y115H,H251N,adhikari2019|kawana2017|morck2022|nag2015|nandwani2025|pathak2026|sarkar2020,,Scaling recomputed in retained cohort; study deletion uses union of outcome sources.,0.483882131661,0.0248663696054,estimated,estimated,,,1,1,{},"{""wt_site_rsa_8act_mean_ab"":0.2005542652120628}"
C012,leave_one_variant_out,I457T,13,A797T|D778V|E497D|F834L|G768R|H251N|L781P|R249Q|R403Q|R663H|R719W|S782N|Y115H,I457T,adhikari2016|adhikari2019|kawana2017|morck2022|nag2015|nandwani2025|pathak2026|sarkar2020,,Scaling recomputed in retained cohort; study deletion uses union of outcome sources.,0.443932539853,-0.0183306139532,estimated,estimated,,,1,1,{},"{""wt_site_rsa_8act_mean_ab"":0.19325629323360716}"
C012,leave_one_variant_out,L781P,13,A797T|D778V|E497D|F834L|G768R|H251N|I457T|R249Q|R403Q|R663H|R719W|S782N|Y115H,L781P,adhikari2016|adhikari2019|kawana2017|morck2022|nag2015|nandwani2025|pathak2026|sarkar2020,,Scaling recomputed in retained cohort; study deletion uses union of outcome sources.,0.516249434333,0.0755597834328,estimated,estimated,,,1,1,{},"{""wt_site_rsa_8act_mean_ab"":0.2029042440915614}"
C012,leave_one_variant_out,R249Q,13,A797T|D778V|E497D|F834L|G768R|H251N|I457T|L781P|R403Q|R663H|R719W|S782N|Y115H,R249Q,adhikari2016|adhikari2019|kawana2017|morck2022|nag2015|nandwani2025|pathak2026|sarkar2020,,Scaling recomputed in retained cohort; study deletion uses union of outcome sources.,0.531424623589,0.0811861024084,estimated,estimated,,,1,1,{},"{""wt_site_rsa_8act_mean_ab"":0.20377007738241165}"
C012,leave_one_variant_out,R403Q,13,A797T|D778V|E497D|F834L|G768R|H251N|I457T|L781P|R249Q|R663H|R719W|S782N|Y115H,R403Q,adhikari2016|adhikari2019|kawana2017|morck2022|nandwani2025|pathak2026|sarkar2020,,Scaling recomputed in retained cohort; study deletion uses union of outcome sources.,0.506128639113,0.0713336510197,estimated,estimated,,,1,1,{},"{""wt_site_rsa_8act_mean_ab"":0.20356137322681886}"
C012,leave_one_variant_out,R663H,13,A797T|D778V|E497D|F834L|G768R|H251N|I457T|L781P|R249Q|R403Q|R719W|S782N|Y115H,R663H,adhikari2016|adhikari2019|kawana2017|morck2022|nag2015|nandwani2025|pathak2026,,Scaling recomputed in retained cohort; study deletion uses union of outcome sources.,0.534093260467,0.0235189992746,estimated,estimated,,,1,1,{},"{""wt_site_rsa_8act_mean_ab"":0.16635466807292257}"
C012,leave_one_variant_out,R719W,13,A797T|D778V|E497D|F834L|G768R|H251N|I457T|L781P|R249Q|R403Q|R663H|S782N|Y115H,R719W,adhikari2016|adhikari2019|morck2022|nag2015|nandwani2025|pathak2026|sarkar2020,,Scaling recomputed in retained cohort; study deletion uses union of outcome sources.,0.516200959913,0.0747270839979,estimated,estimated,,,1,1,{},"{""wt_site_rsa_8act_mean_ab"":0.20313528078811616}"
C012,leave_one_variant_out,S782N,13,A797T|D778V|E497D|F834L|G768R|H251N|I457T|L781P|R249Q|R403Q|R663H|R719W|Y115H,S782N,adhikari2016|adhikari2019|kawana2017|morck2022|nag2015|nandwani2025|pathak2026|sarkar2020,,Scaling recomputed in retained cohort; study deletion uses union of outcome sources.,0.496543658186,0.0550136338148,estimated,estimated,,,1,1,{},"{""wt_site_rsa_8act_mean_ab"":0.2002448523775076}"
C012,leave_one_variant_out,Y115H,13,A797T|D778V|E497D|F834L|G768R|H251N|I457T|L781P|R249Q|R403Q|R663H|R719W|S782N,Y115H,adhikari2016|adhikari2019|kawana2017|morck2022|nag2015|nandwani2025|pathak2026|sarkar2020,,Scaling recomputed in retained cohort; study deletion uses union of outcome sources.,0.541999380711,0.100397025957,estimated,estimated,,,1,1,{},"{""wt_site_rsa_8act_mean_ab"":0.1949798030887471}"
C012,leave_one_study_out,adhikari2016,13,A797T|D778V|E497D|F834L|G768R|I457T|L781P|R249Q|R403Q|R663H|R719W|S782N|Y115H,H251N,adhikari2019|kawana2017|morck2022|nag2015|nandwani2025|pathak2026|sarkar2020,,Scaling recomputed in retained cohort; study deletion uses union of outcome sources.,0.483882131661,0.0248663696054,estimated,estimated,,,1,1,{},"{""wt_site_rsa_8act_mean_ab"":0.2005542652120628}"
C012,leave_one_study_out,adhikari2019,12,A797T|D778V|E497D|F834L|G768R|H251N|L781P|R403Q|R663H|R719W|S782N|Y115H,I457T|R249Q,adhikari2016|kawana2017|morck2022|nag2015|nandwani2025|pathak2026|sarkar2020,,Scaling recomputed in retained cohort; study deletion uses union of outcome sources.,0.510408304796,0.0202366734672,estimated,estimated,,,1,1,{},"{""wt_site_rsa_8act_mean_ab"":0.2016733145939664}"
C012,leave_one_study_out,kawana2017,13,A797T|D778V|E497D|F834L|G768R|H251N|I457T|L781P|R249Q|R403Q|R663H|S782N|Y115H,R719W,adhikari2016|adhikari2019|morck2022|nag2015|nandwani2025|pathak2026|sarkar2020,,Scaling recomputed in retained cohort; study deletion uses union of outcome sources.,0.516200959913,0.0747270839979,estimated,estimated,,,1,1,{},"{""wt_site_rsa_8act_mean_ab"":0.20313528078811616}"
C012,leave_one_study_out,morck2022,9,E497D|G768R|H251N|I457T|R249Q|R403Q|R663H|R719W|Y115H,A797T|D778V|F834L|L781P|S782N,adhikari2016|adhikari2019|kawana2017|nag2015|nandwani2025|pathak2026|sarkar2020,,Scaling recomputed in retained cohort; study deletion uses union of outcome sources.,0.615945981288,0.211583658379,estimated,estimated,,,1,1,{},"{""wt_site_rsa_8act_mean_ab"":0.23265946510190544}"
C012,leave_one_study_out,nag2015,13,A797T|D778V|E497D|F834L|G768R|H251N|I457T|L781P|R249Q|R663H|R719W|S782N|Y115H,R403Q,adhikari2016|adhikari2019|kawana2017|morck2022|nandwani2025|pathak2026|sarkar2020,,Scaling recomputed in retained cohort; study deletion uses union of outcome sources.,0.506128639113,0.0713336510197,estimated,estimated,,,1,1,{},"{""wt_site_rsa_8act_mean_ab"":0.20356137322681886}"
C012,leave_one_study_out,nandwani2025,12,A797T|D778V|F834L|G768R|H251N|I457T|L781P|R249Q|R403Q|R663H|R719W|S782N,E497D|Y115H,adhikari2016|adhikari2019|kawana2017|morck2022|nag2015|pathak2026|sarkar2020,,Scaling recomputed in retained cohort; study deletion uses union of outcome sources.,0.50670092093,-0.0206214756435,estimated,estimated,,,1,1,{},"{""wt_site_rsa_8act_mean_ab"":0.198607660813996}"
C012,leave_one_study_out,pathak2026,13,A797T|D778V|E497D|F834L|H251N|I457T|L781P|R249Q|R403Q|R663H|R719W|S782N|Y115H,G768R,adhikari2016|adhikari2019|kawana2017|morck2022|nag2015|nandwani2025|sarkar2020,,Scaling recomputed in retained cohort; study deletion uses union of outcome sources.,0.46302587706,0.0206492004903,estimated,estimated,,,1,1,{},"{""wt_site_rsa_8act_mean_ab"":0.165451904288467}"
C012,leave_one_study_out,sarkar2020,13,A797T|D778V|E497D|F834L|G768R|H251N|I457T|L781P|R249Q|R403Q|R719W|S782N|Y115H,R663H,adhikari2016|adhikari2019|kawana2017|morck2022|nag2015|nandwani2025|pathak2026,,Scaling recomputed in retained cohort; study deletion uses union of outcome sources.,0.534093260467,0.0235189992746,estimated,estimated,,,1,1,{},"{""wt_site_rsa_8act_mean_ab"":0.16635466807292257}"
C013,leave_one_variant_out,A797T,13,D778V|E497D|F834L|G768R|H251N|I457T|L781P|R249Q|R403Q|R663H|R719W|S782N|Y115H,A797T,adhikari2016|adhikari2019|kawana2017|morck2022|nag2015|nandwani2025|pathak2026|sarkar2020,,Scaling recomputed in retained cohort; study deletion uses union of outcome sources.,0.338738291256,,estimated,zero_u_distance_variance,,,1,1,{},"{""ihm_interface_flag_8act"":0.2773500981126146}"
C013,leave_one_variant_out,D778V,13,A797T|E497D|F834L|G768R|H251N|I457T|L781P|R249Q|R403Q|R663H|R719W|S782N|Y115H,D778V,adhikari2016|adhikari2019|kawana2017|morck2022|nag2015|nandwani2025|pathak2026|sarkar2020,,Scaling recomputed in retained cohort; study deletion uses union of outcome sources.,0.359203409697,,estimated,zero_u_distance_variance,,,1,1,{},"{""ihm_interface_flag_8act"":0.2773500981126146}"
C013,leave_one_variant_out,E497D,13,A797T|D778V|F834L|G768R|H251N|I457T|L781P|R249Q|R403Q|R663H|R719W|S782N|Y115H,E497D,adhikari2016|adhikari2019|kawana2017|morck2022|nag2015|nandwani2025|pathak2026|sarkar2020,,Scaling recomputed in retained cohort; study deletion uses union of outcome sources.,0.404172472982,,estimated,zero_u_distance_variance,,,1,1,{},"{""ihm_interface_flag_8act"":0.2773500981126146}"
C013,leave_one_variant_out,F834L,13,A797T|D778V|E497D|G768R|H251N|I457T|L781P|R249Q|R403Q|R663H|R719W|S782N|Y115H,F834L,adhikari2016|adhikari2019|kawana2017|morck2022|nag2015|nandwani2025|pathak2026|sarkar2020,,Scaling recomputed in retained cohort; study deletion uses union of outcome sources.,0.34218711423,,estimated,zero_u_distance_variance,,,1,1,{},"{""ihm_interface_flag_8act"":0.2773500981126146}"
C013,leave_one_variant_out,G768R,13,A797T|D778V|E497D|F834L|H251N|I457T|L781P|R249Q|R403Q|R663H|R719W|S782N|Y115H,G768R,adhikari2016|adhikari2019|kawana2017|morck2022|nag2015|nandwani2025|sarkar2020,,Scaling recomputed in retained cohort; study deletion uses union of outcome sources.,0.345778176943,,estimated,zero_u_distance_variance,,,1,1,{},"{""ihm_interface_flag_8act"":0.2773500981126146}"
C013,leave_one_variant_out,H251N,13,A797T|D778V|E497D|F834L|G768R|I457T|L781P|R249Q|R403Q|R663H|R719W|S782N|Y115H,H251N,adhikari2019|kawana2017|morck2022|nag2015|nandwani2025|pathak2026|sarkar2020,,Scaling recomputed in retained cohort; study deletion uses union of outcome sources.,0.376724020359,,estimated,zero_u_distance_variance,,,1,1,{},"{""ihm_interface_flag_8act"":0.2773500981126146}"
C013,leave_one_variant_out,I457T,13,A797T|D778V|E497D|F834L|G768R|H251N|L781P|R249Q|R403Q|R663H|R719W|S782N|Y115H,I457T,adhikari2016|adhikari2019|kawana2017|morck2022|nag2015|nandwani2025|pathak2026|sarkar2020,,Scaling recomputed in retained cohort; study deletion uses union of outcome sources.,0.427907246435,,estimated,zero_u_distance_variance,,,1,1,{},"{""ihm_interface_flag_8act"":0.2773500981126146}"
C013,leave_one_variant_out,L781P,13,A797T|D778V|E497D|F834L|G768R|H251N|I457T|R249Q|R403Q|R663H|R719W|S782N|Y115H,L781P,adhikari2016|adhikari2019|kawana2017|morck2022|nag2015|nandwani2025|pathak2026|sarkar2020,,Scaling recomputed in retained cohort; study deletion uses union of outcome sources.,0.339205341464,,estimated,zero_u_distance_variance,,,1,1,{},"{""ihm_interface_flag_8act"":0.2773500981126146}"
C013,leave_one_variant_out,R249Q,13,A797T|D778V|E497D|F834L|G768R|H251N|I457T|L781P|R403Q|R663H|R719W|S782N|Y115H,R249Q,adhikari2016|adhikari2019|kawana2017|morck2022|nag2015|nandwani2025|pathak2026|sarkar2020,,Scaling recomputed in retained cohort; study deletion uses union of outcome sources.,0.346460480974,,estimated,zero_u_distance_variance,,,1,1,{},"{""ihm_interface_flag_8act"":0.2773500981126146}"
C013,leave_one_variant_out,R403Q,13,A797T|D778V|E497D|F834L|G768R|H251N|I457T|L781P|R249Q|R663H|R719W|S782N|Y115H,R403Q,adhikari2016|adhikari2019|kawana2017|morck2022|nandwani2025|pathak2026|sarkar2020,,Scaling recomputed in retained cohort; study deletion uses union of outcome sources.,,,constant_side,constant_side,,ihm_interface_flag_8act,1,0,{},{}
C013,leave_one_variant_out,R663H,13,A797T|D778V|E497D|F834L|G768R|H251N|I457T|L781P|R249Q|R403Q|R719W|S782N|Y115H,R663H,adhikari2016|adhikari2019|kawana2017|morck2022|nag2015|nandwani2025|pathak2026,,Scaling recomputed in retained cohort; study deletion uses union of outcome sources.,0.339129739389,,estimated,zero_u_distance_variance,,,1,1,{},"{""ihm_interface_flag_8act"":0.2773500981126146}"
C013,leave_one_variant_out,R719W,13,A797T|D778V|E497D|F834L|G768R|H251N|I457T|L781P|R249Q|R403Q|R663H|S782N|Y115H,R719W,adhikari2016|adhikari2019|morck2022|nag2015|nandwani2025|pathak2026|sarkar2020,,Scaling recomputed in retained cohort; study deletion uses union of outcome sources.,0.338841173264,,estimated,zero_u_distance_variance,,,1,1,{},"{""ihm_interface_flag_8act"":0.2773500981126146}"
C013,leave_one_variant_out,S782N,13,A797T|D778V|E497D|F834L|G768R|H251N|I457T|L781P|R249Q|R403Q|R663H|R719W|Y115H,S782N,adhikari2016|adhikari2019|kawana2017|morck2022|nag2015|nandwani2025|pathak2026|sarkar2020,,Scaling recomputed in retained cohort; study deletion uses union of outcome sources.,0.343016131828,,estimated,zero_u_distance_variance,,,1,1,{},"{""ihm_interface_flag_8act"":0.2773500981126146}"
C013,leave_one_variant_out,Y115H,13,A797T|D778V|E497D|F834L|G768R|H251N|I457T|L781P|R249Q|R403Q|R663H|R719W|S782N,Y115H,adhikari2016|adhikari2019|kawana2017|morck2022|nag2015|nandwani2025|pathak2026|sarkar2020,,Scaling recomputed in retained cohort; study deletion uses union of outcome sources.,0.342363589156,,estimated,zero_u_distance_variance,,,1,1,{},"{""ihm_interface_flag_8act"":0.2773500981126146}"
C013,leave_one_study_out,adhikari2016,13,A797T|D778V|E497D|F834L|G768R|I457T|L781P|R249Q|R403Q|R663H|R719W|S782N|Y115H,H251N,adhikari2019|kawana2017|morck2022|nag2015|nandwani2025|pathak2026|sarkar2020,,Scaling recomputed in retained cohort; study deletion uses union of outcome sources.,0.376724020359,,estimated,zero_u_distance_variance,,,1,1,{},"{""ihm_interface_flag_8act"":0.2773500981126146}"
C013,leave_one_study_out,adhikari2019,12,A797T|D778V|E497D|F834L|G768R|H251N|L781P|R403Q|R663H|R719W|S782N|Y115H,I457T|R249Q,adhikari2016|kawana2017|morck2022|nag2015|nandwani2025|pathak2026|sarkar2020,,Scaling recomputed in retained cohort; study deletion uses union of outcome sources.,0.443748780013,,estimated,zero_u_distance_variance,,,1,1,{},"{""ihm_interface_flag_8act"":0.28867513459481287}"
C013,leave_one_study_out,kawana2017,13,A797T|D778V|E497D|F834L|G768R|H251N|I457T|L781P|R249Q|R403Q|R663H|S782N|Y115H,R719W,adhikari2016|adhikari2019|morck2022|nag2015|nandwani2025|pathak2026|sarkar2020,,Scaling recomputed in retained cohort; study deletion uses union of outcome sources.,0.338841173264,,estimated,zero_u_distance_variance,,,1,1,{},"{""ihm_interface_flag_8act"":0.2773500981126146}"
C013,leave_one_study_out,morck2022,9,E497D|G768R|H251N|I457T|R249Q|R403Q|R663H|R719W|Y115H,A797T|D778V|F834L|L781P|S782N,adhikari2016|adhikari2019|kawana2017|nag2015|nandwani2025|pathak2026|sarkar2020,,Scaling recomputed in retained cohort; study deletion uses union of outcome sources.,0.349376308377,,estimated,zero_u_distance_variance,,,1,1,{},"{""ihm_interface_flag_8act"":0.3333333333333333}"
C013,leave_one_study_out,nag2015,13,A797T|D778V|E497D|F834L|G768R|H251N|I457T|L781P|R249Q|R663H|R719W|S782N|Y115H,R403Q,adhikari2016|adhikari2019|kawana2017|morck2022|nandwani2025|pathak2026|sarkar2020,,Scaling recomputed in retained cohort; study deletion uses union of outcome sources.,,,constant_side,constant_side,,ihm_interface_flag_8act,1,0,{},{}
C013,leave_one_study_out,nandwani2025,12,A797T|D778V|F834L|G768R|H251N|I457T|L781P|R249Q|R403Q|R663H|R719W|S782N,E497D|Y115H,adhikari2016|adhikari2019|kawana2017|morck2022|nag2015|pathak2026|sarkar2020,,Scaling recomputed in retained cohort; study deletion uses union of outcome sources.,0.403538922396,,estimated,zero_u_distance_variance,,,1,1,{},"{""ihm_interface_flag_8act"":0.28867513459481287}"
C013,leave_one_study_out,pathak2026,13,A797T|D778V|E497D|F834L|H251N|I457T|L781P|R249Q|R403Q|R663H|R719W|S782N|Y115H,G768R,adhikari2016|adhikari2019|kawana2017|morck2022|nag2015|nandwani2025|sarkar2020,,Scaling recomputed in retained cohort; study deletion uses union of outcome sources.,0.345778176943,,estimated,zero_u_distance_variance,,,1,1,{},"{""ihm_interface_flag_8act"":0.2773500981126146}"
C013,leave_one_study_out,sarkar2020,13,A797T|D778V|E497D|F834L|G768R|H251N|I457T|L781P|R249Q|R403Q|R719W|S782N|Y115H,R663H,adhikari2016|adhikari2019|kawana2017|morck2022|nag2015|nandwani2025|pathak2026,,Scaling recomputed in retained cohort; study deletion uses union of outcome sources.,0.339129739389,,estimated,zero_u_distance_variance,,,1,1,{},"{""ihm_interface_flag_8act"":0.2773500981126146}"
C014,leave_one_variant_out,D382Y,13,D778V|E497D|G768R|H251N|I457T|L781P|P710R|R249Q|R403Q|R663H|R719W|S782N|Y115H,D382Y,adhikari2019|morck2022|nandwani2025|pathak2026|sarkar2020|vanderroest2021,,Scaling recomputed in retained cohort; study deletion uses union of outcome sources.,0.376373021206,-0.036308229297,estimated,estimated,,,1,1,{},"{""adp_rigor_ca_shift_A"":3.8461328331643063}"
C014,leave_one_variant_out,D778V,13,D382Y|E497D|G768R|H251N|I457T|L781P|P710R|R249Q|R403Q|R663H|R719W|S782N|Y115H,D778V,adhikari2019|morck2022|nandwani2025|pathak2026|sarkar2020|vanderroest2021,,Scaling recomputed in retained cohort; study deletion uses union of outcome sources.,0.390641132194,-0.0426241650351,estimated,estimated,,,1,1,{},"{""adp_rigor_ca_shift_A"":3.6152690725444208}"
C014,leave_one_variant_out,E497D,13,D382Y|D778V|G768R|H251N|I457T|L781P|P710R|R249Q|R403Q|R663H|R719W|S782N|Y115H,E497D,adhikari2019|morck2022|nandwani2025|pathak2026|sarkar2020|vanderroest2021,,Scaling recomputed in retained cohort; study deletion uses union of outcome sources.,0.375593542384,-0.0315604036622,estimated,estimated,,,1,1,{},"{""adp_rigor_ca_shift_A"":3.9050594481272958}"
C014,leave_one_variant_out,G768R,13,D382Y|D778V|E497D|H251N|I457T|L781P|P710R|R249Q|R403Q|R663H|R719W|S782N|Y115H,G768R,adhikari2019|morck2022|nandwani2025|sarkar2020|vanderroest2021,,Scaling recomputed in retained cohort; study deletion uses union of outcome sources.,0.361958719072,-0.0591888034352,estimated,estimated,,,1,1,{},"{""adp_rigor_ca_shift_A"":3.91141009623647}"
C014,leave_one_variant_out,H251N,13,D382Y|D778V|E497D|G768R|I457T|L781P|P710R|R249Q|R403Q|R663H|R719W|S782N|Y115H,H251N,adhikari2019|morck2022|nandwani2025|pathak2026|sarkar2020|vanderroest2021,,Scaling recomputed in retained cohort; study deletion uses union of outcome sources.,0.402756341798,-0.0165355032345,estimated,estimated,,,1,1,{},"{""adp_rigor_ca_shift_A"":3.8101245067573677}"
C014,leave_one_variant_out,I457T,13,D382Y|D778V|E497D|G768R|H251N|L781P|P710R|R249Q|R403Q|R663H|R719W|S782N|Y115H,I457T,adhikari2019|morck2022|nandwani2025|pathak2026|sarkar2020|vanderroest2021,,Scaling recomputed in retained cohort; study deletion uses union of outcome sources.,0.374228365462,-0.0501407766799,estimated,estimated,,,1,1,{},"{""adp_rigor_ca_shift_A"":3.8075009912080837}"
C014,leave_one_variant_out,L781P,13,D382Y|D778V|E497D|G768R|H251N|I457T|P710R|R249Q|R403Q|R663H|R719W|S782N|Y115H,L781P,adhikari2019|morck2022|nandwani2025|pathak2026|sarkar2020|vanderroest2021,,Scaling recomputed in retained cohort; study deletion uses union of outcome sources.,0.407388715504,-0.0278026471908,estimated,estimated,,,1,1,{},"{""adp_rigor_ca_shift_A"":3.572529261806157}"
C014,leave_one_variant_out,P710R,13,D382Y|D778V|E497D|G768R|H251N|I457T|L781P|R249Q|R403Q|R663H|R719W|S782N|Y115H,P710R,adhikari2019|morck2022|nandwani2025|pathak2026|sarkar2020,,Scaling recomputed in retained cohort; study deletion uses union of outcome sources.,0.366086335577,-0.0378549112481,estimated,estimated,,,1,1,{},"{""adp_rigor_ca_shift_A"":3.9192030079241147}"
C014,leave_one_variant_out,R249Q,13,D382Y|D778V|E497D|G768R|H251N|I457T|L781P|P710R|R403Q|R663H|R719W|S782N|Y115H,R249Q,adhikari2019|morck2022|nandwani2025|pathak2026|sarkar2020|vanderroest2021,,Scaling recomputed in retained cohort; study deletion uses union of outcome sources.,0.435767775729,0.0155896575684,estimated,estimated,,,1,1,{},"{""adp_rigor_ca_shift_A"":3.792996578770839}"
C014,leave_one_variant_out,R403Q,13,D382Y|D778V|E497D|G768R|H251N|I457T|L781P|P710R|R249Q|R663H|R719W|S782N|Y115H,R403Q,adhikari2019|morck2022|nandwani2025|pathak2026|sarkar2020|vanderroest2021,,Scaling recomputed in retained cohort; study deletion uses union of outcome sources.,0.398405715032,-0.0232827879325,estimated,estimated,,,1,1,{},"{""adp_rigor_ca_shift_A"":3.8004289933568343}"
C014,leave_one_variant_out,R663H,13,D382Y|D778V|E497D|G768R|H251N|I457T|L781P|P710R|R249Q|R403Q|R719W|S782N|Y115H,R663H,adhikari2019|morck2022|nandwani2025|pathak2026|sarkar2020|vanderroest2021,,Scaling recomputed in retained cohort; study deletion uses union of outcome sources.,0.381090262481,-0.0499874911145,estimated,estimated,,,1,1,{},"{""adp_rigor_ca_shift_A"":3.804136311890722}"
C014,leave_one_variant_out,R719W,13,D382Y|D778V|E497D|G768R|H251N|I457T|L781P|P710R|R249Q|R403Q|R663H|S782N|Y115H,R719W,adhikari2019|morck2022|nandwani2025|pathak2026|sarkar2020|vanderroest2021,,Scaling recomputed in retained cohort; study deletion uses union of outcome sources.,0.41826805343,0.0282632980336,estimated,estimated,,,1,1,{},"{""adp_rigor_ca_shift_A"":3.670713468756259}"
C014,leave_one_variant_out,S782N,13,D382Y|D778V|E497D|G768R|H251N|I457T|L781P|P710R|R249Q|R403Q|R663H|R719W|Y115H,S782N,adhikari2019|morck2022|nandwani2025|pathak2026|sarkar2020|vanderroest2021,,Scaling recomputed in retained cohort; study deletion uses union of outcome sources.,0.386932083893,-0.045352267657,estimated,estimated,,,1,1,{},"{""adp_rigor_ca_shift_A"":3.5095434236985574}"
C014,leave_one_variant_out,Y115H,13,D382Y|D778V|E497D|G768R|H251N|I457T|L781P|P710R|R249Q|R403Q|R663H|R719W|S782N,Y115H,adhikari2019|morck2022|nandwani2025|pathak2026|sarkar2020|vanderroest2021,,Scaling recomputed in retained cohort; study deletion uses union of outcome sources.,0.380910901049,-0.035154853208,estimated,estimated,,,1,1,{},"{""adp_rigor_ca_shift_A"":3.8415409395034827}"
C014,leave_one_study_out,adhikari2019,9,D778V|E497D|G768R|L781P|P710R|R403Q|R663H|S782N|Y115H,D382Y|H251N|I457T|R249Q|R719W,morck2022|nandwani2025|pathak2026|sarkar2020|vanderroest2021,,Scaling recomputed in retained cohort; study deletion uses union of outcome sources.,0.540965935481,0.124979738898,estimated,estimated,,,1,1,{},"{""adp_rigor_ca_shift_A"":3.8291160457523366}"
C014,leave_one_study_out,morck2022,11,D382Y|E497D|G768R|H251N|I457T|P710R|R249Q|R403Q|R663H|R719W|Y115H,D778V|L781P|S782N,adhikari2019|nandwani2025|pathak2026|sarkar2020|vanderroest2021,,Scaling recomputed in retained cohort; study deletion uses union of outcome sources.,0.646840244056,0.276184415931,estimated,estimated,,,1,1,{},"{""adp_rigor_ca_shift_A"":2.6421655533087307}"
C014,leave_one_study_out,nandwani2025,12,D382Y|D778V|G768R|H251N|I457T|L781P|P710R|R249Q|R403Q|R663H|R719W|S782N,E497D|Y115H,adhikari2019|morck2022|pathak2026|sarkar2020|vanderroest2021,,Scaling recomputed in retained cohort; study deletion uses union of outcome sources.,0.387323037374,-0.0332913813841,estimated,estimated,,,1,1,{},"{""adp_rigor_ca_shift_A"":3.9797202312496287}"
C014,leave_one_study_out,pathak2026,13,D382Y|D778V|E497D|H251N|I457T|L781P|P710R|R249Q|R403Q|R663H|R719W|S782N|Y115H,G768R,adhikari2019|morck2022|nandwani2025|sarkar2020|vanderroest2021,,Scaling recomputed in retained cohort; study deletion uses union of outcome sources.,0.361958719072,-0.0591888034352,estimated,estimated,,,1,1,{},"{""adp_rigor_ca_shift_A"":3.91141009623647}"
C014,leave_one_study_out,sarkar2020,12,D382Y|D778V|E497D|G768R|H251N|I457T|L781P|P710R|R249Q|R719W|S782N|Y115H,R403Q|R663H,adhikari2019|morck2022|nandwani2025|pathak2026|vanderroest2021,,Scaling recomputed in retained cohort; study deletion uses union of outcome sources.,0.414744024326,-0.0392792620673,estimated,estimated,,,1,1,{},"{""adp_rigor_ca_shift_A"":3.8123738819905104}"
C014,leave_one_study_out,vanderroest2021,13,D382Y|D778V|E497D|G768R|H251N|I457T|L781P|R249Q|R403Q|R663H|R719W|S782N|Y115H,P710R,adhikari2019|morck2022|nandwani2025|pathak2026|sarkar2020,,Scaling recomputed in retained cohort; study deletion uses union of outcome sources.,0.366086335577,-0.0378549112481,estimated,estimated,,,1,1,{},"{""adp_rigor_ca_shift_A"":3.9192030079241147}"
C015,leave_one_variant_out,D382Y,13,D778V|E497D|G768R|H251N|I457T|L781P|P710R|R249Q|R403Q|R663H|R719W|S782N|Y115H,D382Y,adhikari2019|morck2022|nandwani2025|pathak2026|sarkar2020|vanderroest2021,,Scaling recomputed in retained cohort; study deletion uses union of outcome sources.,0.39487076729,-0.0666528246265,estimated,estimated,,,1,1,{},"{""adp_adenine_ca_distance_8efe_A"":11.740297819413163}"
C015,leave_one_variant_out,D778V,13,D382Y|E497D|G768R|H251N|I457T|L781P|P710R|R249Q|R403Q|R663H|R719W|S782N|Y115H,D778V,adhikari2019|morck2022|nandwani2025|pathak2026|sarkar2020|vanderroest2021,,Scaling recomputed in retained cohort; study deletion uses union of outcome sources.,0.3911102193,-0.068940539342,estimated,estimated,,,1,1,{},"{""adp_adenine_ca_distance_8efe_A"":12.062506554858139}"
C015,leave_one_variant_out,E497D,13,D382Y|D778V|G768R|H251N|I457T|L781P|P710R|R249Q|R403Q|R663H|R719W|S782N|Y115H,E497D,adhikari2019|morck2022|nandwani2025|pathak2026|sarkar2020|vanderroest2021,,Scaling recomputed in retained cohort; study deletion uses union of outcome sources.,0.399015585546,-0.0546657366697,estimated,estimated,,,1,1,{},"{""adp_adenine_ca_distance_8efe_A"":12.200225932751755}"
C015,leave_one_variant_out,G768R,13,D382Y|D778V|E497D|H251N|I457T|L781P|P710R|R249Q|R403Q|R663H|R719W|S782N|Y115H,G768R,adhikari2019|morck2022|nandwani2025|sarkar2020|vanderroest2021,,Scaling recomputed in retained cohort; study deletion uses union of outcome sources.,0.407703484516,-0.0649114674905,estimated,estimated,,,1,1,{},"{""adp_adenine_ca_distance_8efe_A"":12.172904041207456}"
C015,leave_one_variant_out,H251N,13,D382Y|D778V|E497D|G768R|I457T|L781P|P710R|R249Q|R403Q|R663H|R719W|S782N|Y115H,H251N,adhikari2019|morck2022|nandwani2025|pathak2026|sarkar2020|vanderroest2021,,Scaling recomputed in retained cohort; study deletion uses union of outcome sources.,0.401175732843,-0.0732586909154,estimated,estimated,,,1,1,{},"{""adp_adenine_ca_distance_8efe_A"":11.898948537262802}"
C015,leave_one_variant_out,I457T,13,D382Y|D778V|E497D|G768R|H251N|L781P|P710R|R249Q|R403Q|R663H|R719W|S782N|Y115H,I457T,adhikari2019|morck2022|nandwani2025|pathak2026|sarkar2020|vanderroest2021,,Scaling recomputed in retained cohort; study deletion uses union of outcome sources.,0.384653113145,-0.0557073333029,estimated,estimated,,,1,1,{},"{""adp_adenine_ca_distance_8efe_A"":11.625906426304526}"
C015,leave_one_variant_out,L781P,13,D382Y|D778V|E497D|G768R|H251N|I457T|P710R|R249Q|R403Q|R663H|R719W|S782N|Y115H,L781P,adhikari2019|morck2022|nandwani2025|pathak2026|sarkar2020|vanderroest2021,,Scaling recomputed in retained cohort; study deletion uses union of outcome sources.,0.379578823678,-0.0899374691972,estimated,estimated,,,1,1,{},"{""adp_adenine_ca_distance_8efe_A"":11.833795590766137}"
C015,leave_one_variant_out,P710R,13,D382Y|D778V|E497D|G768R|H251N|I457T|L781P|R249Q|R403Q|R663H|R719W|S782N|Y115H,P710R,adhikari2019|morck2022|nandwani2025|pathak2026|sarkar2020,,Scaling recomputed in retained cohort; study deletion uses union of outcome sources.,0.38657204059,-0.0682843423427,estimated,estimated,,,1,1,{},"{""adp_adenine_ca_distance_8efe_A"":12.187148564542092}"
C015,leave_one_variant_out,R249Q,13,D382Y|D778V|E497D|G768R|H251N|I457T|L781P|P710R|R403Q|R663H|R719W|S782N|Y115H,R249Q,adhikari2019|morck2022|nandwani2025|pathak2026|sarkar2020|vanderroest2021,,Scaling recomputed in retained cohort; study deletion uses union of outcome sources.,0.44118075179,-0.032310640068,estimated,estimated,,,1,1,{},"{""adp_adenine_ca_distance_8efe_A"":11.543791649735283}"
C015,leave_one_variant_out,R403Q,13,D382Y|D778V|E497D|G768R|H251N|I457T|L781P|P710R|R249Q|R663H|R719W|S782N|Y115H,R403Q,adhikari2019|morck2022|nandwani2025|pathak2026|sarkar2020|vanderroest2021,,Scaling recomputed in retained cohort; study deletion uses union of outcome sources.,0.372947402162,-0.0919731126786,estimated,estimated,,,1,1,{},"{""adp_adenine_ca_distance_8efe_A"":11.009887908348919}"
C015,leave_one_variant_out,R663H,13,D382Y|D778V|E497D|G768R|H251N|I457T|L781P|P710R|R249Q|R403Q|R719W|S782N|Y115H,R663H,adhikari2019|morck2022|nandwani2025|pathak2026|sarkar2020|vanderroest2021,,Scaling recomputed in retained cohort; study deletion uses union of outcome sources.,0.396265486677,-0.079880936359,estimated,estimated,,,1,1,{},"{""adp_adenine_ca_distance_8efe_A"":12.078764238835477}"
C015,leave_one_variant_out,R719W,13,D382Y|D778V|E497D|G768R|H251N|I457T|L781P|P710R|R249Q|R403Q|R663H|S782N|Y115H,R719W,adhikari2019|morck2022|nandwani2025|pathak2026|sarkar2020|vanderroest2021,,Scaling recomputed in retained cohort; study deletion uses union of outcome sources.,0.450092273531,-0.00365075463933,estimated,estimated,,,1,1,{},"{""adp_adenine_ca_distance_8efe_A"":11.875722416283523}"
C015,leave_one_variant_out,S782N,13,D382Y|D778V|E497D|G768R|H251N|I457T|L781P|P710R|R249Q|R403Q|R663H|R719W|Y115H,S782N,adhikari2019|morck2022|nandwani2025|pathak2026|sarkar2020|vanderroest2021,,Scaling recomputed in retained cohort; study deletion uses union of outcome sources.,0.390125148665,-0.0789158528546,estimated,estimated,,,1,1,{},"{""adp_adenine_ca_distance_8efe_A"":11.805199979837951}"
C015,leave_one_variant_out,Y115H,13,D382Y|D778V|E497D|G768R|H251N|I457T|L781P|P710R|R249Q|R403Q|R663H|R719W|S782N,Y115H,adhikari2019|morck2022|nandwani2025|pathak2026|sarkar2020|vanderroest2021,,Scaling recomputed in retained cohort; study deletion uses union of outcome sources.,0.450455221052,-0.0334939553476,estimated,estimated,,,1,1,{},"{""adp_adenine_ca_distance_8efe_A"":9.938553882583191}"
C015,leave_one_study_out,adhikari2019,9,D778V|E497D|G768R|L781P|P710R|R403Q|R663H|S782N|Y115H,D382Y|H251N|I457T|R249Q|R719W,morck2022|nandwani2025|pathak2026|sarkar2020|vanderroest2021,,Scaling recomputed in retained cohort; study deletion uses union of outcome sources.,0.493200721082,0.0247049315827,estimated,estimated,,,1,1,{},"{""adp_adenine_ca_distance_8efe_A"":11.944512167699786}"
C015,leave_one_study_out,morck2022,11,D382Y|E497D|G768R|H251N|I457T|P710R|R249Q|R403Q|R663H|R719W|Y115H,D778V|L781P|S782N,adhikari2019|nandwani2025|pathak2026|sarkar2020|vanderroest2021,,Scaling recomputed in retained cohort; study deletion uses union of outcome sources.,0.431329175573,-0.07913011606,estimated,estimated,,,1,1,{},"{""adp_adenine_ca_distance_8efe_A"":12.158381989578128}"
C015,leave_one_study_out,nandwani2025,12,D382Y|D778V|G768R|H251N|I457T|L781P|P710R|R249Q|R403Q|R663H|R719W|S782N,E497D|Y115H,adhikari2019|morck2022|pathak2026|sarkar2020|vanderroest2021,,Scaling recomputed in retained cohort; study deletion uses union of outcome sources.,0.469284001504,-0.0172057657887,estimated,estimated,,,1,1,{},"{""adp_adenine_ca_distance_8efe_A"":10.337069090711918}"
C015,leave_one_study_out,pathak2026,13,D382Y|D778V|E497D|H251N|I457T|L781P|P710R|R249Q|R403Q|R663H|R719W|S782N|Y115H,G768R,adhikari2019|morck2022|nandwani2025|sarkar2020|vanderroest2021,,Scaling recomputed in retained cohort; study deletion uses union of outcome sources.,0.407703484516,-0.0649114674905,estimated,estimated,,,1,1,{},"{""adp_adenine_ca_distance_8efe_A"":12.172904041207456}"
C015,leave_one_study_out,sarkar2020,12,D382Y|D778V|E497D|G768R|H251N|I457T|L781P|P710R|R249Q|R719W|S782N|Y115H,R403Q|R663H,adhikari2019|morck2022|nandwani2025|pathak2026|vanderroest2021,,Scaling recomputed in retained cohort; study deletion uses union of outcome sources.,0.380011431755,-0.119435898154,estimated,estimated,,,1,1,{},"{""adp_adenine_ca_distance_8efe_A"":11.412242184618378}"
C015,leave_one_study_out,vanderroest2021,13,D382Y|D778V|E497D|G768R|H251N|I457T|L781P|R249Q|R403Q|R663H|R719W|S782N|Y115H,P710R,adhikari2019|morck2022|nandwani2025|pathak2026|sarkar2020,,Scaling recomputed in retained cohort; study deletion uses union of outcome sources.,0.38657204059,-0.0682843423427,estimated,estimated,,,1,1,{},"{""adp_adenine_ca_distance_8efe_A"":12.187148564542092}"
C016,leave_one_variant_out,D382Y,12,D778V|E497D|G768R|H251N|I457T|L781P|P710R|R249Q|R403Q|R663H|R719W|Y115H,D382Y,adhikari2019|morck2022|nandwani2025|pathak2026|sarkar2020|vanderroest2021,,Scaling recomputed in retained cohort; study deletion uses union of outcome sources.,0.433628574949,-0.0857507055101,estimated,estimated,,,1,1,{},"{""rigor_actin_min_heavy_distance_8efi_A"":14.932510837822733}"
C016,leave_one_variant_out,D778V,12,D382Y|E497D|G768R|H251N|I457T|L781P|P710R|R249Q|R403Q|R663H|R719W|Y115H,D778V,adhikari2019|morck2022|nandwani2025|pathak2026|sarkar2020|vanderroest2021,,Scaling recomputed in retained cohort; study deletion uses union of outcome sources.,0.460787742364,-0.04808175804,estimated,estimated,,,1,1,{},"{""rigor_actin_min_heavy_distance_8efi_A"":14.988762932423453}"
C016,leave_one_variant_out,E497D,12,D382Y|D778V|G768R|H251N|I457T|L781P|P710R|R249Q|R403Q|R663H|R719W|Y115H,E497D,adhikari2019|morck2022|nandwani2025|pathak2026|sarkar2020|vanderroest2021,,Scaling recomputed in retained cohort; study deletion uses union of outcome sources.,0.428830202971,-0.0760517011892,estimated,estimated,,,1,1,{},"{""rigor_actin_min_heavy_distance_8efi_A"":15.51059892201156}"
C016,leave_one_variant_out,G768R,12,D382Y|D778V|E497D|H251N|I457T|L781P|P710R|R249Q|R403Q|R663H|R719W|Y115H,G768R,adhikari2019|morck2022|nandwani2025|sarkar2020|vanderroest2021,,Scaling recomputed in retained cohort; study deletion uses union of outcome sources.,0.415443790723,-0.128546694244,estimated,estimated,,,1,1,{},"{""rigor_actin_min_heavy_distance_8efi_A"":15.446663694396152}"
C016,leave_one_variant_out,H251N,12,D382Y|D778V|E497D|G768R|I457T|L781P|P710R|R249Q|R403Q|R663H|R719W|Y115H,H251N,adhikari2019|morck2022|nandwani2025|pathak2026|sarkar2020|vanderroest2021,,Scaling recomputed in retained cohort; study deletion uses union of outcome sources.,0.424788107181,-0.0819557999532,estimated,estimated,,,1,1,{},"{""rigor_actin_min_heavy_distance_8efi_A"":15.487931246568557}"
C016,leave_one_variant_out,I457T,12,D382Y|D778V|E497D|G768R|H251N|L781P|P710R|R249Q|R403Q|R663H|R719W|Y115H,I457T,adhikari2019|morck2022|nandwani2025|pathak2026|sarkar2020|vanderroest2021,,Scaling recomputed in retained cohort; study deletion uses union of outcome sources.,0.455165519401,-0.0836362174123,estimated,estimated,,,1,1,{},"{""rigor_actin_min_heavy_distance_8efi_A"":15.506644414541382}"
C016,leave_one_variant_out,L781P,12,D382Y|D778V|E497D|G768R|H251N|I457T|P710R|R249Q|R403Q|R663H|R719W|Y115H,L781P,adhikari2019|morck2022|nandwani2025|pathak2026|sarkar2020|vanderroest2021,,Scaling recomputed in retained cohort; study deletion uses union of outcome sources.,0.46713846123,-0.0569732436362,estimated,estimated,,,1,1,{},"{""rigor_actin_min_heavy_distance_8efi_A"":14.42768510363547}"
C016,leave_one_variant_out,P710R,12,D382Y|D778V|E497D|G768R|H251N|I457T|L781P|R249Q|R403Q|R663H|R719W|Y115H,P710R,adhikari2019|morck2022|nandwani2025|pathak2026|sarkar2020,,Scaling recomputed in retained cohort; study deletion uses union of outcome sources.,0.409628974906,-0.095985069625,estimated,estimated,,,1,1,{},"{""rigor_actin_min_heavy_distance_8efi_A"":15.39496972204837}"
C016,leave_one_variant_out,R249Q,12,D382Y|D778V|E497D|G768R|H251N|I457T|L781P|P710R|R403Q|R663H|R719W|Y115H,R249Q,adhikari2019|morck2022|nandwani2025|pathak2026|sarkar2020|vanderroest2021,,Scaling recomputed in retained cohort; study deletion uses union of outcome sources.,0.462254511087,-0.0432747625014,estimated,estimated,,,1,1,{},"{""rigor_actin_min_heavy_distance_8efi_A"":15.359084130350524}"
C016,leave_one_variant_out,R403Q,12,D382Y|D778V|E497D|G768R|H251N|I457T|L781P|P710R|R249Q|R663H|R719W|Y115H,R403Q,adhikari2019|morck2022|nandwani2025|pathak2026|sarkar2020|vanderroest2021,,Scaling recomputed in retained cohort; study deletion uses union of outcome sources.,0.43405348805,-0.113906899417,estimated,estimated,,,1,1,{},"{""rigor_actin_min_heavy_distance_8efi_A"":12.387795332552304}"
C016,leave_one_variant_out,R663H,12,D382Y|D778V|E497D|G768R|H251N|I457T|L781P|P710R|R249Q|R403Q|R719W|Y115H,R663H,adhikari2019|morck2022|nandwani2025|pathak2026|sarkar2020|vanderroest2021,,Scaling recomputed in retained cohort; study deletion uses union of outcome sources.,0.386156678519,-0.139314139515,estimated,estimated,,,1,1,{},"{""rigor_actin_min_heavy_distance_8efi_A"":14.4319919360836}"
C016,leave_one_variant_out,R719W,12,D382Y|D778V|E497D|G768R|H251N|I457T|L781P|P710R|R249Q|R403Q|R663H|Y115H,R719W,adhikari2019|morck2022|nandwani2025|pathak2026|sarkar2020|vanderroest2021,,Scaling recomputed in retained cohort; study deletion uses union of outcome sources.,0.400810659899,-0.0690185930657,estimated,estimated,,,1,1,{},"{""rigor_actin_min_heavy_distance_8efi_A"":13.773968136605246}"
C016,leave_one_variant_out,Y115H,12,D382Y|D778V|E497D|G768R|H251N|I457T|L781P|P710R|R249Q|R403Q|R663H|R719W,Y115H,adhikari2019|morck2022|nandwani2025|pathak2026|sarkar2020|vanderroest2021,,Scaling recomputed in retained cohort; study deletion uses union of outcome sources.,0.435552989495,-0.0766071128924,estimated,estimated,,,1,1,{},"{""rigor_actin_min_heavy_distance_8efi_A"":15.173438528646052}"
C016,leave_one_study_out,adhikari2019,8,D778V|E497D|G768R|L781P|P710R|R403Q|R663H|Y115H,D382Y|H251N|I457T|R249Q|R719W,morck2022|nandwani2025|pathak2026|sarkar2020|vanderroest2021,,Scaling recomputed in retained cohort; study deletion uses union of outcome sources.,0.551488455537,0.0209752145933,estimated,estimated,,,1,1,{},"{""rigor_actin_min_heavy_distance_8efi_A"":16.40705987849608}"
C016,leave_one_study_out,morck2022,11,D382Y|E497D|G768R|H251N|I457T|P710R|R249Q|R403Q|R663H|R719W|Y115H,D778V|L781P,adhikari2019|nandwani2025|pathak2026|sarkar2020|vanderroest2021,,Scaling recomputed in retained cohort; study deletion uses union of outcome sources.,0.549849444188,0.0460683781241,estimated,estimated,,,1,1,{},"{""rigor_actin_min_heavy_distance_8efi_A"":14.372513162534911}"
C016,leave_one_study_out,nandwani2025,11,D382Y|D778V|G768R|H251N|I457T|L781P|P710R|R249Q|R403Q|R663H|R719W,E497D|Y115H,adhikari2019|morck2022|pathak2026|sarkar2020|vanderroest2021,,Scaling recomputed in retained cohort; study deletion uses union of outcome sources.,0.450480978463,-0.0702045774038,estimated,estimated,,,1,1,{},"{""rigor_actin_min_heavy_distance_8efi_A"":15.912165312691645}"
C016,leave_one_study_out,pathak2026,12,D382Y|D778V|E497D|H251N|I457T|L781P|P710R|R249Q|R403Q|R663H|R719W|Y115H,G768R,adhikari2019|morck2022|nandwani2025|sarkar2020|vanderroest2021,,Scaling recomputed in retained cohort; study deletion uses union of outcome sources.,0.415443790723,-0.128546694244,estimated,estimated,,,1,1,{},"{""rigor_actin_min_heavy_distance_8efi_A"":15.446663694396152}"
C016,leave_one_study_out,sarkar2020,11,D382Y|D778V|E497D|G768R|H251N|I457T|L781P|P710R|R249Q|R719W|Y115H,R403Q|R663H,adhikari2019|morck2022|nandwani2025|pathak2026|vanderroest2021,,Scaling recomputed in retained cohort; study deletion uses union of outcome sources.,0.411882379518,-0.15072921379,estimated,estimated,,,1,1,{},"{""rigor_actin_min_heavy_distance_8efi_A"":11.055810616024925}"
C016,leave_one_study_out,vanderroest2021,12,D382Y|D778V|E497D|G768R|H251N|I457T|L781P|R249Q|R403Q|R663H|R719W|Y115H,P710R,adhikari2019|morck2022|nandwani2025|pathak2026|sarkar2020,,Scaling recomputed in retained cohort; study deletion uses union of outcome sources.,0.409628974906,-0.095985069625,estimated,estimated,,,1,1,{},"{""rigor_actin_min_heavy_distance_8efi_A"":15.39496972204837}"
C017,leave_one_variant_out,A797T,15,D382Y|D778V|E497D|F834L|G768R|H251N|I457T|L781P|P710R|R249Q|R403Q|R663H|R719W|S782N|Y115H,A797T,adhikari2019|morck2022|nandwani2025|pathak2026|sarkar2020|vanderroest2021,,Scaling recomputed in retained cohort; study deletion uses union of outcome sources.,0.411759313704,0.0476721421522,estimated,estimated,,,1,1,{},"{""relay_landmark_min_ca_distance_8act_mean_ab"":23.614449625750822}"
C017,leave_one_variant_out,D382Y,15,A797T|D778V|E497D|F834L|G768R|H251N|I457T|L781P|P710R|R249Q|R403Q|R663H|R719W|S782N|Y115H,D382Y,adhikari2019|morck2022|nandwani2025|pathak2026|sarkar2020|vanderroest2021,,Scaling recomputed in retained cohort; study deletion uses union of outcome sources.,0.361587548734,-0.0744045664168,estimated,estimated,,,1,1,{},"{""relay_landmark_min_ca_distance_8act_mean_ab"":22.713207452158002}"
C017,leave_one_variant_out,D778V,15,A797T|D382Y|E497D|F834L|G768R|H251N|I457T|L781P|P710R|R249Q|R403Q|R663H|R719W|S782N|Y115H,D778V,adhikari2019|morck2022|nandwani2025|pathak2026|sarkar2020|vanderroest2021,,Scaling recomputed in retained cohort; study deletion uses union of outcome sources.,0.356447469583,-0.0612954322096,estimated,estimated,,,1,1,{},"{""relay_landmark_min_ca_distance_8act_mean_ab"":24.22891339270871}"
C017,leave_one_variant_out,E497D,15,A797T|D382Y|D778V|F834L|G768R|H251N|I457T|L781P|P710R|R249Q|R403Q|R663H|R719W|S782N|Y115H,E497D,adhikari2019|morck2022|nandwani2025|pathak2026|sarkar2020|vanderroest2021,,Scaling recomputed in retained cohort; study deletion uses union of outcome sources.,0.372891457099,-0.0438128182819,estimated,estimated,,,1,1,{},"{""relay_landmark_min_ca_distance_8act_mean_ab"":22.543240112087965}"
C017,leave_one_variant_out,F834L,15,A797T|D382Y|D778V|E497D|G768R|H251N|I457T|L781P|P710R|R249Q|R403Q|R663H|R719W|S782N|Y115H,F834L,adhikari2019|morck2022|nandwani2025|pathak2026|sarkar2020|vanderroest2021,,Scaling recomputed in retained cohort; study deletion uses union of outcome sources.,0.351526168325,-0.0822928585255,estimated,estimated,,,1,1,{},"{""relay_landmark_min_ca_distance_8act_mean_ab"":17.862922774343197}"
C017,leave_one_variant_out,G768R,15,A797T|D382Y|D778V|E497D|F834L|H251N|I457T|L781P|P710R|R249Q|R403Q|R663H|R719W|S782N|Y115H,G768R,adhikari2019|morck2022|nandwani2025|sarkar2020|vanderroest2021,,Scaling recomputed in retained cohort; study deletion uses union of outcome sources.,0.341074464825,-0.0882678644538,estimated,estimated,,,1,1,{},"{""relay_landmark_min_ca_distance_8act_mean_ab"":23.89965859919051}"
C017,leave_one_variant_out,H251N,15,A797T|D382Y|D778V|E497D|F834L|G768R|I457T|L781P|P710R|R249Q|R403Q|R663H|R719W|S782N|Y115H,H251N,adhikari2019|morck2022|nandwani2025|pathak2026|sarkar2020|vanderroest2021,,Scaling recomputed in retained cohort; study deletion uses union of outcome sources.,0.348903256537,-0.0592789450853,estimated,estimated,,,1,1,{},"{""relay_landmark_min_ca_distance_8act_mean_ab"":24.22186868031235}"
C017,leave_one_variant_out,I457T,15,A797T|D382Y|D778V|E497D|F834L|G768R|H251N|L781P|P710R|R249Q|R403Q|R663H|R719W|S782N|Y115H,I457T,adhikari2019|morck2022|nandwani2025|pathak2026|sarkar2020|vanderroest2021,,Scaling recomputed in retained cohort; study deletion uses union of outcome sources.,0.360486079166,-0.0627785584866,estimated,estimated,,,1,1,{},"{""relay_landmark_min_ca_distance_8act_mean_ab"":24.090932684553447}"
C017,leave_one_variant_out,L781P,15,A797T|D382Y|D778V|E497D|F834L|G768R|H251N|I457T|P710R|R249Q|R403Q|R663H|R719W|S782N|Y115H,L781P,adhikari2019|morck2022|nandwani2025|pathak2026|sarkar2020|vanderroest2021,,Scaling recomputed in retained cohort; study deletion uses union of outcome sources.,0.348538453379,-0.0632931331635,estimated,estimated,,,1,1,{},"{""relay_landmark_min_ca_distance_8act_mean_ab"":24.251151042766043}"
C017,leave_one_variant_out,P710R,15,A797T|D382Y|D778V|E497D|F834L|G768R|H251N|I457T|L781P|R249Q|R403Q|R663H|R719W|S782N|Y115H,P710R,adhikari2019|morck2022|nandwani2025|pathak2026|sarkar2020,,Scaling recomputed in retained cohort; study deletion uses union of outcome sources.,0.349814260393,-0.0635248442888,estimated,estimated,,,1,1,{},"{""relay_landmark_min_ca_distance_8act_mean_ab"":23.345324782057382}"
C017,leave_one_variant_out,R249Q,15,A797T|D382Y|D778V|E497D|F834L|G768R|H251N|I457T|L781P|P710R|R403Q|R663H|R719W|S782N|Y115H,R249Q,adhikari2019|morck2022|nandwani2025|pathak2026|sarkar2020|vanderroest2021,,Scaling recomputed in retained cohort; study deletion uses union of outcome sources.,0.350859896016,-0.0665680769925,estimated,estimated,,,1,1,{},"{""relay_landmark_min_ca_distance_8act_mean_ab"":24.18962468289306}"
C017,leave_one_variant_out,R403Q,15,A797T|D382Y|D778V|E497D|F834L|G768R|H251N|I457T|L781P|P710R|R249Q|R663H|R719W|S782N|Y115H,R403Q,adhikari2019|morck2022|nandwani2025|pathak2026|sarkar2020|vanderroest2021,,Scaling recomputed in retained cohort; study deletion uses union of outcome sources.,0.348922649662,-0.0909094080183,estimated,estimated,,,1,1,{},"{""relay_landmark_min_ca_distance_8act_mean_ab"":23.122929332070495}"
C017,leave_one_variant_out,R663H,15,A797T|D382Y|D778V|E497D|F834L|G768R|H251N|I457T|L781P|P710R|R249Q|R403Q|R719W|S782N|Y115H,R663H,adhikari2019|morck2022|nandwani2025|pathak2026|sarkar2020|vanderroest2021,,Scaling recomputed in retained cohort; study deletion uses union of outcome sources.,0.372418454761,-0.0447293675697,estimated,estimated,,,1,1,{},"{""relay_landmark_min_ca_distance_8act_mean_ab"":23.67311132376466}"
C017,leave_one_variant_out,R719W,15,A797T|D382Y|D778V|E497D|F834L|G768R|H251N|I457T|L781P|P710R|R249Q|R403Q|R663H|S782N|Y115H,R719W,adhikari2019|morck2022|nandwani2025|pathak2026|sarkar2020|vanderroest2021,,Scaling recomputed in retained cohort; study deletion uses union of outcome sources.,0.349884854941,-0.0838566919892,estimated,estimated,,,1,1,{},"{""relay_landmark_min_ca_distance_8act_mean_ab"":23.936118451200297}"
C017,leave_one_variant_out,S782N,15,A797T|D382Y|D778V|E497D|F834L|G768R|H251N|I457T|L781P|P710R|R249Q|R403Q|R663H|R719W|Y115H,S782N,adhikari2019|morck2022|nandwani2025|pathak2026|sarkar2020|vanderroest2021,,Scaling recomputed in retained cohort; study deletion uses union of outcome sources.,0.34598000987,-0.0690605130773,estimated,estimated,,,1,1,{},"{""relay_landmark_min_ca_distance_8act_mean_ab"":24.25068029156536}"
C017,leave_one_variant_out,Y115H,15,A797T|D382Y|D778V|E497D|F834L|G768R|H251N|I457T|L781P|P710R|R249Q|R403Q|R663H|R719W|S782N,Y115H,adhikari2019|morck2022|nandwani2025|pathak2026|sarkar2020|vanderroest2021,,Scaling recomputed in retained cohort; study deletion uses union of outcome sources.,0.359398024478,-0.0530288442467,estimated,estimated,,,1,1,{},"{""relay_landmark_min_ca_distance_8act_mean_ab"":24.169616944627233}"
C017,leave_one_study_out,adhikari2019,11,A797T|D778V|E497D|F834L|G768R|L781P|P710R|R403Q|R663H|S782N|Y115H,D382Y|H251N|I457T|R249Q|R719W,morck2022|nandwani2025|pathak2026|sarkar2020|vanderroest2021,,Scaling recomputed in retained cohort; study deletion uses union of outcome sources.,0.405931774212,-0.138408466494,estimated,estimated,,,1,1,{},"{""relay_landmark_min_ca_distance_8act_mean_ab"":26.301958169853805}"
C017,leave_one_study_out,morck2022,11,D382Y|E497D|G768R|H251N|I457T|P710R|R249Q|R403Q|R663H|R719W|Y115H,A797T|D778V|F834L|L781P|S782N,adhikari2019|nandwani2025|pathak2026|sarkar2020|vanderroest2021,,Scaling recomputed in retained cohort; study deletion uses union of outcome sources.,0.402429372929,-0.00236068307646,estimated,estimated,,,1,1,{},"{""relay_landmark_min_ca_distance_8act_mean_ab"":19.39435783159842}"
C017,leave_one_study_out,nandwani2025,14,A797T|D382Y|D778V|F834L|G768R|H251N|I457T|L781P|P710R|R249Q|R403Q|R663H|R719W|S782N,E497D|Y115H,adhikari2019|morck2022|pathak2026|sarkar2020|vanderroest2021,,Scaling recomputed in retained cohort; study deletion uses union of outcome sources.,0.392315371979,-0.0321215042507,estimated,estimated,,,1,1,{},"{""relay_landmark_min_ca_distance_8act_mean_ab"":23.235154762552693}"
C017,leave_one_study_out,pathak2026,15,A797T|D382Y|D778V|E497D|F834L|H251N|I457T|L781P|P710R|R249Q|R403Q|R663H|R719W|S782N|Y115H,G768R,adhikari2019|morck2022|nandwani2025|sarkar2020|vanderroest2021,,Scaling recomputed in retained cohort; study deletion uses union of outcome sources.,0.341074464825,-0.0882678644538,estimated,estimated,,,1,1,{},"{""relay_landmark_min_ca_distance_8act_mean_ab"":23.89965859919051}"
C017,leave_one_study_out,sarkar2020,14,A797T|D382Y|D778V|E497D|F834L|G768R|H251N|I457T|L781P|P710R|R249Q|R719W|S782N|Y115H,R403Q|R663H,adhikari2019|morck2022|nandwani2025|pathak2026|vanderroest2021,,Scaling recomputed in retained cohort; study deletion uses union of outcome sources.,0.377462903894,-0.0798171238718,estimated,estimated,,,1,1,{},"{""relay_landmark_min_ca_distance_8act_mean_ab"":23.473248236369905}"
C017,leave_one_study_out,vanderroest2021,15,A797T|D382Y|D778V|E497D|F834L|G768R|H251N|I457T|L781P|R249Q|R403Q|R663H|R719W|S782N|Y115H,P710R,adhikari2019|morck2022|nandwani2025|pathak2026|sarkar2020,,Scaling recomputed in retained cohort; study deletion uses union of outcome sources.,0.349814260393,-0.0635248442888,estimated,estimated,,,1,1,{},"{""relay_landmark_min_ca_distance_8act_mean_ab"":23.345324782057382}"
C018,leave_one_variant_out,A797T,15,D382Y|D778V|E497D|F834L|G768R|H251N|I457T|L781P|P710R|R249Q|R403Q|R663H|R719W|S782N|Y115H,A797T,adhikari2019|morck2022|nandwani2025|pathak2026|sarkar2020|vanderroest2021,,Scaling recomputed in retained cohort; study deletion uses union of outcome sources.,0.364343451416,0.00245302279778,estimated,estimated,,,1,1,{},"{""elc_min_heavy_distance_8act_mean_ab"":17.13866825390733}"
C018,leave_one_variant_out,D382Y,15,A797T|D778V|E497D|F834L|G768R|H251N|I457T|L781P|P710R|R249Q|R403Q|R663H|R719W|S782N|Y115H,D382Y,adhikari2019|morck2022|nandwani2025|pathak2026|sarkar2020|vanderroest2021,,Scaling recomputed in retained cohort; study deletion uses union of outcome sources.,0.391044257291,-0.00629890828823,estimated,estimated,,,1,1,{},"{""elc_min_heavy_distance_8act_mean_ab"":14.23780800188961}"
C018,leave_one_variant_out,D778V,15,A797T|D382Y|E497D|F834L|G768R|H251N|I457T|L781P|P710R|R249Q|R403Q|R663H|R719W|S782N|Y115H,D778V,adhikari2019|morck2022|nandwani2025|pathak2026|sarkar2020|vanderroest2021,,Scaling recomputed in retained cohort; study deletion uses union of outcome sources.,0.420035265342,0.0429452789532,estimated,estimated,,,1,1,{},"{""elc_min_heavy_distance_8act_mean_ab"":17.32643446855296}"
C018,leave_one_variant_out,E497D,15,A797T|D382Y|D778V|F834L|G768R|H251N|I457T|L781P|P710R|R249Q|R403Q|R663H|R719W|S782N|Y115H,E497D,adhikari2019|morck2022|nandwani2025|pathak2026|sarkar2020|vanderroest2021,,Scaling recomputed in retained cohort; study deletion uses union of outcome sources.,0.38039594813,0.0108049314428,estimated,estimated,,,1,1,{},"{""elc_min_heavy_distance_8act_mean_ab"":17.737265962131037}"
C018,leave_one_variant_out,F834L,15,A797T|D382Y|D778V|E497D|G768R|H251N|I457T|L781P|P710R|R249Q|R403Q|R663H|R719W|S782N|Y115H,F834L,adhikari2019|morck2022|nandwani2025|pathak2026|sarkar2020|vanderroest2021,,Scaling recomputed in retained cohort; study deletion uses union of outcome sources.,0.379611458348,0.0132741407445,estimated,estimated,,,1,1,{},"{""elc_min_heavy_distance_8act_mean_ab"":17.567724236510898}"
C018,leave_one_variant_out,G768R,15,A797T|D382Y|D778V|E497D|F834L|H251N|I457T|L781P|P710R|R249Q|R403Q|R663H|R719W|S782N|Y115H,G768R,adhikari2019|morck2022|nandwani2025|sarkar2020|vanderroest2021,,Scaling recomputed in retained cohort; study deletion uses union of outcome sources.,0.393145466966,0.0175809618276,estimated,estimated,,,1,1,{},"{""elc_min_heavy_distance_8act_mean_ab"":17.739099393738197}"
C018,leave_one_variant_out,H251N,15,A797T|D382Y|D778V|E497D|F834L|G768R|I457T|L781P|P710R|R249Q|R403Q|R663H|R719W|S782N|Y115H,H251N,adhikari2019|morck2022|nandwani2025|pathak2026|sarkar2020|vanderroest2021,,Scaling recomputed in retained cohort; study deletion uses union of outcome sources.,0.38526541584,0.0153735478158,estimated,estimated,,,1,1,{},"{""elc_min_heavy_distance_8act_mean_ab"":17.67149714683986}"
C018,leave_one_variant_out,I457T,15,A797T|D382Y|D778V|E497D|F834L|G768R|H251N|L781P|P710R|R249Q|R403Q|R663H|R719W|S782N|Y115H,I457T,adhikari2019|morck2022|nandwani2025|pathak2026|sarkar2020|vanderroest2021,,Scaling recomputed in retained cohort; study deletion uses union of outcome sources.,0.414049423442,0.0421027548786,estimated,estimated,,,1,1,{},"{""elc_min_heavy_distance_8act_mean_ab"":17.633283311399957}"
C018,leave_one_variant_out,L781P,15,A797T|D382Y|D778V|E497D|F834L|G768R|H251N|I457T|P710R|R249Q|R403Q|R663H|R719W|S782N|Y115H,L781P,adhikari2019|morck2022|nandwani2025|pathak2026|sarkar2020|vanderroest2021,,Scaling recomputed in retained cohort; study deletion uses union of outcome sources.,0.431946140373,0.0556618855923,estimated,estimated,,,1,1,{},"{""elc_min_heavy_distance_8act_mean_ab"":17.154370443082893}"
C018,leave_one_variant_out,P710R,15,A797T|D382Y|D778V|E497D|F834L|G768R|H251N|I457T|L781P|R249Q|R403Q|R663H|R719W|S782N|Y115H,P710R,adhikari2019|morck2022|nandwani2025|pathak2026|sarkar2020,,Scaling recomputed in retained cohort; study deletion uses union of outcome sources.,0.381950538588,0.0152551900545,estimated,estimated,,,1,1,{},"{""elc_min_heavy_distance_8act_mean_ab"":17.749165115323446}"
C018,leave_one_variant_out,R249Q,15,A797T|D382Y|D778V|E497D|F834L|G768R|H251N|I457T|L781P|P710R|R403Q|R663H|R719W|S782N|Y115H,R249Q,adhikari2019|morck2022|nandwani2025|pathak2026|sarkar2020|vanderroest2021,,Scaling recomputed in retained cohort; study deletion uses union of outcome sources.,0.389396409405,0.0196591443722,estimated,estimated,,,1,1,{},"{""elc_min_heavy_distance_8act_mean_ab"":17.74960938471955}"
C018,leave_one_variant_out,R403Q,15,A797T|D382Y|D778V|E497D|F834L|G768R|H251N|I457T|L781P|P710R|R249Q|R663H|R719W|S782N|Y115H,R403Q,adhikari2019|morck2022|nandwani2025|pathak2026|sarkar2020|vanderroest2021,,Scaling recomputed in retained cohort; study deletion uses union of outcome sources.,0.387970818376,-0.0178360182886,estimated,estimated,,,1,1,{},"{""elc_min_heavy_distance_8act_mean_ab"":14.023333191469314}"
C018,leave_one_variant_out,R663H,15,A797T|D382Y|D778V|E497D|F834L|G768R|H251N|I457T|L781P|P710R|R249Q|R403Q|R719W|S782N|Y115H,R663H,adhikari2019|morck2022|nandwani2025|pathak2026|sarkar2020|vanderroest2021,,Scaling recomputed in retained cohort; study deletion uses union of outcome sources.,0.402014924039,0.0332246489767,estimated,estimated,,,1,1,{},"{""elc_min_heavy_distance_8act_mean_ab"":17.74729253403323}"
C018,leave_one_variant_out,R719W,15,A797T|D382Y|D778V|E497D|F834L|G768R|H251N|I457T|L781P|P710R|R249Q|R403Q|R663H|S782N|Y115H,R719W,adhikari2019|morck2022|nandwani2025|pathak2026|sarkar2020|vanderroest2021,,Scaling recomputed in retained cohort; study deletion uses union of outcome sources.,0.376884980192,-0.00610371320587,estimated,estimated,,,1,1,{},"{""elc_min_heavy_distance_8act_mean_ab"":17.334519774946987}"
C018,leave_one_variant_out,S782N,15,A797T|D382Y|D778V|E497D|F834L|G768R|H251N|I457T|L781P|P710R|R249Q|R403Q|R663H|R719W|Y115H,S782N,adhikari2019|morck2022|nandwani2025|pathak2026|sarkar2020|vanderroest2021,,Scaling recomputed in retained cohort; study deletion uses union of outcome sources.,0.421961902032,0.0448767150218,estimated,estimated,,,1,1,{},"{""elc_min_heavy_distance_8act_mean_ab"":17.23906456275322}"
C018,leave_one_variant_out,Y115H,15,A797T|D382Y|D778V|E497D|F834L|G768R|H251N|I457T|L781P|P710R|R249Q|R403Q|R663H|R719W|S782N,Y115H,adhikari2019|morck2022|nandwani2025|pathak2026|sarkar2020|vanderroest2021,,Scaling recomputed in retained cohort; study deletion uses union of outcome sources.,0.378225420213,0.00886017595411,estimated,estimated,,,1,1,{},"{""elc_min_heavy_distance_8act_mean_ab"":17.72794347798123}"
C018,leave_one_study_out,adhikari2019,11,A797T|D778V|E497D|F834L|G768R|L781P|P710R|R403Q|R663H|S782N|Y115H,D382Y|H251N|I457T|R249Q|R719W,morck2022|nandwani2025|pathak2026|sarkar2020|vanderroest2021,,Scaling recomputed in retained cohort; study deletion uses union of outcome sources.,0.396923817658,-0.0676433418756,estimated,estimated,,,1,1,{},"{""elc_min_heavy_distance_8act_mean_ab"":16.25464258673869}"
C018,leave_one_study_out,morck2022,11,D382Y|E497D|G768R|H251N|I457T|P710R|R249Q|R403Q|R663H|R719W|Y115H,A797T|D778V|F834L|L781P|S782N,adhikari2019|nandwani2025|pathak2026|sarkar2020|vanderroest2021,,Scaling recomputed in retained cohort; study deletion uses union of outcome sources.,0.474125905105,0.0849006103043,estimated,estimated,,,1,1,{},"{""elc_min_heavy_distance_8act_mean_ab"":17.55598855101139}"
C018,leave_one_study_out,nandwani2025,14,A797T|D382Y|D778V|F834L|G768R|H251N|I457T|L781P|P710R|R249Q|R403Q|R663H|R719W|S782N,E497D|Y115H,adhikari2019|morck2022|pathak2026|sarkar2020|vanderroest2021,,Scaling recomputed in retained cohort; study deletion uses union of outcome sources.,0.379625352407,0.0050631902491,estimated,estimated,,,1,1,{},"{""elc_min_heavy_distance_8act_mean_ab"":18.379693299068364}"
C018,leave_one_study_out,pathak2026,15,A797T|D382Y|D778V|E497D|F834L|H251N|I457T|L781P|P710R|R249Q|R403Q|R663H|R719W|S782N|Y115H,G768R,adhikari2019|morck2022|nandwani2025|sarkar2020|vanderroest2021,,Scaling recomputed in retained cohort; study deletion uses union of outcome sources.,0.393145466966,0.0175809618276,estimated,estimated,,,1,1,{},"{""elc_min_heavy_distance_8act_mean_ab"":17.739099393738197}"
C018,leave_one_study_out,sarkar2020,14,A797T|D382Y|D778V|E497D|F834L|G768R|H251N|I457T|L781P|P710R|R249Q|R719W|S782N|Y115H,R403Q|R663H,adhikari2019|morck2022|nandwani2025|pathak2026|vanderroest2021,,Scaling recomputed in retained cohort; study deletion uses union of outcome sources.,0.408312338974,-0.00120748043598,estimated,estimated,,,1,1,{},"{""elc_min_heavy_distance_8act_mean_ab"":14.506832804979679}"
C018,leave_one_study_out,vanderroest2021,15,A797T|D382Y|D778V|E497D|F834L|G768R|H251N|I457T|L781P|R249Q|R403Q|R663H|R719W|S782N|Y115H,P710R,adhikari2019|morck2022|nandwani2025|pathak2026|sarkar2020,,Scaling recomputed in retained cohort; study deletion uses union of outcome sources.,0.381950538588,0.0152551900545,estimated,estimated,,,1,1,{},"{""elc_min_heavy_distance_8act_mean_ab"":17.749165115323446}"
C019,leave_one_variant_out,A797T,15,D382Y|D778V|E497D|F834L|G768R|H251N|I457T|L781P|P710R|R249Q|R403Q|R663H|R719W|S782N|Y115H,A797T,adhikari2019|morck2022|nandwani2025|pathak2026|sarkar2020|vanderroest2021,,Scaling recomputed in retained cohort; study deletion uses union of outcome sources.,0.348925955545,-0.0722858872154,estimated,estimated,,,1,1,{},"{""delta_charge"":0.7559289460184544}"
C019,leave_one_variant_out,D382Y,15,A797T|D778V|E497D|F834L|G768R|H251N|I457T|L781P|P710R|R249Q|R403Q|R663H|R719W|S782N|Y115H,D382Y,adhikari2019|morck2022|nandwani2025|pathak2026|sarkar2020|vanderroest2021,,Scaling recomputed in retained cohort; study deletion uses union of outcome sources.,0.268581633121,-0.115876086357,estimated,estimated,,,1,1,{},"{""delta_charge"":0.7037315505489968}"
C019,leave_one_variant_out,D778V,15,A797T|D382Y|E497D|F834L|G768R|H251N|I457T|L781P|P710R|R249Q|R403Q|R663H|R719W|S782N|Y115H,D778V,adhikari2019|morck2022|nandwani2025|pathak2026|sarkar2020|vanderroest2021,,Scaling recomputed in retained cohort; study deletion uses union of outcome sources.,0.33046970806,-0.0647565674617,estimated,estimated,,,1,1,{},"{""delta_charge"":0.7037315505489968}"
C019,leave_one_variant_out,E497D,15,A797T|D382Y|D778V|F834L|G768R|H251N|I457T|L781P|P710R|R249Q|R403Q|R663H|R719W|S782N|Y115H,E497D,adhikari2019|morck2022|nandwani2025|pathak2026|sarkar2020|vanderroest2021,,Scaling recomputed in retained cohort; study deletion uses union of outcome sources.,0.268970251802,-0.104422426189,estimated,estimated,,,1,1,{},"{""delta_charge"":0.7559289460184544}"
C019,leave_one_variant_out,F834L,15,A797T|D382Y|D778V|E497D|G768R|H251N|I457T|L781P|P710R|R249Q|R403Q|R663H|R719W|S782N|Y115H,F834L,adhikari2019|morck2022|nandwani2025|pathak2026|sarkar2020|vanderroest2021,,Scaling recomputed in retained cohort; study deletion uses union of outcome sources.,0.264831475504,-0.111601966345,estimated,estimated,,,1,1,{},"{""delta_charge"":0.7559289460184544}"
C019,leave_one_variant_out,G768R,15,A797T|D382Y|D778V|E497D|F834L|H251N|I457T|L781P|P710R|R249Q|R403Q|R663H|R719W|S782N|Y115H,G768R,adhikari2019|morck2022|nandwani2025|sarkar2020|vanderroest2021,,Scaling recomputed in retained cohort; study deletion uses union of outcome sources.,0.322803070062,-0.0729679619581,estimated,estimated,,,1,1,{},"{""delta_charge"":0.7037315505489968}"
C019,leave_one_variant_out,H251N,15,A797T|D382Y|D778V|E497D|F834L|G768R|I457T|L781P|P710R|R249Q|R403Q|R663H|R719W|S782N|Y115H,H251N,adhikari2019|morck2022|nandwani2025|pathak2026|sarkar2020|vanderroest2021,,Scaling recomputed in retained cohort; study deletion uses union of outcome sources.,0.303276551924,-0.0841648369773,estimated,estimated,,,1,1,{},"{""delta_charge"":0.7559289460184544}"
C019,leave_one_variant_out,I457T,15,A797T|D382Y|D778V|E497D|F834L|G768R|H251N|L781P|P710R|R249Q|R403Q|R663H|R719W|S782N|Y115H,I457T,adhikari2019|morck2022|nandwani2025|pathak2026|sarkar2020|vanderroest2021,,Scaling recomputed in retained cohort; study deletion uses union of outcome sources.,0.276564326151,-0.110181482472,estimated,estimated,,,1,1,{},"{""delta_charge"":0.7559289460184544}"
C019,leave_one_variant_out,L781P,15,A797T|D382Y|D778V|E497D|F834L|G768R|H251N|I457T|P710R|R249Q|R403Q|R663H|R719W|S782N|Y115H,L781P,adhikari2019|morck2022|nandwani2025|pathak2026|sarkar2020|vanderroest2021,,Scaling recomputed in retained cohort; study deletion uses union of outcome sources.,0.266661713259,-0.107567711648,estimated,estimated,,,1,1,{},"{""delta_charge"":0.7559289460184544}"
C019,leave_one_variant_out,P710R,15,A797T|D382Y|D778V|E497D|F834L|G768R|H251N|I457T|L781P|R249Q|R403Q|R663H|R719W|S782N|Y115H,P710R,adhikari2019|morck2022|nandwani2025|pathak2026|sarkar2020,,Scaling recomputed in retained cohort; study deletion uses union of outcome sources.,0.258099952888,-0.122967882791,estimated,estimated,,,1,1,{},"{""delta_charge"":0.7037315505489968}"
C019,leave_one_variant_out,R249Q,15,A797T|D382Y|D778V|E497D|F834L|G768R|H251N|I457T|L781P|P710R|R403Q|R663H|R719W|S782N|Y115H,R249Q,adhikari2019|morck2022|nandwani2025|pathak2026|sarkar2020|vanderroest2021,,Scaling recomputed in retained cohort; study deletion uses union of outcome sources.,0.291354951736,-0.111017005079,estimated,estimated,,,1,1,{},"{""delta_charge"":0.7037315505489968}"
C019,leave_one_variant_out,R403Q,15,A797T|D382Y|D778V|E497D|F834L|G768R|H251N|I457T|L781P|P710R|R249Q|R663H|R719W|S782N|Y115H,R403Q,adhikari2019|morck2022|nandwani2025|pathak2026|sarkar2020|vanderroest2021,,Scaling recomputed in retained cohort; study deletion uses union of outcome sources.,0.332672418496,-0.074983854853,estimated,estimated,,,1,1,{},"{""delta_charge"":0.7037315505489968}"
C019,leave_one_variant_out,R663H,15,A797T|D382Y|D778V|E497D|F834L|G768R|H251N|I457T|L781P|P710R|R249Q|R403Q|R719W|S782N|Y115H,R663H,adhikari2019|morck2022|nandwani2025|pathak2026|sarkar2020|vanderroest2021,,Scaling recomputed in retained cohort; study deletion uses union of outcome sources.,0.327148297571,-0.0574221178936,estimated,estimated,,,1,1,{},"{""delta_charge"":0.7037315505489968}"
C019,leave_one_variant_out,R719W,15,A797T|D382Y|D778V|E497D|F834L|G768R|H251N|I457T|L781P|P710R|R249Q|R403Q|R663H|S782N|Y115H,R719W,adhikari2019|morck2022|nandwani2025|pathak2026|sarkar2020|vanderroest2021,,Scaling recomputed in retained cohort; study deletion uses union of outcome sources.,0.294785685786,-0.105124655932,estimated,estimated,,,1,1,{},"{""delta_charge"":0.7037315505489968}"
C019,leave_one_variant_out,S782N,15,A797T|D382Y|D778V|E497D|F834L|G768R|H251N|I457T|L781P|P710R|R249Q|R403Q|R663H|R719W|Y115H,S782N,adhikari2019|morck2022|nandwani2025|pathak2026|sarkar2020|vanderroest2021,,Scaling recomputed in retained cohort; study deletion uses union of outcome sources.,0.266010671394,-0.111976666355,estimated,estimated,,,1,1,{},"{""delta_charge"":0.7559289460184544}"
C019,leave_one_variant_out,Y115H,15,A797T|D382Y|D778V|E497D|F834L|G768R|H251N|I457T|L781P|P710R|R249Q|R403Q|R663H|R719W|S782N,Y115H,adhikari2019|morck2022|nandwani2025|pathak2026|sarkar2020|vanderroest2021,,Scaling recomputed in retained cohort; study deletion uses union of outcome sources.,0.268970251802,-0.104422426189,estimated,estimated,,,1,1,{},"{""delta_charge"":0.7559289460184544}"
C019,leave_one_study_out,adhikari2019,11,A797T|D778V|E497D|F834L|G768R|L781P|P710R|R403Q|R663H|S782N|Y115H,D382Y|H251N|I457T|R249Q|R719W,morck2022|nandwani2025|pathak2026|sarkar2020|vanderroest2021,,Scaling recomputed in retained cohort; study deletion uses union of outcome sources.,0.473420670073,-0.00792522819863,estimated,estimated,,,1,1,{},"{""delta_charge"":0.7006490497453706}"
C019,leave_one_study_out,morck2022,11,D382Y|E497D|G768R|H251N|I457T|P710R|R249Q|R403Q|R663H|R719W|Y115H,A797T|D778V|F834L|L781P|S782N,adhikari2019|nandwani2025|pathak2026|sarkar2020|vanderroest2021,,Scaling recomputed in retained cohort; study deletion uses union of outcome sources.,0.365014099761,-0.0939621848945,estimated,estimated,,,1,1,{},"{""delta_charge"":0.8312094145936334}"
C019,leave_one_study_out,nandwani2025,14,A797T|D382Y|D778V|F834L|G768R|H251N|I457T|L781P|P710R|R249Q|R403Q|R663H|R719W|S782N,E497D|Y115H,adhikari2019|morck2022|pathak2026|sarkar2020|vanderroest2021,,Scaling recomputed in retained cohort; study deletion uses union of outcome sources.,0.266680198697,-0.110433349999,estimated,estimated,,,1,1,{},"{""delta_charge"":0.7844645405527362}"
C019,leave_one_study_out,pathak2026,15,A797T|D382Y|D778V|E497D|F834L|H251N|I457T|L781P|P710R|R249Q|R403Q|R663H|R719W|S782N|Y115H,G768R,adhikari2019|morck2022|nandwani2025|sarkar2020|vanderroest2021,,Scaling recomputed in retained cohort; study deletion uses union of outcome sources.,0.322803070062,-0.0729679619581,estimated,estimated,,,1,1,{},"{""delta_charge"":0.7037315505489968}"
C019,leave_one_study_out,sarkar2020,14,A797T|D382Y|D778V|E497D|F834L|G768R|H251N|I457T|L781P|P710R|R249Q|R719W|S782N|Y115H,R403Q|R663H,adhikari2019|morck2022|nandwani2025|pathak2026|vanderroest2021,,Scaling recomputed in retained cohort; study deletion uses union of outcome sources.,0.411004624888,0.00723254965946,estimated,estimated,,,1,1,{},"{""delta_charge"":0.6629935441317958}"
C019,leave_one_study_out,vanderroest2021,15,A797T|D382Y|D778V|E497D|F834L|G768R|H251N|I457T|L781P|R249Q|R403Q|R663H|R719W|S782N|Y115H,P710R,adhikari2019|morck2022|nandwani2025|pathak2026|sarkar2020,,Scaling recomputed in retained cohort; study deletion uses union of outcome sources.,0.258099952888,-0.122967882791,estimated,estimated,,,1,1,{},"{""delta_charge"":0.7037315505489968}"
C020,leave_one_variant_out,A797T,13,D778V|E497D|F834L|G768R|H251N|I457T|L781P|R249Q|R403Q|R663H|R719W|S782N|Y115H,A797T,adhikari2019|morck2022|nandwani2025|pathak2026|sarkar2020,,Scaling recomputed in retained cohort; study deletion uses union of outcome sources.,0.385533405462,-0.0808877633413,estimated,estimated,,,1,1,{},"{""grantham_distance"":39.35212502000043}"
C020,leave_one_variant_out,D778V,13,A797T|E497D|F834L|G768R|H251N|I457T|L781P|R249Q|R403Q|R663H|R719W|S782N|Y115H,D778V,adhikari2019|morck2022|nandwani2025|pathak2026|sarkar2020,,Scaling recomputed in retained cohort; study deletion uses union of outcome sources.,0.443312166838,-0.0231987089561,estimated,estimated,,,1,1,{},"{""grantham_distance"":31.378173044167877}"
C020,leave_one_variant_out,E497D,13,A797T|D778V|F834L|G768R|H251N|I457T|L781P|R249Q|R403Q|R663H|R719W|S782N|Y115H,E497D,adhikari2019|morck2022|nandwani2025|pathak2026|sarkar2020,,Scaling recomputed in retained cohort; study deletion uses union of outcome sources.,0.344185130759,-0.10665479469,estimated,estimated,,,1,1,{},"{""grantham_distance"":38.75250198705124}"
C020,leave_one_variant_out,F834L,13,A797T|D778V|E497D|G768R|H251N|I457T|L781P|R249Q|R403Q|R663H|R719W|S782N|Y115H,F834L,adhikari2019|morck2022|nandwani2025|pathak2026|sarkar2020,,Scaling recomputed in retained cohort; study deletion uses union of outcome sources.,0.325161839628,-0.135571033843,estimated,estimated,,,1,1,{},"{""grantham_distance"":36.66864796511788}"
C020,leave_one_variant_out,G768R,13,A797T|D778V|E497D|F834L|H251N|I457T|L781P|R249Q|R403Q|R663H|R719W|S782N|Y115H,G768R,adhikari2019|morck2022|nandwani2025|sarkar2020,,Scaling recomputed in retained cohort; study deletion uses union of outcome sources.,0.337077115409,-0.127364310495,estimated,estimated,,,1,1,{},"{""grantham_distance"":36.17921913800652}"
C020,leave_one_variant_out,H251N,13,A797T|D778V|E497D|F834L|G768R|I457T|L781P|R249Q|R403Q|R663H|R719W|S782N|Y115H,H251N,adhikari2019|morck2022|nandwani2025|pathak2026|sarkar2020,,Scaling recomputed in retained cohort; study deletion uses union of outcome sources.,0.339428997487,-0.100724757722,estimated,estimated,,,1,1,{},"{""grantham_distance"":39.547115684640765}"
C020,leave_one_variant_out,I457T,13,A797T|D778V|E497D|F834L|G768R|H251N|L781P|R249Q|R403Q|R663H|R719W|S782N|Y115H,I457T,adhikari2019|morck2022|nandwani2025|pathak2026|sarkar2020,,Scaling recomputed in retained cohort; study deletion uses union of outcome sources.,0.396417274142,-0.0491138794332,estimated,estimated,,,1,1,{},"{""grantham_distance"":39.215545060077574}"
C020,leave_one_variant_out,L781P,13,A797T|D778V|E497D|F834L|G768R|H251N|I457T|R249Q|R403Q|R663H|R719W|S782N|Y115H,L781P,adhikari2019|morck2022|nandwani2025|pathak2026|sarkar2020,,Scaling recomputed in retained cohort; study deletion uses union of outcome sources.,0.389933639204,-0.0714854757869,estimated,estimated,,,1,1,{},"{""grantham_distance"":38.7612680060379}"
C020,leave_one_variant_out,R249Q,13,A797T|D778V|E497D|F834L|G768R|H251N|I457T|L781P|R403Q|R663H|R719W|S782N|Y115H,R249Q,adhikari2019|morck2022|nandwani2025|pathak2026|sarkar2020,,Scaling recomputed in retained cohort; study deletion uses union of outcome sources.,0.409730113306,-0.042400275271,estimated,estimated,,,1,1,{},"{""grantham_distance"":38.624590280791}"
C020,leave_one_variant_out,R403Q,13,A797T|D778V|E497D|F834L|G768R|H251N|I457T|L781P|R249Q|R663H|R719W|S782N|Y115H,R403Q,adhikari2019|morck2022|nandwani2025|pathak2026|sarkar2020,,Scaling recomputed in retained cohort; study deletion uses union of outcome sources.,0.342825283359,-0.112939292255,estimated,estimated,,,1,1,{},"{""grantham_distance"":38.624590280791}"
C020,leave_one_variant_out,R663H,13,A797T|D778V|E497D|F834L|G768R|H251N|I457T|L781P|R249Q|R403Q|R719W|S782N|Y115H,R663H,adhikari2019|morck2022|nandwani2025|pathak2026|sarkar2020,,Scaling recomputed in retained cohort; study deletion uses union of outcome sources.,0.330317771155,-0.11952106576,estimated,estimated,,,1,1,{},"{""grantham_distance"":37.44962428348727}"
C020,leave_one_variant_out,R719W,13,A797T|D778V|E497D|F834L|G768R|H251N|I457T|L781P|R249Q|R403Q|R663H|S782N|Y115H,R719W,adhikari2019|morck2022|nandwani2025|pathak2026|sarkar2020,,Scaling recomputed in retained cohort; study deletion uses union of outcome sources.,0.33422888677,-0.145560247008,estimated,estimated,,,1,1,{},"{""grantham_distance"":38.566791879769255}"
C020,leave_one_variant_out,S782N,13,A797T|D778V|E497D|F834L|G768R|H251N|I457T|L781P|R249Q|R403Q|R663H|R719W|Y115H,S782N,adhikari2019|morck2022|nandwani2025|pathak2026|sarkar2020,,Scaling recomputed in retained cohort; study deletion uses union of outcome sources.,0.347083186438,-0.114017731716,estimated,estimated,,,1,1,{},"{""grantham_distance"":38.812831608063554}"
C020,leave_one_variant_out,Y115H,13,A797T|D778V|E497D|F834L|G768R|H251N|I457T|L781P|R249Q|R403Q|R663H|R719W|S782N,Y115H,adhikari2019|morck2022|nandwani2025|pathak2026|sarkar2020,,Scaling recomputed in retained cohort; study deletion uses union of outcome sources.,0.36142889344,-0.0856709396287,estimated,estimated,,,1,1,{},"{""grantham_distance"":39.41316323130428}"
C020,leave_one_study_out,adhikari2019,10,A797T|D778V|E497D|F834L|G768R|L781P|R403Q|R663H|S782N|Y115H,H251N|I457T|R249Q|R719W,morck2022|nandwani2025|pathak2026|sarkar2020,,Scaling recomputed in retained cohort; study deletion uses union of outcome sources.,0.424918392715,-0.105646583944,estimated,estimated,,,1,1,{},"{""grantham_distance"":43.15463152689665}"
C020,leave_one_study_out,morck2022,9,E497D|G768R|H251N|I457T|R249Q|R403Q|R663H|R719W|Y115H,A797T|D778V|F834L|L781P|S782N,adhikari2019|nandwani2025|pathak2026|sarkar2020,,Scaling recomputed in retained cohort; study deletion uses union of outcome sources.,0.535417395571,-0.0316433896209,estimated,estimated,,,1,1,{},"{""grantham_distance"":32.17573274655572}"
C020,leave_one_study_out,nandwani2025,12,A797T|D778V|F834L|G768R|H251N|I457T|L781P|R249Q|R403Q|R663H|R719W|S782N,E497D|Y115H,adhikari2019|morck2022|pathak2026|sarkar2020,,Scaling recomputed in retained cohort; study deletion uses union of outcome sources.,0.354861393708,-0.104099249976,estimated,estimated,,,1,1,{},"{""grantham_distance"":40.368379464700595}"
C020,leave_one_study_out,pathak2026,13,A797T|D778V|E497D|F834L|H251N|I457T|L781P|R249Q|R403Q|R663H|R719W|S782N|Y115H,G768R,adhikari2019|morck2022|nandwani2025|sarkar2020,,Scaling recomputed in retained cohort; study deletion uses union of outcome sources.,0.337077115409,-0.127364310495,estimated,estimated,,,1,1,{},"{""grantham_distance"":36.17921913800652}"
C020,leave_one_study_out,sarkar2020,12,A797T|D778V|E497D|F834L|G768R|H251N|I457T|L781P|R249Q|R719W|S782N|Y115H,R403Q|R663H,adhikari2019|morck2022|nandwani2025|pathak2026,,Scaling recomputed in retained cohort; study deletion uses union of outcome sources.,0.329000831607,-0.147485082509,estimated,estimated,,,1,1,{},"{""grantham_distance"":37.81654279665064}"
C021,leave_one_variant_out,A797T,13,D778V|E497D|F834L|G768R|H251N|I457T|L781P|R249Q|R403Q|R663H|R719W|S782N|Y115H,A797T,adhikari2019|morck2022|nandwani2025|pathak2026|sarkar2020,,Scaling recomputed in retained cohort; study deletion uses union of outcome sources.,0.402192442967,-0.0310024181106,estimated,estimated,,,1,1,{},"{""catalytic_motif_min_ca_distance_8act_mean_ab"":20.157163559836018}"
C021,leave_one_variant_out,D778V,13,A797T|E497D|F834L|G768R|H251N|I457T|L781P|R249Q|R403Q|R663H|R719W|S782N|Y115H,D778V,adhikari2019|morck2022|nandwani2025|pathak2026|sarkar2020,,Scaling recomputed in retained cohort; study deletion uses union of outcome sources.,0.413313177291,-0.0683795176276,estimated,estimated,,,1,1,{},"{""catalytic_motif_min_ca_distance_8act_mean_ab"":21.104464789646972}"
C021,leave_one_variant_out,E497D,13,A797T|D778V|F834L|G768R|H251N|I457T|L781P|R249Q|R403Q|R663H|R719W|S782N|Y115H,E497D,adhikari2019|morck2022|nandwani2025|pathak2026|sarkar2020,,Scaling recomputed in retained cohort; study deletion uses union of outcome sources.,0.407254946881,-0.0652750998551,estimated,estimated,,,1,1,{},"{""catalytic_motif_min_ca_distance_8act_mean_ab"":20.96889256190285}"
C021,leave_one_variant_out,F834L,13,A797T|D778V|E497D|G768R|H251N|I457T|L781P|R249Q|R403Q|R663H|R719W|S782N|Y115H,F834L,adhikari2019|morck2022|nandwani2025|pathak2026|sarkar2020,,Scaling recomputed in retained cohort; study deletion uses union of outcome sources.,0.464360473673,-0.0360198980304,estimated,estimated,,,1,1,{},"{""catalytic_motif_min_ca_distance_8act_mean_ab"":13.31026264566788}"
C021,leave_one_variant_out,G768R,13,A797T|D778V|E497D|F834L|H251N|I457T|L781P|R249Q|R403Q|R663H|R719W|S782N|Y115H,G768R,adhikari2019|morck2022|nandwani2025|sarkar2020,,Scaling recomputed in retained cohort; study deletion uses union of outcome sources.,0.427705788714,-0.0598918025129,estimated,estimated,,,1,1,{},"{""catalytic_motif_min_ca_distance_8act_mean_ab"":21.094558550026452}"
C021,leave_one_variant_out,H251N,13,A797T|D778V|E497D|F834L|G768R|I457T|L781P|R249Q|R403Q|R663H|R719W|S782N|Y115H,H251N,adhikari2019|morck2022|nandwani2025|pathak2026|sarkar2020,,Scaling recomputed in retained cohort; study deletion uses union of outcome sources.,0.418561020197,-0.0642203842226,estimated,estimated,,,1,1,{},"{""catalytic_motif_min_ca_distance_8act_mean_ab"":20.61854720633578}"
C021,leave_one_variant_out,I457T,13,A797T|D778V|E497D|F834L|G768R|H251N|L781P|R249Q|R403Q|R663H|R719W|S782N|Y115H,I457T,adhikari2019|morck2022|nandwani2025|pathak2026|sarkar2020,,Scaling recomputed in retained cohort; study deletion uses union of outcome sources.,0.387004670562,-0.0977901579562,estimated,estimated,,,1,1,{},"{""catalytic_motif_min_ca_distance_8act_mean_ab"":20.40857802401181}"
C021,leave_one_variant_out,L781P,13,A797T|D778V|E497D|F834L|G768R|H251N|I457T|R249Q|R403Q|R663H|R719W|S782N|Y115H,L781P,adhikari2019|morck2022|nandwani2025|pathak2026|sarkar2020,,Scaling recomputed in retained cohort; study deletion uses union of outcome sources.,0.414014184311,-0.066566666688,estimated,estimated,,,1,1,{},"{""catalytic_motif_min_ca_distance_8act_mean_ab"":21.00886189063727}"
C021,leave_one_variant_out,R249Q,13,A797T|D778V|E497D|F834L|G768R|H251N|I457T|L781P|R403Q|R663H|R719W|S782N|Y115H,R249Q,adhikari2019|morck2022|nandwani2025|pathak2026|sarkar2020,,Scaling recomputed in retained cohort; study deletion uses union of outcome sources.,0.4482083967,-0.0285060224166,estimated,estimated,,,1,1,{},"{""catalytic_motif_min_ca_distance_8act_mean_ab"":20.100533527242536}"
C021,leave_one_variant_out,R403Q,13,A797T|D778V|E497D|F834L|G768R|H251N|I457T|L781P|R249Q|R663H|R719W|S782N|Y115H,R403Q,adhikari2019|morck2022|nandwani2025|pathak2026|sarkar2020,,Scaling recomputed in retained cohort; study deletion uses union of outcome sources.,0.406757573783,-0.0671640856546,estimated,estimated,,,1,1,{},"{""catalytic_motif_min_ca_distance_8act_mean_ab"":21.11966224140116}"
C021,leave_one_variant_out,R663H,13,A797T|D778V|E497D|F834L|G768R|H251N|I457T|L781P|R249Q|R403Q|R719W|S782N|Y115H,R663H,adhikari2019|morck2022|nandwani2025|pathak2026|sarkar2020,,Scaling recomputed in retained cohort; study deletion uses union of outcome sources.,0.401996746458,-0.100592203946,estimated,estimated,,,1,1,{},"{""catalytic_motif_min_ca_distance_8act_mean_ab"":20.634513504825293}"
C021,leave_one_variant_out,R719W,13,A797T|D778V|E497D|F834L|G768R|H251N|I457T|L781P|R249Q|R403Q|R663H|S782N|Y115H,R719W,adhikari2019|morck2022|nandwani2025|pathak2026|sarkar2020,,Scaling recomputed in retained cohort; study deletion uses union of outcome sources.,0.431220918708,-0.0695914418341,estimated,estimated,,,1,1,{},"{""catalytic_motif_min_ca_distance_8act_mean_ab"":21.03943699709954}"
C021,leave_one_variant_out,S782N,13,A797T|D778V|E497D|F834L|G768R|H251N|I457T|L781P|R249Q|R403Q|R663H|R719W|Y115H,S782N,adhikari2019|morck2022|nandwani2025|pathak2026|sarkar2020,,Scaling recomputed in retained cohort; study deletion uses union of outcome sources.,0.418883655046,-0.0669282186416,estimated,estimated,,,1,1,{},"{""catalytic_motif_min_ca_distance_8act_mean_ab"":21.01302410638157}"
C021,leave_one_variant_out,Y115H,13,A797T|D778V|E497D|F834L|G768R|H251N|I457T|L781P|R249Q|R403Q|R663H|R719W|S782N,Y115H,adhikari2019|morck2022|nandwani2025|pathak2026|sarkar2020,,Scaling recomputed in retained cohort; study deletion uses union of outcome sources.,0.427013167707,-0.0650515430246,estimated,estimated,,,1,1,{},"{""catalytic_motif_min_ca_distance_8act_mean_ab"":20.308891982232407}"
C021,leave_one_study_out,adhikari2019,10,A797T|D778V|E497D|F834L|G768R|L781P|R403Q|R663H|S782N|Y115H,H251N|I457T|R249Q|R719W,morck2022|nandwani2025|pathak2026|sarkar2020,,Scaling recomputed in retained cohort; study deletion uses union of outcome sources.,0.450963637353,-0.1612876805,estimated,estimated,,,1,1,{},"{""catalytic_motif_min_ca_distance_8act_mean_ab"":21.168765177716413}"
C021,leave_one_study_out,morck2022,9,E497D|G768R|H251N|I457T|R249Q|R403Q|R663H|R719W|Y115H,A797T|D778V|F834L|L781P|S782N,adhikari2019|nandwani2025|pathak2026|sarkar2020,,Scaling recomputed in retained cohort; study deletion uses union of outcome sources.,0.502091507432,-0.0424403272285,estimated,estimated,,,1,1,{},"{""catalytic_motif_min_ca_distance_8act_mean_ab"":10.020696026075994}"
C021,leave_one_study_out,nandwani2025,12,A797T|D778V|F834L|G768R|H251N|I457T|L781P|R249Q|R403Q|R663H|R719W|S782N,E497D|Y115H,adhikari2019|morck2022|pathak2026|sarkar2020,,Scaling recomputed in retained cohort; study deletion uses union of outcome sources.,0.438870150716,-0.0602716358995,estimated,estimated,,,1,1,{},"{""catalytic_motif_min_ca_distance_8act_mean_ab"":20.971390187940177}"
C021,leave_one_study_out,pathak2026,13,A797T|D778V|E497D|F834L|H251N|I457T|L781P|R249Q|R403Q|R663H|R719W|S782N|Y115H,G768R,adhikari2019|morck2022|nandwani2025|sarkar2020,,Scaling recomputed in retained cohort; study deletion uses union of outcome sources.,0.427705788714,-0.0598918025129,estimated,estimated,,,1,1,{},"{""catalytic_motif_min_ca_distance_8act_mean_ab"":21.094558550026452}"
C021,leave_one_study_out,sarkar2020,12,A797T|D778V|E497D|F834L|G768R|H251N|I457T|L781P|R249Q|R719W|S782N|Y115H,R403Q|R663H,adhikari2019|morck2022|nandwani2025|pathak2026,,Scaling recomputed in retained cohort; study deletion uses union of outcome sources.,0.407417357155,-0.107764345548,estimated,estimated,,,1,1,{},"{""catalytic_motif_min_ca_distance_8act_mean_ab"":21.550278884518775}"
C022,leave_one_variant_out,A797T,15,D382Y|D778V|E497D|F834L|G768R|H251N|I457T|L781P|P710R|R249Q|R403Q|R663H|R719W|S782N|Y115H,A797T,adhikari2019|morck2022|nandwani2025|pathak2026|sarkar2020|vanderroest2021,,Scaling recomputed in retained cohort; study deletion uses union of outcome sources.,0.418812885382,-0.120802517266,estimated,estimated,,,1,1,{},"{""wt_site_rsa_8act_mean_ab"":0.18399885430644372}"
C022,leave_one_variant_out,D382Y,15,A797T|D778V|E497D|F834L|G768R|H251N|I457T|L781P|P710R|R249Q|R403Q|R663H|R719W|S782N|Y115H,D382Y,adhikari2019|morck2022|nandwani2025|pathak2026|sarkar2020|vanderroest2021,,Scaling recomputed in retained cohort; study deletion uses union of outcome sources.,0.380809521204,-0.119483505279,estimated,estimated,,,1,1,{},"{""wt_site_rsa_8act_mean_ab"":0.1906365592599791}"
C022,leave_one_variant_out,D778V,15,A797T|D382Y|E497D|F834L|G768R|H251N|I457T|L781P|P710R|R249Q|R403Q|R663H|R719W|S782N|Y115H,D778V,adhikari2019|morck2022|nandwani2025|pathak2026|sarkar2020|vanderroest2021,,Scaling recomputed in retained cohort; study deletion uses union of outcome sources.,0.360195534101,-0.165458123582,estimated,estimated,,,1,1,{},"{""wt_site_rsa_8act_mean_ab"":0.18850110859140243}"
C022,leave_one_variant_out,E497D,15,A797T|D382Y|D778V|F834L|G768R|H251N|I457T|L781P|P710R|R249Q|R403Q|R663H|R719W|S782N|Y115H,E497D,adhikari2019|morck2022|nandwani2025|pathak2026|sarkar2020|vanderroest2021,,Scaling recomputed in retained cohort; study deletion uses union of outcome sources.,0.387317429885,-0.128778652988,estimated,estimated,,,1,1,{},"{""wt_site_rsa_8act_mean_ab"":0.18770595229121828}"
C022,leave_one_variant_out,F834L,15,A797T|D382Y|D778V|E497D|G768R|H251N|I457T|L781P|P710R|R249Q|R403Q|R663H|R719W|S782N|Y115H,F834L,adhikari2019|morck2022|nandwani2025|pathak2026|sarkar2020|vanderroest2021,,Scaling recomputed in retained cohort; study deletion uses union of outcome sources.,0.384185209936,-0.129294355746,estimated,estimated,,,1,1,{},"{""wt_site_rsa_8act_mean_ab"":0.19073985894618609}"
C022,leave_one_variant_out,G768R,15,A797T|D382Y|D778V|E497D|F834L|H251N|I457T|L781P|P710R|R249Q|R403Q|R663H|R719W|S782N|Y115H,G768R,adhikari2019|morck2022|nandwani2025|sarkar2020|vanderroest2021,,Scaling recomputed in retained cohort; study deletion uses union of outcome sources.,0.5381128836,0.0438652037822,estimated,estimated,,,1,1,{},"{""wt_site_rsa_8act_mean_ab"":0.15500209630715522}"
C022,leave_one_variant_out,H251N,15,A797T|D382Y|D778V|E497D|F834L|G768R|I457T|L781P|P710R|R249Q|R403Q|R663H|R719W|S782N|Y115H,H251N,adhikari2019|morck2022|nandwani2025|pathak2026|sarkar2020|vanderroest2021,,Scaling recomputed in retained cohort; study deletion uses union of outcome sources.,0.375629808544,-0.144548370053,estimated,estimated,,,1,1,{},"{""wt_site_rsa_8act_mean_ab"":0.1880669578427393}"
C022,leave_one_variant_out,I457T,15,A797T|D382Y|D778V|E497D|F834L|G768R|H251N|L781P|P710R|R249Q|R403Q|R663H|R719W|S782N|Y115H,I457T,adhikari2019|morck2022|nandwani2025|pathak2026|sarkar2020|vanderroest2021,,Scaling recomputed in retained cohort; study deletion uses union of outcome sources.,0.447581882904,-0.0538466086108,estimated,estimated,,,1,1,{},"{""wt_site_rsa_8act_mean_ab"":0.18168454305830953}"
C022,leave_one_variant_out,L781P,15,A797T|D382Y|D778V|E497D|F834L|G768R|H251N|I457T|P710R|R249Q|R403Q|R663H|R719W|S782N|Y115H,L781P,adhikari2019|morck2022|nandwani2025|pathak2026|sarkar2020|vanderroest2021,,Scaling recomputed in retained cohort; study deletion uses union of outcome sources.,0.38711665696,-0.121997822131,estimated,estimated,,,1,1,{},"{""wt_site_rsa_8act_mean_ab"":0.19006800299460927}"
C022,leave_one_variant_out,P710R,15,A797T|D382Y|D778V|E497D|F834L|G768R|H251N|I457T|L781P|R249Q|R403Q|R663H|R719W|S782N|Y115H,P710R,adhikari2019|morck2022|nandwani2025|pathak2026|sarkar2020,,Scaling recomputed in retained cohort; study deletion uses union of outcome sources.,0.371722212565,-0.141220347435,estimated,estimated,,,1,1,{},"{""wt_site_rsa_8act_mean_ab"":0.18872828084093593}"
C022,leave_one_variant_out,R249Q,15,A797T|D382Y|D778V|E497D|F834L|G768R|H251N|I457T|L781P|P710R|R403Q|R663H|R719W|S782N|Y115H,R249Q,adhikari2019|morck2022|nandwani2025|pathak2026|sarkar2020|vanderroest2021,,Scaling recomputed in retained cohort; study deletion uses union of outcome sources.,0.401835603665,-0.120708753995,estimated,estimated,,,1,1,{},"{""wt_site_rsa_8act_mean_ab"":0.19073538105110788}"
C022,leave_one_variant_out,R403Q,15,A797T|D382Y|D778V|E497D|F834L|G768R|H251N|I457T|L781P|P710R|R249Q|R663H|R719W|S782N|Y115H,R403Q,adhikari2019|morck2022|nandwani2025|pathak2026|sarkar2020|vanderroest2021,,Scaling recomputed in retained cohort; study deletion uses union of outcome sources.,0.381822496774,-0.125315240598,estimated,estimated,,,1,1,{},"{""wt_site_rsa_8act_mean_ab"":0.19059507948029447}"
C022,leave_one_variant_out,R663H,15,A797T|D382Y|D778V|E497D|F834L|G768R|H251N|I457T|L781P|P710R|R249Q|R403Q|R719W|S782N|Y115H,R663H,adhikari2019|morck2022|nandwani2025|pathak2026|sarkar2020|vanderroest2021,,Scaling recomputed in retained cohort; study deletion uses union of outcome sources.,0.423076537625,-0.117218597415,estimated,estimated,,,1,1,{},"{""wt_site_rsa_8act_mean_ab"":0.15583167934311914}"
C022,leave_one_variant_out,R719W,15,A797T|D382Y|D778V|E497D|F834L|G768R|H251N|I457T|L781P|P710R|R249Q|R403Q|R663H|S782N|Y115H,R719W,adhikari2019|morck2022|nandwani2025|pathak2026|sarkar2020|vanderroest2021,,Scaling recomputed in retained cohort; study deletion uses union of outcome sources.,0.41067081365,-0.141653357469,estimated,estimated,,,1,1,{},"{""wt_site_rsa_8act_mean_ab"":0.19025781541744846}"
C022,leave_one_variant_out,S782N,15,A797T|D382Y|D778V|E497D|F834L|G768R|H251N|I457T|L781P|P710R|R249Q|R403Q|R663H|R719W|Y115H,S782N,adhikari2019|morck2022|nandwani2025|pathak2026|sarkar2020|vanderroest2021,,Scaling recomputed in retained cohort; study deletion uses union of outcome sources.,0.360224581396,-0.169222156424,estimated,estimated,,,1,1,{},"{""wt_site_rsa_8act_mean_ab"":0.18723186330424393}"
C022,leave_one_variant_out,Y115H,15,A797T|D382Y|D778V|E497D|F834L|G768R|H251N|I457T|L781P|P710R|R249Q|R403Q|R663H|R719W|S782N,Y115H,adhikari2019|morck2022|nandwani2025|pathak2026|sarkar2020|vanderroest2021,,Scaling recomputed in retained cohort; study deletion uses union of outcome sources.,0.400667826486,-0.127537694729,estimated,estimated,,,1,1,{},"{""wt_site_rsa_8act_mean_ab"":0.1831998356752289}"
C022,leave_one_study_out,adhikari2019,11,A797T|D778V|E497D|F834L|G768R|L781P|P710R|R403Q|R663H|S782N|Y115H,D382Y|H251N|I457T|R249Q|R719W,morck2022|nandwani2025|pathak2026|sarkar2020|vanderroest2021,,Scaling recomputed in retained cohort; study deletion uses union of outcome sources.,0.537791968561,-0.0714166128741,estimated,estimated,,,1,1,{},"{""wt_site_rsa_8act_mean_ab"":0.2091100256606126}"
C022,leave_one_study_out,morck2022,11,D382Y|E497D|G768R|H251N|I457T|P710R|R249Q|R403Q|R663H|R719W|Y115H,A797T|D778V|F834L|L781P|S782N,adhikari2019|nandwani2025|pathak2026|sarkar2020|vanderroest2021,,Scaling recomputed in retained cohort; study deletion uses union of outcome sources.,0.434451339772,-0.184706142387,estimated,estimated,,,1,1,{},"{""wt_site_rsa_8act_mean_ab"":0.21078032965841148}"
C022,leave_one_study_out,nandwani2025,14,A797T|D382Y|D778V|F834L|G768R|H251N|I457T|L781P|P710R|R249Q|R403Q|R663H|R719W|S782N,E497D|Y115H,adhikari2019|morck2022|pathak2026|sarkar2020|vanderroest2021,,Scaling recomputed in retained cohort; study deletion uses union of outcome sources.,0.416196381313,-0.127655166436,estimated,estimated,,,1,1,{},"{""wt_site_rsa_8act_mean_ab"":0.18608817042762799}"
C022,leave_one_study_out,pathak2026,15,A797T|D382Y|D778V|E497D|F834L|H251N|I457T|L781P|P710R|R249Q|R403Q|R663H|R719W|S782N|Y115H,G768R,adhikari2019|morck2022|nandwani2025|sarkar2020|vanderroest2021,,Scaling recomputed in retained cohort; study deletion uses union of outcome sources.,0.5381128836,0.0438652037822,estimated,estimated,,,1,1,{},"{""wt_site_rsa_8act_mean_ab"":0.15500209630715522}"
C022,leave_one_study_out,sarkar2020,14,A797T|D382Y|D778V|E497D|F834L|G768R|H251N|I457T|L781P|P710R|R249Q|R719W|S782N|Y115H,R403Q|R663H,adhikari2019|morck2022|nandwani2025|pathak2026|vanderroest2021,,Scaling recomputed in retained cohort; study deletion uses union of outcome sources.,0.42523511497,-0.119908015103,estimated,estimated,,,1,1,{},"{""wt_site_rsa_8act_mean_ab"":0.16171414410062984}"
C022,leave_one_study_out,vanderroest2021,15,A797T|D382Y|D778V|E497D|F834L|G768R|H251N|I457T|L781P|R249Q|R403Q|R663H|R719W|S782N|Y115H,P710R,adhikari2019|morck2022|nandwani2025|pathak2026|sarkar2020,,Scaling recomputed in retained cohort; study deletion uses union of outcome sources.,0.371722212565,-0.141220347435,estimated,estimated,,,1,1,{},"{""wt_site_rsa_8act_mean_ab"":0.18872828084093593}"
C023,leave_one_variant_out,A797T,15,D382Y|D778V|E497D|F834L|G768R|H251N|I457T|L781P|P710R|R249Q|R403Q|R663H|R719W|S782N|Y115H,A797T,adhikari2019|morck2022|nandwani2025|pathak2026|sarkar2020|vanderroest2021,,Scaling recomputed in retained cohort; study deletion uses union of outcome sources.,0.254394341978,0.0129815550928,estimated,estimated,,,1,1,{},"{""ihm_interface_flag_8act"":0.35186577527449836}"
C023,leave_one_variant_out,D382Y,15,A797T|D778V|E497D|F834L|G768R|H251N|I457T|L781P|P710R|R249Q|R403Q|R663H|R719W|S782N|Y115H,D382Y,adhikari2019|morck2022|nandwani2025|pathak2026|sarkar2020|vanderroest2021,,Scaling recomputed in retained cohort; study deletion uses union of outcome sources.,0.221110809964,,estimated,zero_u_distance_variance,,,1,1,{},"{""ihm_interface_flag_8act"":0.25819888974716115}"
C023,leave_one_variant_out,D778V,15,A797T|D382Y|E497D|F834L|G768R|H251N|I457T|L781P|P710R|R249Q|R403Q|R663H|R719W|S782N|Y115H,D778V,adhikari2019|morck2022|nandwani2025|pathak2026|sarkar2020|vanderroest2021,,Scaling recomputed in retained cohort; study deletion uses union of outcome sources.,0.269431281067,0.0243386663531,estimated,estimated,,,1,1,{},"{""ihm_interface_flag_8act"":0.35186577527449836}"
C023,leave_one_variant_out,E497D,15,A797T|D382Y|D778V|F834L|G768R|H251N|I457T|L781P|P710R|R249Q|R403Q|R663H|R719W|S782N|Y115H,E497D,adhikari2019|morck2022|nandwani2025|pathak2026|sarkar2020|vanderroest2021,,Scaling recomputed in retained cohort; study deletion uses union of outcome sources.,0.274026308913,0.0272431631795,estimated,estimated,,,1,1,{},"{""ihm_interface_flag_8act"":0.35186577527449836}"
C023,leave_one_variant_out,F834L,15,A797T|D382Y|D778V|E497D|G768R|H251N|I457T|L781P|P710R|R249Q|R403Q|R663H|R719W|S782N|Y115H,F834L,adhikari2019|morck2022|nandwani2025|pathak2026|sarkar2020|vanderroest2021,,Scaling recomputed in retained cohort; study deletion uses union of outcome sources.,0.270517761891,0.0249928886106,estimated,estimated,,,1,1,{},"{""ihm_interface_flag_8act"":0.35186577527449836}"
C023,leave_one_variant_out,G768R,15,A797T|D382Y|D778V|E497D|F834L|H251N|I457T|L781P|P710R|R249Q|R403Q|R663H|R719W|S782N|Y115H,G768R,adhikari2019|morck2022|nandwani2025|sarkar2020|vanderroest2021,,Scaling recomputed in retained cohort; study deletion uses union of outcome sources.,0.251201195859,0.0135981142168,estimated,estimated,,,1,1,{},"{""ihm_interface_flag_8act"":0.35186577527449836}"
C023,leave_one_variant_out,H251N,15,A797T|D382Y|D778V|E497D|F834L|G768R|I457T|L781P|P710R|R249Q|R403Q|R663H|R719W|S782N|Y115H,H251N,adhikari2019|morck2022|nandwani2025|pathak2026|sarkar2020|vanderroest2021,,Scaling recomputed in retained cohort; study deletion uses union of outcome sources.,0.257021894791,0.0188096623379,estimated,estimated,,,1,1,{},"{""ihm_interface_flag_8act"":0.35186577527449836}"
C023,leave_one_variant_out,I457T,15,A797T|D382Y|D778V|E497D|F834L|G768R|H251N|L781P|P710R|R249Q|R403Q|R663H|R719W|S782N|Y115H,I457T,adhikari2019|morck2022|nandwani2025|pathak2026|sarkar2020|vanderroest2021,,Scaling recomputed in retained cohort; study deletion uses union of outcome sources.,0.271527842955,0.0228348630109,estimated,estimated,,,1,1,{},"{""ihm_interface_flag_8act"":0.35186577527449836}"
C023,leave_one_variant_out,L781P,15,A797T|D382Y|D778V|E497D|F834L|G768R|H251N|I457T|P710R|R249Q|R403Q|R663H|R719W|S782N|Y115H,L781P,adhikari2019|morck2022|nandwani2025|pathak2026|sarkar2020|vanderroest2021,,Scaling recomputed in retained cohort; study deletion uses union of outcome sources.,0.275531421172,0.0278132243225,estimated,estimated,,,1,1,{},"{""ihm_interface_flag_8act"":0.35186577527449836}"
C023,leave_one_variant_out,P710R,15,A797T|D382Y|D778V|E497D|F834L|G768R|H251N|I457T|L781P|R249Q|R403Q|R663H|R719W|S782N|Y115H,P710R,adhikari2019|morck2022|nandwani2025|pathak2026|sarkar2020,,Scaling recomputed in retained cohort; study deletion uses union of outcome sources.,0.261259389698,0.0211354049941,estimated,estimated,,,1,1,{},"{""ihm_interface_flag_8act"":0.35186577527449836}"
C023,leave_one_variant_out,R249Q,15,A797T|D382Y|D778V|E497D|F834L|G768R|H251N|I457T|L781P|P710R|R403Q|R663H|R719W|S782N|Y115H,R249Q,adhikari2019|morck2022|nandwani2025|pathak2026|sarkar2020|vanderroest2021,,Scaling recomputed in retained cohort; study deletion uses union of outcome sources.,0.251934040252,0.0152225550986,estimated,estimated,,,1,1,{},"{""ihm_interface_flag_8act"":0.35186577527449836}"
C023,leave_one_variant_out,R403Q,15,A797T|D382Y|D778V|E497D|F834L|G768R|H251N|I457T|L781P|P710R|R249Q|R663H|R719W|S782N|Y115H,R403Q,adhikari2019|morck2022|nandwani2025|pathak2026|sarkar2020|vanderroest2021,,Scaling recomputed in retained cohort; study deletion uses union of outcome sources.,0.225998091274,,estimated,zero_u_distance_variance,,,1,1,{},"{""ihm_interface_flag_8act"":0.25819888974716115}"
C023,leave_one_variant_out,R663H,15,A797T|D382Y|D778V|E497D|F834L|G768R|H251N|I457T|L781P|P710R|R249Q|R403Q|R719W|S782N|Y115H,R663H,adhikari2019|morck2022|nandwani2025|pathak2026|sarkar2020|vanderroest2021,,Scaling recomputed in retained cohort; study deletion uses union of outcome sources.,0.268272132132,0.0228348630109,estimated,estimated,,,1,1,{},"{""ihm_interface_flag_8act"":0.35186577527449836}"
C023,leave_one_variant_out,R719W,15,A797T|D382Y|D778V|E497D|F834L|G768R|H251N|I457T|L781P|P710R|R249Q|R403Q|R663H|S782N|Y115H,R719W,adhikari2019|morck2022|nandwani2025|pathak2026|sarkar2020|vanderroest2021,,Scaling recomputed in retained cohort; study deletion uses union of outcome sources.,0.25192571484,0.0129815550928,estimated,estimated,,,1,1,{},"{""ihm_interface_flag_8act"":0.35186577527449836}"
C023,leave_one_variant_out,S782N,15,A797T|D382Y|D778V|E497D|F834L|G768R|H251N|I457T|L781P|P710R|R249Q|R403Q|R663H|R719W|Y115H,S782N,adhikari2019|morck2022|nandwani2025|pathak2026|sarkar2020|vanderroest2021,,Scaling recomputed in retained cohort; study deletion uses union of outcome sources.,0.269431281067,0.0243386663531,estimated,estimated,,,1,1,{},"{""ihm_interface_flag_8act"":0.35186577527449836}"
C023,leave_one_variant_out,Y115H,15,A797T|D382Y|D778V|E497D|F834L|G768R|H251N|I457T|L781P|P710R|R249Q|R403Q|R663H|R719W|S782N,Y115H,adhikari2019|morck2022|nandwani2025|pathak2026|sarkar2020|vanderroest2021,,Scaling recomputed in retained cohort; study deletion uses union of outcome sources.,0.274026308913,0.0272431631795,estimated,estimated,,,1,1,{},"{""ihm_interface_flag_8act"":0.35186577527449836}"
C023,leave_one_study_out,adhikari2019,11,A797T|D778V|E497D|F834L|G768R|L781P|P710R|R403Q|R663H|S782N|Y115H,D382Y|H251N|I457T|R249Q|R719W,morck2022|nandwani2025|pathak2026|sarkar2020|vanderroest2021,,Scaling recomputed in retained cohort; study deletion uses union of outcome sources.,0.223574195678,,estimated,zero_u_distance_variance,,,1,1,{},"{""ihm_interface_flag_8act"":0.3015113445777636}"
C023,leave_one_study_out,morck2022,11,D382Y|E497D|G768R|H251N|I457T|P710R|R249Q|R403Q|R663H|R719W|Y115H,A797T|D778V|F834L|L781P|S782N,adhikari2019|nandwani2025|pathak2026|sarkar2020|vanderroest2021,,Scaling recomputed in retained cohort; study deletion uses union of outcome sources.,0.346095058328,0.0512362570943,estimated,estimated,,,1,1,{},"{""ihm_interface_flag_8act"":0.4045199174779452}"
C023,leave_one_study_out,nandwani2025,14,A797T|D382Y|D778V|F834L|G768R|H251N|I457T|L781P|P710R|R249Q|R403Q|R663H|R719W|S782N,E497D|Y115H,adhikari2019|morck2022|pathak2026|sarkar2020|vanderroest2021,,Scaling recomputed in retained cohort; study deletion uses union of outcome sources.,0.296952084331,0.0370617385813,estimated,estimated,,,1,1,{},"{""ihm_interface_flag_8act"":0.3631365196012815}"
C023,leave_one_study_out,pathak2026,15,A797T|D382Y|D778V|E497D|F834L|H251N|I457T|L781P|P710R|R249Q|R403Q|R663H|R719W|S782N|Y115H,G768R,adhikari2019|morck2022|nandwani2025|sarkar2020|vanderroest2021,,Scaling recomputed in retained cohort; study deletion uses union of outcome sources.,0.251201195859,0.0135981142168,estimated,estimated,,,1,1,{},"{""ihm_interface_flag_8act"":0.35186577527449836}"
C023,leave_one_study_out,sarkar2020,14,A797T|D382Y|D778V|E497D|F834L|G768R|H251N|I457T|L781P|P710R|R249Q|R719W|S782N|Y115H,R403Q|R663H,adhikari2019|morck2022|nandwani2025|pathak2026|vanderroest2021,,Scaling recomputed in retained cohort; study deletion uses union of outcome sources.,0.233715065156,,estimated,zero_u_distance_variance,,,1,1,{},"{""ihm_interface_flag_8act"":0.26726124191242434}"
C023,leave_one_study_out,vanderroest2021,15,A797T|D382Y|D778V|E497D|F834L|G768R|H251N|I457T|L781P|R249Q|R403Q|R663H|R719W|S782N|Y115H,P710R,adhikari2019|morck2022|nandwani2025|pathak2026|sarkar2020,,Scaling recomputed in retained cohort; study deletion uses union of outcome sources.,0.261259389698,0.0211354049941,estimated,estimated,,,1,1,{},"{""ihm_interface_flag_8act"":0.35186577527449836}"
C024,leave_one_variant_out,D239N,12,D778V|E497D|G768R|H251N|I457T|L781P|P710R|R403Q|R453C|R663H|S782N|Y115H,D239N,adhikari2016|adhikari2019|morck2022|nag2015|nandwani2025|pathak2026|sarkar2020|sommese2013|vanderroest2021,,Scaling recomputed in retained cohort; study deletion uses union of outcome sources.,0.382491299609,-0.0414520166934,estimated,estimated,,,1,1,{},"{""adp_rigor_ca_shift_A"":3.7451450096946393}"
C024,leave_one_variant_out,D778V,12,D239N|E497D|G768R|H251N|I457T|L781P|P710R|R403Q|R453C|R663H|S782N|Y115H,D778V,adhikari2016|adhikari2019|morck2022|nag2015|nandwani2025|pathak2026|sarkar2020|sommese2013|vanderroest2021,,Scaling recomputed in retained cohort; study deletion uses union of outcome sources.,0.528473197886,0.20541528885,estimated,estimated,,,1,1,{},"{""adp_rigor_ca_shift_A"":3.431612544860567}"
C024,leave_one_variant_out,E497D,12,D239N|D778V|G768R|H251N|I457T|L781P|P710R|R403Q|R453C|R663H|S782N|Y115H,E497D,adhikari2016|adhikari2019|morck2022|nag2015|nandwani2025|pathak2026|sarkar2020|sommese2013|vanderroest2021,,Scaling recomputed in retained cohort; study deletion uses union of outcome sources.,0.41300982588,0.0238721725202,estimated,estimated,,,1,1,{},"{""adp_rigor_ca_shift_A"":3.8270815422142332}"
C024,leave_one_variant_out,G768R,12,D239N|D778V|E497D|H251N|I457T|L781P|P710R|R403Q|R453C|R663H|S782N|Y115H,G768R,adhikari2016|adhikari2019|morck2022|nag2015|nandwani2025|sarkar2020|sommese2013|vanderroest2021,,Scaling recomputed in retained cohort; study deletion uses union of outcome sources.,0.339178565495,-0.0491925171213,estimated,estimated,,,1,1,{},"{""adp_rigor_ca_shift_A"":3.809074444401735}"
C024,leave_one_variant_out,H251N,12,D239N|D778V|E497D|G768R|I457T|L781P|P710R|R403Q|R453C|R663H|S782N|Y115H,H251N,adhikari2016|adhikari2019|morck2022|nag2015|nandwani2025|pathak2026|sarkar2020|sommese2013|vanderroest2021,,Scaling recomputed in retained cohort; study deletion uses union of outcome sources.,0.403596600571,-0.00165239953658,estimated,estimated,,,1,1,{},"{""adp_rigor_ca_shift_A"":3.737976082707778}"
C024,leave_one_variant_out,I457T,12,D239N|D778V|E497D|G768R|H251N|L781P|P710R|R403Q|R453C|R663H|S782N|Y115H,I457T,adhikari2016|morck2022|nag2015|nandwani2025|pathak2026|sarkar2020|sommese2013|vanderroest2021,,Scaling recomputed in retained cohort; study deletion uses union of outcome sources.,0.37756083837,-0.045202539986,estimated,estimated,,,1,1,{},"{""adp_rigor_ca_shift_A"":3.735381557383887}"
C024,leave_one_variant_out,L781P,12,D239N|D778V|E497D|G768R|H251N|I457T|P710R|R403Q|R453C|R663H|S782N|Y115H,L781P,adhikari2016|adhikari2019|morck2022|nag2015|nandwani2025|pathak2026|sarkar2020|sommese2013|vanderroest2021,,Scaling recomputed in retained cohort; study deletion uses union of outcome sources.,0.42645107415,0.0229253999462,estimated,estimated,,,1,1,{},"{""adp_rigor_ca_shift_A"":3.3786318094366696}"
C024,leave_one_variant_out,P710R,12,D239N|D778V|E497D|G768R|H251N|I457T|L781P|R403Q|R453C|R663H|S782N|Y115H,P710R,adhikari2016|adhikari2019|morck2022|nag2015|nandwani2025|pathak2026|sarkar2020|sommese2013,,Scaling recomputed in retained cohort; study deletion uses union of outcome sources.,0.347422782362,-0.048353638,estimated,estimated,,,1,1,{},"{""adp_rigor_ca_shift_A"":3.8209778452049985}"
C024,leave_one_variant_out,R403Q,12,D239N|D778V|E497D|G768R|H251N|I457T|L781P|P710R|R453C|R663H|S782N|Y115H,R403Q,adhikari2016|adhikari2019|morck2022|nandwani2025|pathak2026|sarkar2020|sommese2013|vanderroest2021,,Scaling recomputed in retained cohort; study deletion uses union of outcome sources.,0.410738620439,0.0109751654792,estimated,estimated,,,1,1,{},"{""adp_rigor_ca_shift_A"":3.728369894008714}"
C024,leave_one_variant_out,R453C,12,D239N|D778V|E497D|G768R|H251N|I457T|L781P|P710R|R403Q|R663H|S782N|Y115H,R453C,adhikari2016|adhikari2019|morck2022|nag2015|nandwani2025|pathak2026|sarkar2020|vanderroest2021,,Scaling recomputed in retained cohort; study deletion uses union of outcome sources.,0.453147852609,0.0592719363372,estimated,estimated,,,1,1,{},"{""adp_rigor_ca_shift_A"":3.741206903929814}"
C024,leave_one_variant_out,R663H,12,D239N|D778V|E497D|G768R|H251N|I457T|L781P|P710R|R403Q|R453C|S782N|Y115H,R663H,adhikari2016|adhikari2019|morck2022|nag2015|nandwani2025|pathak2026|sommese2013|vanderroest2021,,Scaling recomputed in retained cohort; study deletion uses union of outcome sources.,0.425770002398,0.0273566615093,estimated,estimated,,,1,1,{},"{""adp_rigor_ca_shift_A"":3.732048747092778}"
C024,leave_one_variant_out,S782N,12,D239N|D778V|E497D|G768R|H251N|I457T|L781P|P710R|R403Q|R453C|R663H|Y115H,S782N,adhikari2016|adhikari2019|morck2022|nag2015|nandwani2025|pathak2026|sarkar2020|sommese2013|vanderroest2021,,Scaling recomputed in retained cohort; study deletion uses union of outcome sources.,0.447469293192,0.0452264396454,estimated,estimated,,,1,1,{},"{""adp_rigor_ca_shift_A"":3.300538553828067}"
C024,leave_one_variant_out,Y115H,12,D239N|D778V|E497D|G768R|H251N|I457T|L781P|P710R|R403Q|R453C|R663H|S782N,Y115H,adhikari2016|adhikari2019|morck2022|nag2015|nandwani2025|pathak2026|sarkar2020|sommese2013|vanderroest2021,,Scaling recomputed in retained cohort; study deletion uses union of outcome sources.,0.467318185761,0.0784027786654,estimated,estimated,,,1,1,{},"{""adp_rigor_ca_shift_A"":3.7687110888413917}"
C024,leave_one_study_out,adhikari2016,11,D778V|E497D|G768R|I457T|L781P|P710R|R403Q|R453C|R663H|S782N|Y115H,D239N|H251N,adhikari2019|morck2022|nag2015|nandwani2025|pathak2026|sarkar2020|sommese2013|vanderroest2021,,Scaling recomputed in retained cohort; study deletion uses union of outcome sources.,0.389743603904,-0.0760478947822,estimated,estimated,,,1,1,{},"{""adp_rigor_ca_shift_A"":3.7970985169029277}"
C024,leave_one_study_out,adhikari2019,12,D239N|D778V|E497D|G768R|H251N|L781P|P710R|R403Q|R453C|R663H|S782N|Y115H,I457T,adhikari2016|morck2022|nag2015|nandwani2025|pathak2026|sarkar2020|sommese2013|vanderroest2021,,Scaling recomputed in retained cohort; study deletion uses union of outcome sources.,0.37756083837,-0.045202539986,estimated,estimated,,,1,1,{},"{""adp_rigor_ca_shift_A"":3.735381557383887}"
C024,leave_one_study_out,morck2022,10,D239N|E497D|G768R|H251N|I457T|P710R|R403Q|R453C|R663H|Y115H,D778V|L781P|S782N,adhikari2016|adhikari2019|nag2015|nandwani2025|pathak2026|sarkar2020|sommese2013|vanderroest2021,,Scaling recomputed in retained cohort; study deletion uses union of outcome sources.,0.703807769233,0.449883957991,estimated,estimated,,,1,1,{},"{""adp_rigor_ca_shift_A"":1.764971149741153}"
C024,leave_one_study_out,nag2015,12,D239N|D778V|E497D|G768R|H251N|I457T|L781P|P710R|R453C|R663H|S782N|Y115H,R403Q,adhikari2016|adhikari2019|morck2022|nandwani2025|pathak2026|sarkar2020|sommese2013|vanderroest2021,,Scaling recomputed in retained cohort; study deletion uses union of outcome sources.,0.410738620439,0.0109751654792,estimated,estimated,,,1,1,{},"{""adp_rigor_ca_shift_A"":3.728369894008714}"
C024,leave_one_study_out,nandwani2025,11,D239N|D778V|G768R|H251N|I457T|L781P|P710R|R403Q|R453C|R663H|S782N,E497D|Y115H,adhikari2016|adhikari2019|morck2022|nag2015|pathak2026|sarkar2020|sommese2013|vanderroest2021,,Scaling recomputed in retained cohort; study deletion uses union of outcome sources.,0.482556195281,0.0896279054771,estimated,estimated,,,1,1,{},"{""adp_rigor_ca_shift_A"":3.9312975284457665}"
C024,leave_one_study_out,pathak2026,12,D239N|D778V|E497D|H251N|I457T|L781P|P710R|R403Q|R453C|R663H|S782N|Y115H,G768R,adhikari2016|adhikari2019|morck2022|nag2015|nandwani2025|sarkar2020|sommese2013|vanderroest2021,,Scaling recomputed in retained cohort; study deletion uses union of outcome sources.,0.339178565495,-0.0491925171213,estimated,estimated,,,1,1,{},"{""adp_rigor_ca_shift_A"":3.809074444401735}"
C024,leave_one_study_out,sarkar2020,12,D239N|D778V|E497D|G768R|H251N|I457T|L781P|P710R|R403Q|R453C|S782N|Y115H,R663H,adhikari2016|adhikari2019|morck2022|nag2015|nandwani2025|pathak2026|sommese2013|vanderroest2021,,Scaling recomputed in retained cohort; study deletion uses union of outcome sources.,0.425770002398,0.0273566615093,estimated,estimated,,,1,1,{},"{""adp_rigor_ca_shift_A"":3.732048747092778}"
C024,leave_one_study_out,sommese2013,12,D239N|D778V|E497D|G768R|H251N|I457T|L781P|P710R|R403Q|R663H|S782N|Y115H,R453C,adhikari2016|adhikari2019|morck2022|nag2015|nandwani2025|pathak2026|sarkar2020|vanderroest2021,,Scaling recomputed in retained cohort; study deletion uses union of outcome sources.,0.453147852609,0.0592719363372,estimated,estimated,,,1,1,{},"{""adp_rigor_ca_shift_A"":3.741206903929814}"
C024,leave_one_study_out,vanderroest2021,12,D239N|D778V|E497D|G768R|H251N|I457T|L781P|R403Q|R453C|R663H|S782N|Y115H,P710R,adhikari2016|adhikari2019|morck2022|nag2015|nandwani2025|pathak2026|sarkar2020|sommese2013,,Scaling recomputed in retained cohort; study deletion uses union of outcome sources.,0.347422782362,-0.048353638,estimated,estimated,,,1,1,{},"{""adp_rigor_ca_shift_A"":3.8209778452049985}"
C024,exclude_morck_shared_WT,,10,D239N|E497D|G768R|H251N|I457T|P710R|R403Q|R453C|R663H|Y115H,D778V|L781P|S782N,adhikari2016|adhikari2019|nag2015|nandwani2025|pathak2026|sarkar2020|sommese2013|vanderroest2021,,Drops primary Morck variants with reused slide/channel WT records; no independence claim for remainder.,0.703807769233,0.449883957991,estimated,estimated,,,1,1,{},"{""adp_rigor_ca_shift_A"":1.764971149741153}"
C024,strict_short_head_MVEL20,,4,E497D|G768R|R403Q|Y115H,D239N|D778V|H251N|I457T|L781P|P710R|R453C|R663H|S782N,nag2015|nandwani2025|pathak2026,-0.8,Four selected pure-actin short-head MVEL20 variants; source conditions still differ.,0.783899862679,-0.5,estimated,estimated,,,1,1,{},"{""adp_rigor_ca_shift_A"":2.011433993319319}"
C025,leave_one_variant_out,D239N,12,D778V|E497D|G768R|H251N|I457T|L781P|P710R|R403Q|R453C|R663H|S782N|Y115H,D239N,adhikari2016|adhikari2019|morck2022|nag2015|nandwani2025|pathak2026|sarkar2020|sommese2013|vanderroest2021,,Scaling recomputed in retained cohort; study deletion uses union of outcome sources.,0.461583957576,-0.0985440513838,estimated,estimated,,,1,1,{},"{""adp_adenine_ca_distance_8efe_A"":11.302459447793508}"
C025,leave_one_variant_out,D778V,12,D239N|E497D|G768R|H251N|I457T|L781P|P710R|R403Q|R453C|R663H|S782N|Y115H,D778V,adhikari2016|adhikari2019|morck2022|nag2015|nandwani2025|pathak2026|sarkar2020|sommese2013|vanderroest2021,,Scaling recomputed in retained cohort; study deletion uses union of outcome sources.,0.558947666774,0.0982388112817,estimated,estimated,,,1,1,{},"{""adp_adenine_ca_distance_8efe_A"":12.390817231409114}"
C025,leave_one_variant_out,E497D,12,D239N|D778V|G768R|H251N|I457T|L781P|P710R|R403Q|R453C|R663H|S782N|Y115H,E497D,adhikari2016|adhikari2019|morck2022|nag2015|nandwani2025|pathak2026|sarkar2020|sommese2013|vanderroest2021,,Scaling recomputed in retained cohort; study deletion uses union of outcome sources.,0.495219894525,0.00431657673625,estimated,estimated,,,1,1,{},"{""adp_adenine_ca_distance_8efe_A"":12.681253672319052}"
C025,leave_one_variant_out,G768R,12,D239N|D778V|E497D|H251N|I457T|L781P|P710R|R403Q|R453C|R663H|S782N|Y115H,G768R,adhikari2016|adhikari2019|morck2022|nag2015|nandwani2025|sarkar2020|sommese2013|vanderroest2021,,Scaling recomputed in retained cohort; study deletion uses union of outcome sources.,0.510282333162,0.0116220552066,estimated,estimated,,,1,1,{},"{""adp_adenine_ca_distance_8efe_A"":12.571688143937799}"
C025,leave_one_variant_out,H251N,12,D239N|D778V|E497D|G768R|I457T|L781P|P710R|R403Q|R453C|R663H|S782N|Y115H,H251N,adhikari2016|adhikari2019|morck2022|nag2015|nandwani2025|pathak2026|sarkar2020|sommese2013|vanderroest2021,,Scaling recomputed in retained cohort; study deletion uses union of outcome sources.,0.512128155364,4.24389931567e-05,estimated,estimated,,,1,1,{},"{""adp_adenine_ca_distance_8efe_A"":12.517212493229932}"
C025,leave_one_variant_out,I457T,12,D239N|D778V|E497D|G768R|H251N|L781P|P710R|R403Q|R453C|R663H|S782N|Y115H,I457T,adhikari2016|morck2022|nag2015|nandwani2025|pathak2026|sarkar2020|sommese2013|vanderroest2021,,Scaling recomputed in retained cohort; study deletion uses union of outcome sources.,0.44307803514,-0.1313569676,estimated,estimated,,,1,1,{},"{""adp_adenine_ca_distance_8efe_A"":12.298558094374842}"
C025,leave_one_variant_out,L781P,12,D239N|D778V|E497D|G768R|H251N|I457T|P710R|R403Q|R453C|R663H|S782N|Y115H,L781P,adhikari2016|adhikari2019|morck2022|nag2015|nandwani2025|pathak2026|sarkar2020|sommese2013|vanderroest2021,,Scaling recomputed in retained cohort; study deletion uses union of outcome sources.,0.511520540848,0.0126945137335,estimated,estimated,,,1,1,{},"{""adp_adenine_ca_distance_8efe_A"":12.070770259863027}"
C025,leave_one_variant_out,P710R,12,D239N|D778V|E497D|G768R|H251N|I457T|L781P|R403Q|R453C|R663H|S782N|Y115H,P710R,adhikari2016|adhikari2019|morck2022|nag2015|nandwani2025|pathak2026|sarkar2020|sommese2013,,Scaling recomputed in retained cohort; study deletion uses union of outcome sources.,0.513027441737,0.00646899268773,estimated,estimated,,,1,1,{},"{""adp_adenine_ca_distance_8efe_A"":12.687298957324188}"
C025,leave_one_variant_out,R403Q,12,D239N|D778V|E497D|G768R|H251N|I457T|L781P|P710R|R453C|R663H|S782N|Y115H,R403Q,adhikari2016|adhikari2019|morck2022|nandwani2025|pathak2026|sarkar2020|sommese2013|vanderroest2021,,Scaling recomputed in retained cohort; study deletion uses union of outcome sources.,0.514063941078,0.0196036031925,estimated,estimated,,,1,1,{},"{""adp_adenine_ca_distance_8efe_A"":11.015608929240772}"
C025,leave_one_variant_out,R453C,12,D239N|D778V|E497D|G768R|H251N|I457T|L781P|P710R|R403Q|R663H|S782N|Y115H,R453C,adhikari2016|adhikari2019|morck2022|nag2015|nandwani2025|pathak2026|sarkar2020|vanderroest2021,,Scaling recomputed in retained cohort; study deletion uses union of outcome sources.,0.507650536397,0.0176732119118,estimated,estimated,,,1,1,{},"{""adp_adenine_ca_distance_8efe_A"":12.678588758083663}"
C025,leave_one_variant_out,R663H,12,D239N|D778V|E497D|G768R|H251N|I457T|L781P|P710R|R403Q|R453C|S782N|Y115H,R663H,adhikari2016|adhikari2019|morck2022|nag2015|nandwani2025|pathak2026|sommese2013|vanderroest2021,,Scaling recomputed in retained cohort; study deletion uses union of outcome sources.,0.51744046629,0.0316996797776,estimated,estimated,,,1,1,{},"{""adp_adenine_ca_distance_8efe_A"":12.642982940418708}"
C025,leave_one_variant_out,S782N,12,D239N|D778V|E497D|G768R|H251N|I457T|L781P|P710R|R403Q|R453C|R663H|Y115H,S782N,adhikari2016|adhikari2019|morck2022|nag2015|nandwani2025|pathak2026|sarkar2020|sommese2013|vanderroest2021,,Scaling recomputed in retained cohort; study deletion uses union of outcome sources.,0.500953756118,-0.00390528077508,estimated,estimated,,,1,1,{},"{""adp_adenine_ca_distance_8efe_A"":12.032506477347601}"
C025,leave_one_variant_out,Y115H,12,D239N|D778V|E497D|G768R|H251N|I457T|L781P|P710R|R403Q|R453C|R663H|S782N,Y115H,adhikari2016|adhikari2019|morck2022|nag2015|nandwani2025|pathak2026|sarkar2020|sommese2013|vanderroest2021,,Scaling recomputed in retained cohort; study deletion uses union of outcome sources.,0.647844971729,0.226265336177,estimated,estimated,,,1,1,{},"{""adp_adenine_ca_distance_8efe_A"":10.807418282325902}"
C025,leave_one_study_out,adhikari2016,11,D778V|E497D|G768R|I457T|L781P|P710R|R403Q|R453C|R663H|S782N|Y115H,D239N|H251N,adhikari2019|morck2022|nag2015|nandwani2025|pathak2026|sarkar2020|sommese2013|vanderroest2021,,Scaling recomputed in retained cohort; study deletion uses union of outcome sources.,0.49006440296,-0.133535848815,estimated,estimated,,,1,1,{},"{""adp_adenine_ca_distance_8efe_A"":11.545779328399787}"
C025,leave_one_study_out,adhikari2019,12,D239N|D778V|E497D|G768R|H251N|L781P|P710R|R403Q|R453C|R663H|S782N|Y115H,I457T,adhikari2016|morck2022|nag2015|nandwani2025|pathak2026|sarkar2020|sommese2013|vanderroest2021,,Scaling recomputed in retained cohort; study deletion uses union of outcome sources.,0.44307803514,-0.1313569676,estimated,estimated,,,1,1,{},"{""adp_adenine_ca_distance_8efe_A"":12.298558094374842}"
C025,leave_one_study_out,morck2022,10,D239N|E497D|G768R|H251N|I457T|P710R|R403Q|R453C|R663H|Y115H,D778V|L781P|S782N,adhikari2016|adhikari2019|nag2015|nandwani2025|pathak2026|sarkar2020|sommese2013|vanderroest2021,,Scaling recomputed in retained cohort; study deletion uses union of outcome sources.,0.57396499583,0.0801537913082,estimated,estimated,,,1,1,{},"{""adp_adenine_ca_distance_8efe_A"":11.833701244585482}"
C025,leave_one_study_out,nag2015,12,D239N|D778V|E497D|G768R|H251N|I457T|L781P|P710R|R453C|R663H|S782N|Y115H,R403Q,adhikari2016|adhikari2019|morck2022|nandwani2025|pathak2026|sarkar2020|sommese2013|vanderroest2021,,Scaling recomputed in retained cohort; study deletion uses union of outcome sources.,0.514063941078,0.0196036031925,estimated,estimated,,,1,1,{},"{""adp_adenine_ca_distance_8efe_A"":11.015608929240772}"
C025,leave_one_study_out,nandwani2025,11,D239N|D778V|G768R|H251N|I457T|L781P|P710R|R403Q|R453C|R663H|S782N,E497D|Y115H,adhikari2016|adhikari2019|morck2022|nag2015|pathak2026|sarkar2020|sommese2013|vanderroest2021,,Scaling recomputed in retained cohort; study deletion uses union of outcome sources.,0.648422616106,0.223258101936,estimated,estimated,,,1,1,{},"{""adp_adenine_ca_distance_8efe_A"":11.333737994279048}"
C025,leave_one_study_out,pathak2026,12,D239N|D778V|E497D|H251N|I457T|L781P|P710R|R403Q|R453C|R663H|S782N|Y115H,G768R,adhikari2016|adhikari2019|morck2022|nag2015|nandwani2025|sarkar2020|sommese2013|vanderroest2021,,Scaling recomputed in retained cohort; study deletion uses union of outcome sources.,0.510282333162,0.0116220552066,estimated,estimated,,,1,1,{},"{""adp_adenine_ca_distance_8efe_A"":12.571688143937799}"
C025,leave_one_study_out,sarkar2020,12,D239N|D778V|E497D|G768R|H251N|I457T|L781P|P710R|R403Q|R453C|S782N|Y115H,R663H,adhikari2016|adhikari2019|morck2022|nag2015|nandwani2025|pathak2026|sommese2013|vanderroest2021,,Scaling recomputed in retained cohort; study deletion uses union of outcome sources.,0.51744046629,0.0316996797776,estimated,estimated,,,1,1,{},"{""adp_adenine_ca_distance_8efe_A"":12.642982940418708}"
C025,leave_one_study_out,sommese2013,12,D239N|D778V|E497D|G768R|H251N|I457T|L781P|P710R|R403Q|R663H|S782N|Y115H,R453C,adhikari2016|adhikari2019|morck2022|nag2015|nandwani2025|pathak2026|sarkar2020|vanderroest2021,,Scaling recomputed in retained cohort; study deletion uses union of outcome sources.,0.507650536397,0.0176732119118,estimated,estimated,,,1,1,{},"{""adp_adenine_ca_distance_8efe_A"":12.678588758083663}"
C025,leave_one_study_out,vanderroest2021,12,D239N|D778V|E497D|G768R|H251N|I457T|L781P|R403Q|R453C|R663H|S782N|Y115H,P710R,adhikari2016|adhikari2019|morck2022|nag2015|nandwani2025|pathak2026|sarkar2020|sommese2013,,Scaling recomputed in retained cohort; study deletion uses union of outcome sources.,0.513027441737,0.00646899268773,estimated,estimated,,,1,1,{},"{""adp_adenine_ca_distance_8efe_A"":12.687298957324188}"
C025,exclude_morck_shared_WT,,10,D239N|E497D|G768R|H251N|I457T|P710R|R403Q|R453C|R663H|Y115H,D778V|L781P|S782N,adhikari2016|adhikari2019|nag2015|nandwani2025|pathak2026|sarkar2020|sommese2013|vanderroest2021,,Drops primary Morck variants with reused slide/channel WT records; no independence claim for remainder.,0.57396499583,0.0801537913082,estimated,estimated,,,1,1,{},"{""adp_adenine_ca_distance_8efe_A"":11.833701244585482}"
C025,strict_short_head_MVEL20,,4,E497D|G768R|R403Q|Y115H,D239N|D778V|H251N|I457T|L781P|P710R|R453C|R663H|S782N,nag2015|nandwani2025|pathak2026,0.4,Four selected pure-actin short-head MVEL20 variants; source conditions still differ.,0.754732825894,-0.5,estimated,estimated,,,1,1,{},"{""adp_adenine_ca_distance_8efe_A"":17.07229842951601}"
C026,leave_one_variant_out,D239N,11,D778V|E497D|G768R|H251N|I457T|L781P|P710R|R403Q|R453C|R663H|Y115H,D239N,adhikari2016|adhikari2019|morck2022|nag2015|nandwani2025|pathak2026|sarkar2020|sommese2013|vanderroest2021,,Scaling recomputed in retained cohort; study deletion uses union of outcome sources.,0.523502380802,0.148755759539,estimated,estimated,,,1,1,{},"{""rigor_actin_min_heavy_distance_8efi_A"":13.782869412944862}"
C026,leave_one_variant_out,D778V,11,D239N|E497D|G768R|H251N|I457T|L781P|P710R|R403Q|R453C|R663H|Y115H,D778V,adhikari2016|adhikari2019|morck2022|nag2015|nandwani2025|pathak2026|sarkar2020|sommese2013|vanderroest2021,,Scaling recomputed in retained cohort; study deletion uses union of outcome sources.,0.620329282666,0.3999192993,estimated,estimated,,,1,1,{},"{""rigor_actin_min_heavy_distance_8efi_A"":13.075035403813617}"
C026,leave_one_variant_out,E497D,11,D239N|D778V|G768R|H251N|I457T|L781P|P710R|R403Q|R453C|R663H|Y115H,E497D,adhikari2016|adhikari2019|morck2022|nag2015|nandwani2025|pathak2026|sarkar2020|sommese2013|vanderroest2021,,Scaling recomputed in retained cohort; study deletion uses union of outcome sources.,0.539934381571,0.188198436028,estimated,estimated,,,1,1,{},"{""rigor_actin_min_heavy_distance_8efi_A"":13.782425333369458}"
C026,leave_one_variant_out,G768R,11,D239N|D778V|E497D|H251N|I457T|L781P|P710R|R403Q|R453C|R663H|Y115H,G768R,adhikari2016|adhikari2019|morck2022|nag2015|nandwani2025|sarkar2020|sommese2013|vanderroest2021,,Scaling recomputed in retained cohort; study deletion uses union of outcome sources.,0.489648288061,0.100253663427,estimated,estimated,,,1,1,{},"{""rigor_actin_min_heavy_distance_8efi_A"":13.680586574601033}"
C026,leave_one_variant_out,H251N,11,D239N|D778V|E497D|G768R|I457T|L781P|P710R|R403Q|R453C|R663H|Y115H,H251N,adhikari2016|adhikari2019|morck2022|nag2015|nandwani2025|pathak2026|sarkar2020|sommese2013|vanderroest2021,,Scaling recomputed in retained cohort; study deletion uses union of outcome sources.,0.512989825963,0.142654907527,estimated,estimated,,,1,1,{},"{""rigor_actin_min_heavy_distance_8efi_A"":13.759378528612325}"
C026,leave_one_variant_out,I457T,11,D239N|D778V|E497D|G768R|H251N|L781P|P710R|R403Q|R453C|R663H|Y115H,I457T,adhikari2016|morck2022|nag2015|nandwani2025|pathak2026|sarkar2020|sommese2013|vanderroest2021,,Scaling recomputed in retained cohort; study deletion uses union of outcome sources.,0.534150687128,0.14215143629,estimated,estimated,,,1,1,{},"{""rigor_actin_min_heavy_distance_8efi_A"":13.778702139490584}"
C026,leave_one_variant_out,L781P,11,D239N|D778V|E497D|G768R|H251N|I457T|P710R|R403Q|R453C|R663H|Y115H,L781P,adhikari2016|adhikari2019|morck2022|nag2015|nandwani2025|pathak2026|sarkar2020|sommese2013|vanderroest2021,,Scaling recomputed in retained cohort; study deletion uses union of outcome sources.,0.522229257556,0.165172059693,estimated,estimated,,,1,1,{},"{""rigor_actin_min_heavy_distance_8efi_A"":12.335366107078462}"
C026,leave_one_variant_out,P710R,11,D239N|D778V|E497D|G768R|H251N|I457T|L781P|R403Q|R453C|R663H|Y115H,P710R,adhikari2016|adhikari2019|morck2022|nag2015|nandwani2025|pathak2026|sarkar2020|sommese2013,,Scaling recomputed in retained cohort; study deletion uses union of outcome sources.,0.479005250325,0.0816358518689,estimated,estimated,,,1,1,{},"{""rigor_actin_min_heavy_distance_8efi_A"":13.610753113402701}"
C026,leave_one_variant_out,R403Q,11,D239N|D778V|E497D|G768R|H251N|I457T|L781P|P710R|R453C|R663H|Y115H,R403Q,adhikari2016|adhikari2019|morck2022|nandwani2025|pathak2026|sarkar2020|sommese2013|vanderroest2021,,Scaling recomputed in retained cohort; study deletion uses union of outcome sources.,0.515489341172,0.127165252061,estimated,estimated,,,1,1,{},"{""rigor_actin_min_heavy_distance_8efi_A"":9.80449123561634}"
C026,leave_one_variant_out,R453C,11,D239N|D778V|E497D|G768R|H251N|I457T|L781P|P710R|R403Q|R663H|Y115H,R453C,adhikari2016|adhikari2019|morck2022|nag2015|nandwani2025|pathak2026|sarkar2020|vanderroest2021,,Scaling recomputed in retained cohort; study deletion uses union of outcome sources.,0.543587906029,0.194990041776,estimated,estimated,,,1,1,{},"{""rigor_actin_min_heavy_distance_8efi_A"":13.783932647072227}"
C026,leave_one_variant_out,R663H,11,D239N|D778V|E497D|G768R|H251N|I457T|L781P|P710R|R403Q|R453C|Y115H,R663H,adhikari2016|adhikari2019|morck2022|nag2015|nandwani2025|pathak2026|sommese2013|vanderroest2021,,Scaling recomputed in retained cohort; study deletion uses union of outcome sources.,0.510289587566,0.146752833319,estimated,estimated,,,1,1,{},"{""rigor_actin_min_heavy_distance_8efi_A"":12.480186200460995}"
C026,leave_one_variant_out,Y115H,11,D239N|D778V|E497D|G768R|H251N|I457T|L781P|P710R|R403Q|R453C|R663H,Y115H,adhikari2016|adhikari2019|morck2022|nag2015|nandwani2025|pathak2026|sarkar2020|sommese2013|vanderroest2021,,Scaling recomputed in retained cohort; study deletion uses union of outcome sources.,0.484536231947,0.0985633709707,estimated,estimated,,,1,1,{},"{""rigor_actin_min_heavy_distance_8efi_A"":13.317593047991808}"
C026,leave_one_study_out,adhikari2016,10,D778V|E497D|G768R|I457T|L781P|P710R|R403Q|R453C|R663H|Y115H,D239N|H251N,adhikari2019|morck2022|nag2015|nandwani2025|pathak2026|sarkar2020|sommese2013|vanderroest2021,,Scaling recomputed in retained cohort; study deletion uses union of outcome sources.,0.53210993677,0.13932901081,estimated,estimated,,,1,1,{},"{""rigor_actin_min_heavy_distance_8efi_A"":14.495832173227065}"
C026,leave_one_study_out,adhikari2019,11,D239N|D778V|E497D|G768R|H251N|L781P|P710R|R403Q|R453C|R663H|Y115H,I457T,adhikari2016|morck2022|nag2015|nandwani2025|pathak2026|sarkar2020|sommese2013|vanderroest2021,,Scaling recomputed in retained cohort; study deletion uses union of outcome sources.,0.534150687128,0.14215143629,estimated,estimated,,,1,1,{},"{""rigor_actin_min_heavy_distance_8efi_A"":13.778702139490584}"
C026,leave_one_study_out,morck2022,10,D239N|E497D|G768R|H251N|I457T|P710R|R403Q|R453C|R663H|Y115H,D778V|L781P,adhikari2016|adhikari2019|nag2015|nandwani2025|pathak2026|sarkar2020|sommese2013|vanderroest2021,,Scaling recomputed in retained cohort; study deletion uses union of outcome sources.,0.625099257128,0.402482713719,estimated,estimated,,,1,1,{},"{""rigor_actin_min_heavy_distance_8efi_A"":11.906879787702657}"
C026,leave_one_study_out,nag2015,11,D239N|D778V|E497D|G768R|H251N|I457T|L781P|P710R|R453C|R663H|Y115H,R403Q,adhikari2016|adhikari2019|morck2022|nandwani2025|pathak2026|sarkar2020|sommese2013|vanderroest2021,,Scaling recomputed in retained cohort; study deletion uses union of outcome sources.,0.515489341172,0.127165252061,estimated,estimated,,,1,1,{},"{""rigor_actin_min_heavy_distance_8efi_A"":9.80449123561634}"
C026,leave_one_study_out,nandwani2025,10,D239N|D778V|G768R|H251N|I457T|L781P|P710R|R403Q|R453C|R663H,E497D|Y115H,adhikari2016|adhikari2019|morck2022|nag2015|pathak2026|sarkar2020|sommese2013|vanderroest2021,,Scaling recomputed in retained cohort; study deletion uses union of outcome sources.,0.514694666939,0.128830280425,estimated,estimated,,,1,1,{},"{""rigor_actin_min_heavy_distance_8efi_A"":14.037825926375756}"
C026,leave_one_study_out,pathak2026,11,D239N|D778V|E497D|H251N|I457T|L781P|P710R|R403Q|R453C|R663H|Y115H,G768R,adhikari2016|adhikari2019|morck2022|nag2015|nandwani2025|sarkar2020|sommese2013|vanderroest2021,,Scaling recomputed in retained cohort; study deletion uses union of outcome sources.,0.489648288061,0.100253663427,estimated,estimated,,,1,1,{},"{""rigor_actin_min_heavy_distance_8efi_A"":13.680586574601033}"
C026,leave_one_study_out,sarkar2020,11,D239N|D778V|E497D|G768R|H251N|I457T|L781P|P710R|R403Q|R453C|Y115H,R663H,adhikari2016|adhikari2019|morck2022|nag2015|nandwani2025|pathak2026|sommese2013|vanderroest2021,,Scaling recomputed in retained cohort; study deletion uses union of outcome sources.,0.510289587566,0.146752833319,estimated,estimated,,,1,1,{},"{""rigor_actin_min_heavy_distance_8efi_A"":12.480186200460995}"
C026,leave_one_study_out,sommese2013,11,D239N|D778V|E497D|G768R|H251N|I457T|L781P|P710R|R403Q|R663H|Y115H,R453C,adhikari2016|adhikari2019|morck2022|nag2015|nandwani2025|pathak2026|sarkar2020|vanderroest2021,,Scaling recomputed in retained cohort; study deletion uses union of outcome sources.,0.543587906029,0.194990041776,estimated,estimated,,,1,1,{},"{""rigor_actin_min_heavy_distance_8efi_A"":13.783932647072227}"
C026,leave_one_study_out,vanderroest2021,11,D239N|D778V|E497D|G768R|H251N|I457T|L781P|R403Q|R453C|R663H|Y115H,P710R,adhikari2016|adhikari2019|morck2022|nag2015|nandwani2025|pathak2026|sarkar2020|sommese2013,,Scaling recomputed in retained cohort; study deletion uses union of outcome sources.,0.479005250325,0.0816358518689,estimated,estimated,,,1,1,{},"{""rigor_actin_min_heavy_distance_8efi_A"":13.610753113402701}"
C026,exclude_morck_shared_WT,,10,D239N|E497D|G768R|H251N|I457T|P710R|R403Q|R453C|R663H|Y115H,D778V|L781P,adhikari2016|adhikari2019|nag2015|nandwani2025|pathak2026|sarkar2020|sommese2013|vanderroest2021,,Drops primary Morck variants with reused slide/channel WT records; no independence claim for remainder.,0.625099257128,0.402482713719,estimated,estimated,,,1,1,{},"{""rigor_actin_min_heavy_distance_8efi_A"":11.906879787702657}"
C026,strict_short_head_MVEL20,,4,E497D|G768R|R403Q|Y115H,D239N|D778V|H251N|I457T|L781P|P710R|R453C|R663H,nag2015|nandwani2025|pathak2026,-0.8,Four selected pure-actin short-head MVEL20 variants; source conditions still differ.,0.910867983204,1,estimated,estimated,,,1,1,{},"{""rigor_actin_min_heavy_distance_8efi_A"":17.832484571027678}"
C027,leave_one_variant_out,A797T,14,D239N|D778V|E497D|F834L|G768R|H251N|I457T|L781P|P710R|R403Q|R453C|R663H|S782N|Y115H,A797T,adhikari2016|adhikari2019|morck2022|nag2015|nandwani2025|pathak2026|sarkar2020|sommese2013|vanderroest2021,,Scaling recomputed in retained cohort; study deletion uses union of outcome sources.,0.441055048426,0.0763223782228,estimated,estimated,,,1,1,{},"{""relay_landmark_min_ca_distance_8act_mean_ab"":22.526076688703817}"
C027,leave_one_variant_out,D239N,14,A797T|D778V|E497D|F834L|G768R|H251N|I457T|L781P|P710R|R403Q|R453C|R663H|S782N|Y115H,D239N,adhikari2016|adhikari2019|morck2022|nag2015|nandwani2025|pathak2026|sarkar2020|sommese2013|vanderroest2021,,Scaling recomputed in retained cohort; study deletion uses union of outcome sources.,0.459903893806,0.11147446624,estimated,estimated,,,1,1,{},"{""relay_landmark_min_ca_distance_8act_mean_ab"":23.2652467510543}"
C027,leave_one_variant_out,D778V,14,A797T|D239N|E497D|F834L|G768R|H251N|I457T|L781P|P710R|R403Q|R453C|R663H|S782N|Y115H,D778V,adhikari2016|adhikari2019|morck2022|nag2015|nandwani2025|pathak2026|sarkar2020|sommese2013|vanderroest2021,,Scaling recomputed in retained cohort; study deletion uses union of outcome sources.,0.447452595481,0.0831374339713,estimated,estimated,,,1,1,{},"{""relay_landmark_min_ca_distance_8act_mean_ab"":23.270818024790213}"
C027,leave_one_variant_out,E497D,14,A797T|D239N|D778V|F834L|G768R|H251N|I457T|L781P|P710R|R403Q|R453C|R663H|S782N|Y115H,E497D,adhikari2016|adhikari2019|morck2022|nag2015|nandwani2025|pathak2026|sarkar2020|sommese2013|vanderroest2021,,Scaling recomputed in retained cohort; study deletion uses union of outcome sources.,0.455582471422,0.0848873097199,estimated,estimated,,,1,1,{},"{""relay_landmark_min_ca_distance_8act_mean_ab"":21.423580420139654}"
C027,leave_one_variant_out,F834L,14,A797T|D239N|D778V|E497D|G768R|H251N|I457T|L781P|P710R|R403Q|R453C|R663H|S782N|Y115H,F834L,adhikari2016|adhikari2019|morck2022|nag2015|nandwani2025|pathak2026|sarkar2020|sommese2013|vanderroest2021,,Scaling recomputed in retained cohort; study deletion uses union of outcome sources.,0.458453198931,0.0568521871513,estimated,estimated,,,1,1,{},"{""relay_landmark_min_ca_distance_8act_mean_ab"":15.671326289216037}"
C027,leave_one_variant_out,G768R,14,A797T|D239N|D778V|E497D|F834L|H251N|I457T|L781P|P710R|R403Q|R453C|R663H|S782N|Y115H,G768R,adhikari2016|adhikari2019|morck2022|nag2015|nandwani2025|sarkar2020|sommese2013|vanderroest2021,,Scaling recomputed in retained cohort; study deletion uses union of outcome sources.,0.41556175769,0.027580101341,estimated,estimated,,,1,1,{},"{""relay_landmark_min_ca_distance_8act_mean_ab"":22.922499404408622}"
C027,leave_one_variant_out,H251N,14,A797T|D239N|D778V|E497D|F834L|G768R|I457T|L781P|P710R|R403Q|R453C|R663H|S782N|Y115H,H251N,adhikari2016|adhikari2019|morck2022|nag2015|nandwani2025|pathak2026|sarkar2020|sommese2013|vanderroest2021,,Scaling recomputed in retained cohort; study deletion uses union of outcome sources.,0.448701491197,0.0850163329869,estimated,estimated,,,1,1,{},"{""relay_landmark_min_ca_distance_8act_mean_ab"":23.26396678719017}"
C027,leave_one_variant_out,I457T,14,A797T|D239N|D778V|E497D|F834L|G768R|H251N|L781P|P710R|R403Q|R453C|R663H|S782N|Y115H,I457T,adhikari2016|morck2022|nag2015|nandwani2025|pathak2026|sarkar2020|sommese2013|vanderroest2021,,Scaling recomputed in retained cohort; study deletion uses union of outcome sources.,0.511185354988,0.165594886123,estimated,estimated,,,1,1,{},"{""relay_landmark_min_ca_distance_8act_mean_ab"":23.128142230288823}"
C027,leave_one_variant_out,L781P,14,A797T|D239N|D778V|E497D|F834L|G768R|H251N|I457T|P710R|R403Q|R453C|R663H|S782N|Y115H,L781P,adhikari2016|adhikari2019|morck2022|nag2015|nandwani2025|pathak2026|sarkar2020|sommese2013|vanderroest2021,,Scaling recomputed in retained cohort; study deletion uses union of outcome sources.,0.460183147637,0.102339244862,estimated,estimated,,,1,1,{},"{""relay_landmark_min_ca_distance_8act_mean_ab"":23.29042617010794}"
C027,leave_one_variant_out,P710R,14,A797T|D239N|D778V|E497D|F834L|G768R|H251N|I457T|L781P|R403Q|R453C|R663H|S782N|Y115H,P710R,adhikari2016|adhikari2019|morck2022|nag2015|nandwani2025|pathak2026|sarkar2020|sommese2013,,Scaling recomputed in retained cohort; study deletion uses union of outcome sources.,0.39841176275,0.0169626813593,estimated,estimated,,,1,1,{},"{""relay_landmark_min_ca_distance_8act_mean_ab"":22.31503506677574}"
C027,leave_one_variant_out,R403Q,14,A797T|D239N|D778V|E497D|F834L|G768R|H251N|I457T|L781P|P710R|R453C|R663H|S782N|Y115H,R403Q,adhikari2016|adhikari2019|morck2022|nandwani2025|pathak2026|sarkar2020|sommese2013|vanderroest2021,,Scaling recomputed in retained cohort; study deletion uses union of outcome sources.,0.426271686818,0.0591867615376,estimated,estimated,,,1,1,{},"{""relay_landmark_min_ca_distance_8act_mean_ab"":21.953433647507676}"
C027,leave_one_variant_out,R453C,14,A797T|D239N|D778V|E497D|F834L|G768R|H251N|I457T|L781P|P710R|R403Q|R663H|S782N|Y115H,R453C,adhikari2016|adhikari2019|morck2022|nag2015|nandwani2025|pathak2026|sarkar2020|vanderroest2021,,Scaling recomputed in retained cohort; study deletion uses union of outcome sources.,0.45806807255,0.098258243564,estimated,estimated,,,1,1,{},"{""relay_landmark_min_ca_distance_8act_mean_ab"":23.28904935645978}"
C027,leave_one_variant_out,R663H,14,A797T|D239N|D778V|E497D|F834L|G768R|H251N|I457T|L781P|P710R|R403Q|R453C|S782N|Y115H,R663H,adhikari2016|adhikari2019|morck2022|nag2015|nandwani2025|pathak2026|sommese2013|vanderroest2021,,Scaling recomputed in retained cohort; study deletion uses union of outcome sources.,0.488878104025,0.13671304391,estimated,estimated,,,1,1,{},"{""relay_landmark_min_ca_distance_8act_mean_ab"":22.67555253149705}"
C027,leave_one_variant_out,S782N,14,A797T|D239N|D778V|E497D|F834L|G768R|H251N|I457T|L781P|P710R|R403Q|R453C|R663H|Y115H,S782N,adhikari2016|adhikari2019|morck2022|nag2015|nandwani2025|pathak2026|sarkar2020|sommese2013|vanderroest2021,,Scaling recomputed in retained cohort; study deletion uses union of outcome sources.,0.450701078061,0.0870608388931,estimated,estimated,,,1,1,{},"{""relay_landmark_min_ca_distance_8act_mean_ab"":23.284078766543704}"
C027,leave_one_variant_out,Y115H,14,A797T|D239N|D778V|E497D|F834L|G768R|H251N|I457T|L781P|P710R|R403Q|R453C|R663H|S782N,Y115H,adhikari2016|adhikari2019|morck2022|nag2015|nandwani2025|pathak2026|sarkar2020|sommese2013|vanderroest2021,,Scaling recomputed in retained cohort; study deletion uses union of outcome sources.,0.455733479813,0.0856803225133,estimated,estimated,,,1,1,{},"{""relay_landmark_min_ca_distance_8act_mean_ab"":23.210892315879967}"
C027,leave_one_study_out,adhikari2016,13,A797T|D778V|E497D|F834L|G768R|I457T|L781P|P710R|R403Q|R453C|R663H|S782N|Y115H,D239N|H251N,adhikari2019|morck2022|nag2015|nandwani2025|pathak2026|sarkar2020|sommese2013|vanderroest2021,,Scaling recomputed in retained cohort; study deletion uses union of outcome sources.,0.469203146034,0.117819067267,estimated,estimated,,,1,1,{},"{""relay_landmark_min_ca_distance_8act_mean_ab"":24.19028748254598}"
C027,leave_one_study_out,adhikari2019,14,A797T|D239N|D778V|E497D|F834L|G768R|H251N|L781P|P710R|R403Q|R453C|R663H|S782N|Y115H,I457T,adhikari2016|morck2022|nag2015|nandwani2025|pathak2026|sarkar2020|sommese2013|vanderroest2021,,Scaling recomputed in retained cohort; study deletion uses union of outcome sources.,0.511185354988,0.165594886123,estimated,estimated,,,1,1,{},"{""relay_landmark_min_ca_distance_8act_mean_ab"":23.128142230288823}"
C027,leave_one_study_out,morck2022,10,D239N|E497D|G768R|H251N|I457T|P710R|R403Q|R453C|R663H|Y115H,A797T|D778V|F834L|L781P|S782N,adhikari2016|adhikari2019|nag2015|nandwani2025|pathak2026|sarkar2020|sommese2013|vanderroest2021,,Scaling recomputed in retained cohort; study deletion uses union of outcome sources.,0.51568819147,0.0745191535309,estimated,estimated,,,1,1,{},"{""relay_landmark_min_ca_distance_8act_mean_ab"":16.301934190748153}"
C027,leave_one_study_out,nag2015,14,A797T|D239N|D778V|E497D|F834L|G768R|H251N|I457T|L781P|P710R|R453C|R663H|S782N|Y115H,R403Q,adhikari2016|adhikari2019|morck2022|nandwani2025|pathak2026|sarkar2020|sommese2013|vanderroest2021,,Scaling recomputed in retained cohort; study deletion uses union of outcome sources.,0.426271686818,0.0591867615376,estimated,estimated,,,1,1,{},"{""relay_landmark_min_ca_distance_8act_mean_ab"":21.953433647507676}"
C027,leave_one_study_out,nandwani2025,13,A797T|D239N|D778V|F834L|G768R|H251N|I457T|L781P|P710R|R403Q|R453C|R663H|S782N,E497D|Y115H,adhikari2016|adhikari2019|morck2022|nag2015|pathak2026|sarkar2020|sommese2013|vanderroest2021,,Scaling recomputed in retained cohort; study deletion uses union of outcome sources.,0.465129055339,0.0746047016463,estimated,estimated,,,1,1,{},"{""relay_landmark_min_ca_distance_8act_mean_ab"":22.13412396584203}"
C027,leave_one_study_out,pathak2026,14,A797T|D239N|D778V|E497D|F834L|H251N|I457T|L781P|P710R|R403Q|R453C|R663H|S782N|Y115H,G768R,adhikari2016|adhikari2019|morck2022|nag2015|nandwani2025|sarkar2020|sommese2013|vanderroest2021,,Scaling recomputed in retained cohort; study deletion uses union of outcome sources.,0.41556175769,0.027580101341,estimated,estimated,,,1,1,{},"{""relay_landmark_min_ca_distance_8act_mean_ab"":22.922499404408622}"
C027,leave_one_study_out,sarkar2020,14,A797T|D239N|D778V|E497D|F834L|G768R|H251N|I457T|L781P|P710R|R403Q|R453C|S782N|Y115H,R663H,adhikari2016|adhikari2019|morck2022|nag2015|nandwani2025|pathak2026|sommese2013|vanderroest2021,,Scaling recomputed in retained cohort; study deletion uses union of outcome sources.,0.488878104025,0.13671304391,estimated,estimated,,,1,1,{},"{""relay_landmark_min_ca_distance_8act_mean_ab"":22.67555253149705}"
C027,leave_one_study_out,sommese2013,14,A797T|D239N|D778V|E497D|F834L|G768R|H251N|I457T|L781P|P710R|R403Q|R663H|S782N|Y115H,R453C,adhikari2016|adhikari2019|morck2022|nag2015|nandwani2025|pathak2026|sarkar2020|vanderroest2021,,Scaling recomputed in retained cohort; study deletion uses union of outcome sources.,0.45806807255,0.098258243564,estimated,estimated,,,1,1,{},"{""relay_landmark_min_ca_distance_8act_mean_ab"":23.28904935645978}"
C027,leave_one_study_out,vanderroest2021,14,A797T|D239N|D778V|E497D|F834L|G768R|H251N|I457T|L781P|R403Q|R453C|R663H|S782N|Y115H,P710R,adhikari2016|adhikari2019|morck2022|nag2015|nandwani2025|pathak2026|sarkar2020|sommese2013,,Scaling recomputed in retained cohort; study deletion uses union of outcome sources.,0.39841176275,0.0169626813593,estimated,estimated,,,1,1,{},"{""relay_landmark_min_ca_distance_8act_mean_ab"":22.31503506677574}"
C027,exclude_morck_shared_WT,,10,D239N|E497D|G768R|H251N|I457T|P710R|R403Q|R453C|R663H|Y115H,A797T|D778V|F834L|L781P|S782N,adhikari2016|adhikari2019|nag2015|nandwani2025|pathak2026|sarkar2020|sommese2013|vanderroest2021,,Drops primary Morck variants with reused slide/channel WT records; no independence claim for remainder.,0.51568819147,0.0745191535309,estimated,estimated,,,1,1,{},"{""relay_landmark_min_ca_distance_8act_mean_ab"":16.301934190748153}"
C027,strict_short_head_MVEL20,,4,E497D|G768R|R403Q|Y115H,A797T|D239N|D778V|F834L|H251N|I457T|L781P|P710R|R453C|R663H|S782N,nag2015|nandwani2025|pathak2026,0.4,Four selected pure-actin short-head MVEL20 variants; source conditions still differ.,0.81908263226,-0.5,estimated,estimated,,,1,1,{},"{""relay_landmark_min_ca_distance_8act_mean_ab"":24.719686681379567}"
C028,leave_one_variant_out,A797T,14,D239N|D778V|E497D|F834L|G768R|H251N|I457T|L781P|P710R|R403Q|R453C|R663H|S782N|Y115H,A797T,adhikari2016|adhikari2019|morck2022|nag2015|nandwani2025|pathak2026|sarkar2020|sommese2013|vanderroest2021,,Scaling recomputed in retained cohort; study deletion uses union of outcome sources.,0.409356884729,-0.0403585299002,estimated,estimated,,,1,1,{},"{""elc_min_heavy_distance_8act_mean_ab"":14.94659076324986}"
C028,leave_one_variant_out,D239N,14,A797T|D778V|E497D|F834L|G768R|H251N|I457T|L781P|P710R|R403Q|R453C|R663H|S782N|Y115H,D239N,adhikari2016|adhikari2019|morck2022|nag2015|nandwani2025|pathak2026|sarkar2020|sommese2013|vanderroest2021,,Scaling recomputed in retained cohort; study deletion uses union of outcome sources.,0.417704589579,0.0302022773453,estimated,estimated,,,1,1,{},"{""elc_min_heavy_distance_8act_mean_ab"":14.560371843596583}"
C028,leave_one_variant_out,D778V,14,A797T|D239N|E497D|F834L|G768R|H251N|I457T|L781P|P710R|R403Q|R453C|R663H|S782N|Y115H,D778V,adhikari2016|adhikari2019|morck2022|nag2015|nandwani2025|pathak2026|sarkar2020|sommese2013|vanderroest2021,,Scaling recomputed in retained cohort; study deletion uses union of outcome sources.,0.435265727833,-0.00578831629719,estimated,estimated,,,1,1,{},"{""elc_min_heavy_distance_8act_mean_ab"":15.164502247443144}"
C028,leave_one_variant_out,E497D,14,A797T|D239N|D778V|F834L|G768R|H251N|I457T|L781P|P710R|R403Q|R453C|R663H|S782N|Y115H,E497D,adhikari2016|adhikari2019|morck2022|nag2015|nandwani2025|pathak2026|sarkar2020|sommese2013|vanderroest2021,,Scaling recomputed in retained cohort; study deletion uses union of outcome sources.,0.408201171717,-0.0276104935164,estimated,estimated,,,1,1,{},"{""elc_min_heavy_distance_8act_mean_ab"":15.585741084596071}"
C028,leave_one_variant_out,F834L,14,A797T|D239N|D778V|E497D|G768R|H251N|I457T|L781P|P710R|R403Q|R453C|R663H|S782N|Y115H,F834L,adhikari2016|adhikari2019|morck2022|nag2015|nandwani2025|pathak2026|sarkar2020|sommese2013|vanderroest2021,,Scaling recomputed in retained cohort; study deletion uses union of outcome sources.,0.417161732212,-0.0273407073986,estimated,estimated,,,1,1,{},"{""elc_min_heavy_distance_8act_mean_ab"":15.342204751056132}"
C028,leave_one_variant_out,G768R,14,A797T|D239N|D778V|E497D|F834L|H251N|I457T|L781P|P710R|R403Q|R453C|R663H|S782N|Y115H,G768R,adhikari2016|adhikari2019|morck2022|nag2015|nandwani2025|sarkar2020|sommese2013|vanderroest2021,,Scaling recomputed in retained cohort; study deletion uses union of outcome sources.,0.386259484681,-0.0648632484802,estimated,estimated,,,1,1,{},"{""elc_min_heavy_distance_8act_mean_ab"":15.613291304749113}"
C028,leave_one_variant_out,H251N,14,A797T|D239N|D778V|E497D|F834L|G768R|I457T|L781P|P710R|R403Q|R453C|R663H|S782N|Y115H,H251N,adhikari2016|adhikari2019|morck2022|nag2015|nandwani2025|pathak2026|sarkar2020|sommese2013|vanderroest2021,,Scaling recomputed in retained cohort; study deletion uses union of outcome sources.,0.420776373306,-0.0251822980042,estimated,estimated,,,1,1,{},"{""elc_min_heavy_distance_8act_mean_ab"":15.549037711965116}"
C028,leave_one_variant_out,I457T,14,A797T|D239N|D778V|E497D|F834L|G768R|H251N|L781P|P710R|R403Q|R453C|R663H|S782N|Y115H,I457T,adhikari2016|morck2022|nag2015|nandwani2025|pathak2026|sarkar2020|sommese2013|vanderroest2021,,Scaling recomputed in retained cohort; study deletion uses union of outcome sources.,0.471465892609,0.00377777241546,estimated,estimated,,,1,1,{},"{""elc_min_heavy_distance_8act_mean_ab"":15.508751352689528}"
C028,leave_one_variant_out,L781P,14,A797T|D239N|D778V|E497D|F834L|G768R|H251N|I457T|P710R|R403Q|R453C|R663H|S782N|Y115H,L781P,adhikari2016|adhikari2019|morck2022|nag2015|nandwani2025|pathak2026|sarkar2020|sommese2013|vanderroest2021,,Scaling recomputed in retained cohort; study deletion uses union of outcome sources.,0.417007477412,-0.0220284941123,estimated,estimated,,,1,1,{},"{""elc_min_heavy_distance_8act_mean_ab"":14.96493740189936}"
C028,leave_one_variant_out,P710R,14,A797T|D239N|D778V|E497D|F834L|G768R|H251N|I457T|L781P|R403Q|R453C|R663H|S782N|Y115H,P710R,adhikari2016|adhikari2019|morck2022|nag2015|nandwani2025|pathak2026|sarkar2020|sommese2013,,Scaling recomputed in retained cohort; study deletion uses union of outcome sources.,0.383065250018,-0.0702179793531,estimated,estimated,,,1,1,{},"{""elc_min_heavy_distance_8act_mean_ab"":15.618718748380484}"
C028,leave_one_variant_out,R403Q,14,A797T|D239N|D778V|E497D|F834L|G768R|H251N|I457T|L781P|P710R|R453C|R663H|S782N|Y115H,R403Q,adhikari2016|adhikari2019|morck2022|nandwani2025|pathak2026|sarkar2020|sommese2013|vanderroest2021,,Scaling recomputed in retained cohort; study deletion uses union of outcome sources.,0.427519458164,-0.0484434640938,estimated,estimated,,,1,1,{},"{""elc_min_heavy_distance_8act_mean_ab"":10.462552479197981}"
C028,leave_one_variant_out,R453C,14,A797T|D239N|D778V|E497D|F834L|G768R|H251N|I457T|L781P|P710R|R403Q|R663H|S782N|Y115H,R453C,adhikari2016|adhikari2019|morck2022|nag2015|nandwani2025|pathak2026|sarkar2020|vanderroest2021,,Scaling recomputed in retained cohort; study deletion uses union of outcome sources.,0.409613285808,-0.027736946083,estimated,estimated,,,1,1,{},"{""elc_min_heavy_distance_8act_mean_ab"":15.423078192692065}"
C028,leave_one_variant_out,R663H,14,A797T|D239N|D778V|E497D|F834L|G768R|H251N|I457T|L781P|P710R|R403Q|R453C|S782N|Y115H,R663H,adhikari2016|adhikari2019|morck2022|nag2015|nandwani2025|pathak2026|sommese2013|vanderroest2021,,Scaling recomputed in retained cohort; study deletion uses union of outcome sources.,0.41462656987,-0.0221608079008,estimated,estimated,,,1,1,{},"{""elc_min_heavy_distance_8act_mean_ab"":15.604078449549753}"
C028,leave_one_variant_out,S782N,14,A797T|D239N|D778V|E497D|F834L|G768R|H251N|I457T|L781P|P710R|R403Q|R453C|R663H|Y115H,S782N,adhikari2016|adhikari2019|morck2022|nag2015|nandwani2025|pathak2026|sarkar2020|sommese2013|vanderroest2021,,Scaling recomputed in retained cohort; study deletion uses union of outcome sources.,0.412528641261,-0.036147705061,estimated,estimated,,,1,1,{},"{""elc_min_heavy_distance_8act_mean_ab"":15.063529414581794}"
C028,leave_one_variant_out,Y115H,14,A797T|D239N|D778V|E497D|F834L|G768R|H251N|I457T|L781P|P710R|R403Q|R453C|R663H|S782N,Y115H,adhikari2016|adhikari2019|morck2022|nag2015|nandwani2025|pathak2026|sarkar2020|sommese2013|vanderroest2021,,Scaling recomputed in retained cohort; study deletion uses union of outcome sources.,0.399996903093,-0.0415798922641,estimated,estimated,,,1,1,{},"{""elc_min_heavy_distance_8act_mean_ab"":15.570500657697762}"
C028,leave_one_study_out,adhikari2016,13,A797T|D778V|E497D|F834L|G768R|I457T|L781P|P710R|R403Q|R453C|R663H|S782N|Y115H,D239N|H251N,adhikari2019|morck2022|nag2015|nandwani2025|pathak2026|sarkar2020|sommese2013|vanderroest2021,,Scaling recomputed in retained cohort; study deletion uses union of outcome sources.,0.428293433911,0.0174074377703,estimated,estimated,,,1,1,{},"{""elc_min_heavy_distance_8act_mean_ab"":15.11371670304107}"
C028,leave_one_study_out,adhikari2019,14,A797T|D239N|D778V|E497D|F834L|G768R|H251N|L781P|P710R|R403Q|R453C|R663H|S782N|Y115H,I457T,adhikari2016|morck2022|nag2015|nandwani2025|pathak2026|sarkar2020|sommese2013|vanderroest2021,,Scaling recomputed in retained cohort; study deletion uses union of outcome sources.,0.471465892609,0.00377777241546,estimated,estimated,,,1,1,{},"{""elc_min_heavy_distance_8act_mean_ab"":15.508751352689528}"
C028,leave_one_study_out,morck2022,10,D239N|E497D|G768R|H251N|I457T|P710R|R403Q|R453C|R663H|Y115H,A797T|D778V|F834L|L781P|S782N,adhikari2016|adhikari2019|nag2015|nandwani2025|pathak2026|sarkar2020|sommese2013|vanderroest2021,,Scaling recomputed in retained cohort; study deletion uses union of outcome sources.,0.475495308365,-0.0397619970099,estimated,estimated,,,1,1,{},"{""elc_min_heavy_distance_8act_mean_ab"":14.769458149716856}"
C028,leave_one_study_out,nag2015,14,A797T|D239N|D778V|E497D|F834L|G768R|H251N|I457T|L781P|P710R|R453C|R663H|S782N|Y115H,R403Q,adhikari2016|adhikari2019|morck2022|nandwani2025|pathak2026|sarkar2020|sommese2013|vanderroest2021,,Scaling recomputed in retained cohort; study deletion uses union of outcome sources.,0.427519458164,-0.0484434640938,estimated,estimated,,,1,1,{},"{""elc_min_heavy_distance_8act_mean_ab"":10.462552479197981}"
C028,leave_one_study_out,nandwani2025,13,A797T|D239N|D778V|F834L|G768R|H251N|I457T|L781P|P710R|R403Q|R453C|R663H|S782N,E497D|Y115H,adhikari2016|adhikari2019|morck2022|nag2015|pathak2026|sarkar2020|sommese2013|vanderroest2021,,Scaling recomputed in retained cohort; study deletion uses union of outcome sources.,0.411188406386,-0.0335697232999,estimated,estimated,,,1,1,{},"{""elc_min_heavy_distance_8act_mean_ab"":16.165425190417476}"
C028,leave_one_study_out,pathak2026,14,A797T|D239N|D778V|E497D|F834L|H251N|I457T|L781P|P710R|R403Q|R453C|R663H|S782N|Y115H,G768R,adhikari2016|adhikari2019|morck2022|nag2015|nandwani2025|sarkar2020|sommese2013|vanderroest2021,,Scaling recomputed in retained cohort; study deletion uses union of outcome sources.,0.386259484681,-0.0648632484802,estimated,estimated,,,1,1,{},"{""elc_min_heavy_distance_8act_mean_ab"":15.613291304749113}"
C028,leave_one_study_out,sarkar2020,14,A797T|D239N|D778V|E497D|F834L|G768R|H251N|I457T|L781P|P710R|R403Q|R453C|S782N|Y115H,R663H,adhikari2016|adhikari2019|morck2022|nag2015|nandwani2025|pathak2026|sommese2013|vanderroest2021,,Scaling recomputed in retained cohort; study deletion uses union of outcome sources.,0.41462656987,-0.0221608079008,estimated,estimated,,,1,1,{},"{""elc_min_heavy_distance_8act_mean_ab"":15.604078449549753}"
C028,leave_one_study_out,sommese2013,14,A797T|D239N|D778V|E497D|F834L|G768R|H251N|I457T|L781P|P710R|R403Q|R663H|S782N|Y115H,R453C,adhikari2016|adhikari2019|morck2022|nag2015|nandwani2025|pathak2026|sarkar2020|vanderroest2021,,Scaling recomputed in retained cohort; study deletion uses union of outcome sources.,0.409613285808,-0.027736946083,estimated,estimated,,,1,1,{},"{""elc_min_heavy_distance_8act_mean_ab"":15.423078192692065}"
C028,leave_one_study_out,vanderroest2021,14,A797T|D239N|D778V|E497D|F834L|G768R|H251N|I457T|L781P|R403Q|R453C|R663H|S782N|Y115H,P710R,adhikari2016|adhikari2019|morck2022|nag2015|nandwani2025|pathak2026|sarkar2020|sommese2013,,Scaling recomputed in retained cohort; study deletion uses union of outcome sources.,0.383065250018,-0.0702179793531,estimated,estimated,,,1,1,{},"{""elc_min_heavy_distance_8act_mean_ab"":15.618718748380484}"
C028,exclude_morck_shared_WT,,10,D239N|E497D|G768R|H251N|I457T|P710R|R403Q|R453C|R663H|Y115H,A797T|D778V|F834L|L781P|S782N,adhikari2016|adhikari2019|nag2015|nandwani2025|pathak2026|sarkar2020|sommese2013|vanderroest2021,,Drops primary Morck variants with reused slide/channel WT records; no independence claim for remainder.,0.475495308365,-0.0397619970099,estimated,estimated,,,1,1,{},"{""elc_min_heavy_distance_8act_mean_ab"":14.769458149716856}"
C028,strict_short_head_MVEL20,,4,E497D|G768R|R403Q|Y115H,A797T|D239N|D778V|F834L|H251N|I457T|L781P|P710R|R453C|R663H|S782N,nag2015|nandwani2025|pathak2026,0.8,Four selected pure-actin short-head MVEL20 variants; source conditions still differ.,0.854668776769,-0.5,estimated,estimated,,,1,1,{},"{""elc_min_heavy_distance_8act_mean_ab"":19.30246928839587}"
C029,leave_one_variant_out,A797T,14,D239N|D778V|E497D|F834L|G768R|H251N|I457T|L781P|P710R|R403Q|R453C|R663H|S782N|Y115H,A797T,adhikari2016|adhikari2019|morck2022|nag2015|nandwani2025|pathak2026|sarkar2020|sommese2013|vanderroest2021,,Scaling recomputed in retained cohort; study deletion uses union of outcome sources.,0.403985417921,-0.00715112724279,estimated,estimated,,,1,1,{},"{""delta_charge"":0.7300459115473718}"
C029,leave_one_variant_out,D239N,14,A797T|D778V|E497D|F834L|G768R|H251N|I457T|L781P|P710R|R403Q|R453C|R663H|S782N|Y115H,D239N,adhikari2016|adhikari2019|morck2022|nag2015|nandwani2025|pathak2026|sarkar2020|sommese2013|vanderroest2021,,Scaling recomputed in retained cohort; study deletion uses union of outcome sources.,0.446471490366,0.0359405677611,estimated,estimated,,,1,1,{},"{""delta_charge"":0.6793662204867574}"
C029,leave_one_variant_out,D778V,14,A797T|D239N|E497D|F834L|G768R|H251N|I457T|L781P|P710R|R403Q|R453C|R663H|S782N|Y115H,D778V,adhikari2016|adhikari2019|morck2022|nag2015|nandwani2025|pathak2026|sarkar2020|sommese2013|vanderroest2021,,Scaling recomputed in retained cohort; study deletion uses union of outcome sources.,0.446563995364,0.0151046891982,estimated,estimated,,,1,1,{},"{""delta_charge"":0.6793662204867574}"
C029,leave_one_variant_out,E497D,14,A797T|D239N|D778V|F834L|G768R|H251N|I457T|L781P|P710R|R403Q|R453C|R663H|S782N|Y115H,E497D,adhikari2016|adhikari2019|morck2022|nag2015|nandwani2025|pathak2026|sarkar2020|sommese2013|vanderroest2021,,Scaling recomputed in retained cohort; study deletion uses union of outcome sources.,0.408557028701,-0.00382752270606,estimated,estimated,,,1,1,{},"{""delta_charge"":0.7300459115473718}"
C029,leave_one_variant_out,F834L,14,A797T|D239N|D778V|E497D|G768R|H251N|I457T|L781P|P710R|R403Q|R453C|R663H|S782N|Y115H,F834L,adhikari2016|adhikari2019|morck2022|nag2015|nandwani2025|pathak2026|sarkar2020|sommese2013|vanderroest2021,,Scaling recomputed in retained cohort; study deletion uses union of outcome sources.,0.405802554658,-0.00548576918739,estimated,estimated,,,1,1,{},"{""delta_charge"":0.7300459115473718}"
C029,leave_one_variant_out,G768R,14,A797T|D239N|D778V|E497D|F834L|H251N|I457T|L781P|P710R|R403Q|R453C|R663H|S782N|Y115H,G768R,adhikari2016|adhikari2019|morck2022|nag2015|nandwani2025|sarkar2020|sommese2013|vanderroest2021,,Scaling recomputed in retained cohort; study deletion uses union of outcome sources.,0.400860845401,-0.0308637279192,estimated,estimated,,,1,1,{},"{""delta_charge"":0.6793662204867574}"
C029,leave_one_variant_out,H251N,14,A797T|D239N|D778V|E497D|F834L|G768R|I457T|L781P|P710R|R403Q|R453C|R663H|S782N|Y115H,H251N,adhikari2016|adhikari2019|morck2022|nag2015|nandwani2025|pathak2026|sarkar2020|sommese2013|vanderroest2021,,Scaling recomputed in retained cohort; study deletion uses union of outcome sources.,0.42715243628,0.0129394463888,estimated,estimated,,,1,1,{},"{""delta_charge"":0.7300459115473718}"
C029,leave_one_variant_out,I457T,14,A797T|D239N|D778V|E497D|F834L|G768R|H251N|L781P|P710R|R403Q|R453C|R663H|S782N|Y115H,I457T,adhikari2016|morck2022|nag2015|nandwani2025|pathak2026|sarkar2020|sommese2013|vanderroest2021,,Scaling recomputed in retained cohort; study deletion uses union of outcome sources.,0.488652051357,0.0449098331751,estimated,estimated,,,1,1,{},"{""delta_charge"":0.7300459115473718}"
C029,leave_one_variant_out,L781P,14,A797T|D239N|D778V|E497D|F834L|G768R|H251N|I457T|P710R|R403Q|R453C|R663H|S782N|Y115H,L781P,adhikari2016|adhikari2019|morck2022|nag2015|nandwani2025|pathak2026|sarkar2020|sommese2013|vanderroest2021,,Scaling recomputed in retained cohort; study deletion uses union of outcome sources.,0.415162170372,0.00126448559499,estimated,estimated,,,1,1,{},"{""delta_charge"":0.7300459115473718}"
C029,leave_one_variant_out,P710R,14,A797T|D239N|D778V|E497D|F834L|G768R|H251N|I457T|L781P|R403Q|R453C|R663H|S782N|Y115H,P710R,adhikari2016|adhikari2019|morck2022|nag2015|nandwani2025|pathak2026|sarkar2020|sommese2013,,Scaling recomputed in retained cohort; study deletion uses union of outcome sources.,0.410009883407,-0.0308637279192,estimated,estimated,,,1,1,{},"{""delta_charge"":0.6793662204867574}"
C029,leave_one_variant_out,R403Q,14,A797T|D239N|D778V|E497D|F834L|G768R|H251N|I457T|L781P|P710R|R453C|R663H|S782N|Y115H,R403Q,adhikari2016|adhikari2019|morck2022|nandwani2025|pathak2026|sarkar2020|sommese2013|vanderroest2021,,Scaling recomputed in retained cohort; study deletion uses union of outcome sources.,0.40500024126,-0.0113263780077,estimated,estimated,,,1,1,{},"{""delta_charge"":0.6629935441317958}"
C029,leave_one_variant_out,R453C,14,A797T|D239N|D778V|E497D|F834L|G768R|H251N|I457T|L781P|P710R|R403Q|R663H|S782N|Y115H,R453C,adhikari2016|adhikari2019|morck2022|nag2015|nandwani2025|pathak2026|sarkar2020|vanderroest2021,,Scaling recomputed in retained cohort; study deletion uses union of outcome sources.,0.42200022609,0.00720157548988,estimated,estimated,,,1,1,{},"{""delta_charge"":0.6629935441317958}"
C029,leave_one_variant_out,R663H,14,A797T|D239N|D778V|E497D|F834L|G768R|H251N|I457T|L781P|P710R|R403Q|R453C|S782N|Y115H,R663H,adhikari2016|adhikari2019|morck2022|nag2015|nandwani2025|pathak2026|sommese2013|vanderroest2021,,Scaling recomputed in retained cohort; study deletion uses union of outcome sources.,0.393141130745,-0.0305320941589,estimated,estimated,,,1,1,{},"{""delta_charge"":0.6629935441317958}"
C029,leave_one_variant_out,S782N,14,A797T|D239N|D778V|E497D|F834L|G768R|H251N|I457T|L781P|P710R|R403Q|R453C|R663H|Y115H,S782N,adhikari2016|adhikari2019|morck2022|nag2015|nandwani2025|pathak2026|sarkar2020|sommese2013|vanderroest2021,,Scaling recomputed in retained cohort; study deletion uses union of outcome sources.,0.404294064927,-0.00691803263297,estimated,estimated,,,1,1,{},"{""delta_charge"":0.7300459115473718}"
C029,leave_one_variant_out,Y115H,14,A797T|D239N|D778V|E497D|F834L|G768R|H251N|I457T|L781P|P710R|R403Q|R453C|R663H|S782N,Y115H,adhikari2016|adhikari2019|morck2022|nag2015|nandwani2025|pathak2026|sarkar2020|sommese2013|vanderroest2021,,Scaling recomputed in retained cohort; study deletion uses union of outcome sources.,0.440235522014,0.0219952730981,estimated,estimated,,,1,1,{},"{""delta_charge"":0.7300459115473718}"
C029,leave_one_study_out,adhikari2016,13,A797T|D778V|E497D|F834L|G768R|I457T|L781P|P710R|R403Q|R453C|R663H|S782N|Y115H,D239N|H251N,adhikari2019|morck2022|nag2015|nandwani2025|pathak2026|sarkar2020|sommese2013|vanderroest2021,,Scaling recomputed in retained cohort; study deletion uses union of outcome sources.,0.46426863432,0.0448696583518,estimated,estimated,,,1,1,{},"{""delta_charge"":0.7071067811865476}"
C029,leave_one_study_out,adhikari2019,14,A797T|D239N|D778V|E497D|F834L|G768R|H251N|L781P|P710R|R403Q|R453C|R663H|S782N|Y115H,I457T,adhikari2016|morck2022|nag2015|nandwani2025|pathak2026|sarkar2020|sommese2013|vanderroest2021,,Scaling recomputed in retained cohort; study deletion uses union of outcome sources.,0.488652051357,0.0449098331751,estimated,estimated,,,1,1,{},"{""delta_charge"":0.7300459115473718}"
C029,leave_one_study_out,morck2022,10,D239N|E497D|G768R|H251N|I457T|P710R|R403Q|R453C|R663H|Y115H,A797T|D778V|F834L|L781P|S782N,adhikari2016|adhikari2019|nag2015|nandwani2025|pathak2026|sarkar2020|sommese2013|vanderroest2021,,Scaling recomputed in retained cohort; study deletion uses union of outcome sources.,0.47573198319,0.0220268904008,estimated,estimated,,,1,1,{},"{""delta_charge"":0.816496580927726}"
C029,leave_one_study_out,nag2015,14,A797T|D239N|D778V|E497D|F834L|G768R|H251N|I457T|L781P|P710R|R453C|R663H|S782N|Y115H,R403Q,adhikari2016|adhikari2019|morck2022|nandwani2025|pathak2026|sarkar2020|sommese2013|vanderroest2021,,Scaling recomputed in retained cohort; study deletion uses union of outcome sources.,0.40500024126,-0.0113263780077,estimated,estimated,,,1,1,{},"{""delta_charge"":0.6629935441317958}"
C029,leave_one_study_out,nandwani2025,13,A797T|D239N|D778V|F834L|G768R|H251N|I457T|L781P|P710R|R403Q|R453C|R663H|S782N,E497D|Y115H,adhikari2016|adhikari2019|morck2022|nag2015|pathak2026|sarkar2020|sommese2013|vanderroest2021,,Scaling recomputed in retained cohort; study deletion uses union of outcome sources.,0.446252460746,0.0227623309766,estimated,estimated,,,1,1,{},"{""delta_charge"":0.75955452531275}"
C029,leave_one_study_out,pathak2026,14,A797T|D239N|D778V|E497D|F834L|H251N|I457T|L781P|P710R|R403Q|R453C|R663H|S782N|Y115H,G768R,adhikari2016|adhikari2019|morck2022|nag2015|nandwani2025|sarkar2020|sommese2013|vanderroest2021,,Scaling recomputed in retained cohort; study deletion uses union of outcome sources.,0.400860845401,-0.0308637279192,estimated,estimated,,,1,1,{},"{""delta_charge"":0.6793662204867574}"
C029,leave_one_study_out,sarkar2020,14,A797T|D239N|D778V|E497D|F834L|G768R|H251N|I457T|L781P|P710R|R403Q|R453C|S782N|Y115H,R663H,adhikari2016|adhikari2019|morck2022|nag2015|nandwani2025|pathak2026|sommese2013|vanderroest2021,,Scaling recomputed in retained cohort; study deletion uses union of outcome sources.,0.393141130745,-0.0305320941589,estimated,estimated,,,1,1,{},"{""delta_charge"":0.6629935441317958}"
C029,leave_one_study_out,sommese2013,14,A797T|D239N|D778V|E497D|F834L|G768R|H251N|I457T|L781P|P710R|R403Q|R663H|S782N|Y115H,R453C,adhikari2016|adhikari2019|morck2022|nag2015|nandwani2025|pathak2026|sarkar2020|vanderroest2021,,Scaling recomputed in retained cohort; study deletion uses union of outcome sources.,0.42200022609,0.00720157548988,estimated,estimated,,,1,1,{},"{""delta_charge"":0.6629935441317958}"
C029,leave_one_study_out,vanderroest2021,14,A797T|D239N|D778V|E497D|F834L|G768R|H251N|I457T|L781P|R403Q|R453C|R663H|S782N|Y115H,P710R,adhikari2016|adhikari2019|morck2022|nag2015|nandwani2025|pathak2026|sarkar2020|sommese2013,,Scaling recomputed in retained cohort; study deletion uses union of outcome sources.,0.410009883407,-0.0308637279192,estimated,estimated,,,1,1,{},"{""delta_charge"":0.6793662204867574}"
C029,exclude_morck_shared_WT,,10,D239N|E497D|G768R|H251N|I457T|P710R|R403Q|R453C|R663H|Y115H,A797T|D778V|F834L|L781P|S782N,adhikari2016|adhikari2019|nag2015|nandwani2025|pathak2026|sarkar2020|sommese2013|vanderroest2021,,Drops primary Morck variants with reused slide/channel WT records; no independence claim for remainder.,0.47573198319,0.0220268904008,estimated,estimated,,,1,1,{},"{""delta_charge"":0.816496580927726}"
C029,strict_short_head_MVEL20,,4,E497D|G768R|R403Q|Y115H,A797T|D239N|D778V|F834L|H251N|I457T|L781P|P710R|R453C|R663H|S782N,nag2015|nandwani2025|pathak2026,-0.948683298051,Four selected pure-actin short-head MVEL20 variants; source conditions still differ.,0.913276467797,,estimated,zero_u_distance_variance,,,1,1,{},"{""delta_charge"":0.816496580927726}"
C030,leave_one_variant_out,A797T,13,D239N|D778V|E497D|F834L|G768R|H251N|I457T|L781P|R403Q|R453C|R663H|S782N|Y115H,A797T,adhikari2016|adhikari2019|morck2022|nag2015|nandwani2025|pathak2026|sarkar2020|sommese2013,,Scaling recomputed in retained cohort; study deletion uses union of outcome sources.,0.431733757891,-0.0300845393779,estimated,estimated,,,1,1,{},"{""grantham_distance"":50.51871955662599}"
C030,leave_one_variant_out,D239N,13,A797T|D778V|E497D|F834L|G768R|H251N|I457T|L781P|R403Q|R453C|R663H|S782N|Y115H,D239N,adhikari2016|adhikari2019|morck2022|nag2015|nandwani2025|pathak2026|sarkar2020|sommese2013,,Scaling recomputed in retained cohort; study deletion uses union of outcome sources.,0.484990434621,0.0467585537317,estimated,estimated,,,1,1,{},"{""grantham_distance"":48.27498688735564}"
C030,leave_one_variant_out,D778V,13,A797T|D239N|E497D|F834L|G768R|H251N|I457T|L781P|R403Q|R453C|R663H|S782N|Y115H,D778V,adhikari2016|adhikari2019|morck2022|nag2015|nandwani2025|pathak2026|sarkar2020|sommese2013,,Scaling recomputed in retained cohort; study deletion uses union of outcome sources.,0.537734695473,0.111099952579,estimated,estimated,,,1,1,{},"{""grantham_distance"":45.37888925198136}"
C030,leave_one_variant_out,E497D,13,A797T|D239N|D778V|F834L|G768R|H251N|I457T|L781P|R403Q|R453C|R663H|S782N|Y115H,E497D,adhikari2016|adhikari2019|morck2022|nag2015|nandwani2025|pathak2026|sarkar2020|sommese2013,,Scaling recomputed in retained cohort; study deletion uses union of outcome sources.,0.457893341655,-0.00264549500669,estimated,estimated,,,1,1,{},"{""grantham_distance"":49.954723089757586}"
C030,leave_one_variant_out,F834L,13,A797T|D239N|D778V|E497D|G768R|H251N|I457T|L781P|R403Q|R453C|R663H|S782N|Y115H,F834L,adhikari2016|adhikari2019|morck2022|nag2015|nandwani2025|pathak2026|sarkar2020|sommese2013,,Scaling recomputed in retained cohort; study deletion uses union of outcome sources.,0.424660304115,-0.053589171268,estimated,estimated,,,1,1,{},"{""grantham_distance"":48.1758264735568}"
C030,leave_one_variant_out,G768R,13,A797T|D239N|D778V|E497D|F834L|H251N|I457T|L781P|R403Q|R453C|R663H|S782N|Y115H,G768R,adhikari2016|adhikari2019|morck2022|nag2015|nandwani2025|sarkar2020|sommese2013,,Scaling recomputed in retained cohort; study deletion uses union of outcome sources.,0.386868010285,-0.0922628775646,estimated,estimated,,,1,1,{},"{""grantham_distance"":48.61241268098783}"
C030,leave_one_variant_out,H251N,13,A797T|D239N|D778V|E497D|F834L|G768R|I457T|L781P|R403Q|R453C|R663H|S782N|Y115H,H251N,adhikari2016|adhikari2019|morck2022|nag2015|nandwani2025|pathak2026|sarkar2020|sommese2013,,Scaling recomputed in retained cohort; study deletion uses union of outcome sources.,0.445207299051,-0.017235186594,estimated,estimated,,,1,1,{},"{""grantham_distance"":50.74534208762164}"
C030,leave_one_variant_out,I457T,13,A797T|D239N|D778V|E497D|F834L|G768R|H251N|L781P|R403Q|R453C|R663H|S782N|Y115H,I457T,adhikari2016|morck2022|nag2015|nandwani2025|pathak2026|sarkar2020|sommese2013,,Scaling recomputed in retained cohort; study deletion uses union of outcome sources.,0.521675500959,0.047522337095,estimated,estimated,,,1,1,{},"{""grantham_distance"":50.644436756261534}"
C030,leave_one_variant_out,L781P,13,A797T|D239N|D778V|E497D|F834L|G768R|H251N|I457T|R403Q|R453C|R663H|S782N|Y115H,L781P,adhikari2016|adhikari2019|morck2022|nag2015|nandwani2025|pathak2026|sarkar2020|sommese2013,,Scaling recomputed in retained cohort; study deletion uses union of outcome sources.,0.432190260967,-0.0562742728946,estimated,estimated,,,1,1,{},"{""grantham_distance"":50.36113173612751}"
C030,leave_one_variant_out,R403Q,13,A797T|D239N|D778V|E497D|F834L|G768R|H251N|I457T|L781P|R453C|R663H|S782N|Y115H,R403Q,adhikari2016|adhikari2019|morck2022|nandwani2025|pathak2026|sarkar2020|sommese2013,,Scaling recomputed in retained cohort; study deletion uses union of outcome sources.,0.421063176385,-0.0453689479491,estimated,estimated,,,1,1,{},"{""grantham_distance"":49.84038626018163}"
C030,leave_one_variant_out,R453C,13,A797T|D239N|D778V|E497D|F834L|G768R|H251N|I457T|L781P|R403Q|R663H|S782N|Y115H,R453C,adhikari2016|adhikari2019|morck2022|nag2015|nandwani2025|pathak2026|sarkar2020,,Scaling recomputed in retained cohort; study deletion uses union of outcome sources.,0.474660093475,-0.040031481971,estimated,estimated,,,1,1,{},"{""grantham_distance"":40.07317025590781}"
C030,leave_one_variant_out,R663H,13,A797T|D239N|D778V|E497D|F834L|G768R|H251N|I457T|L781P|R403Q|R453C|S782N|Y115H,R663H,adhikari2016|adhikari2019|morck2022|nag2015|nandwani2025|pathak2026|sommese2013,,Scaling recomputed in retained cohort; study deletion uses union of outcome sources.,0.421240748048,-0.0553152551513,estimated,estimated,,,1,1,{},"{""grantham_distance"":48.82714146445339}"
C030,leave_one_variant_out,S782N,13,A797T|D239N|D778V|E497D|F834L|G768R|H251N|I457T|L781P|R403Q|R453C|R663H|Y115H,S782N,adhikari2016|adhikari2019|morck2022|nag2015|nandwani2025|pathak2026|sarkar2020|sommese2013,,Scaling recomputed in retained cohort; study deletion uses union of outcome sources.,0.423433119954,-0.0444586890596,estimated,estimated,,,1,1,{},"{""grantham_distance"":50.00910173568664}"
C030,leave_one_variant_out,Y115H,13,A797T|D239N|D778V|E497D|F834L|G768R|H251N|I457T|L781P|R403Q|R453C|R663H|S782N,Y115H,adhikari2016|adhikari2019|morck2022|nag2015|nandwani2025|pathak2026|sarkar2020|sommese2013,,Scaling recomputed in retained cohort; study deletion uses union of outcome sources.,0.437054423031,-0.0490697462162,estimated,estimated,,,1,1,{},"{""grantham_distance"":50.75292084559246}"
C030,leave_one_study_out,adhikari2016,12,A797T|D778V|E497D|F834L|G768R|I457T|L781P|R403Q|R453C|R663H|S782N|Y115H,D239N|H251N,adhikari2019|morck2022|nag2015|nandwani2025|pathak2026|sarkar2020|sommese2013,,Scaling recomputed in retained cohort; study deletion uses union of outcome sources.,0.502572941907,0.0686836005352,estimated,estimated,,,1,1,{},"{""grantham_distance"":50.2843430057026}"
C030,leave_one_study_out,adhikari2019,13,A797T|D239N|D778V|E497D|F834L|G768R|H251N|L781P|R403Q|R453C|R663H|S782N|Y115H,I457T,adhikari2016|morck2022|nag2015|nandwani2025|pathak2026|sarkar2020|sommese2013,,Scaling recomputed in retained cohort; study deletion uses union of outcome sources.,0.521675500959,0.047522337095,estimated,estimated,,,1,1,{},"{""grantham_distance"":50.644436756261534}"
C030,leave_one_study_out,morck2022,9,D239N|E497D|G768R|H251N|I457T|R403Q|R453C|R663H|Y115H,A797T|D778V|F834L|L781P|S782N,adhikari2016|adhikari2019|nag2015|nandwani2025|pathak2026|sarkar2020|sommese2013,,Scaling recomputed in retained cohort; study deletion uses union of outcome sources.,0.539542029664,0.0152690676602,estimated,estimated,,,1,1,{},"{""grantham_distance"":50.70365974080284}"
C030,leave_one_study_out,nag2015,13,A797T|D239N|D778V|E497D|F834L|G768R|H251N|I457T|L781P|R453C|R663H|S782N|Y115H,R403Q,adhikari2016|adhikari2019|morck2022|nandwani2025|pathak2026|sarkar2020|sommese2013,,Scaling recomputed in retained cohort; study deletion uses union of outcome sources.,0.421063176385,-0.0453689479491,estimated,estimated,,,1,1,{},"{""grantham_distance"":49.84038626018163}"
C030,leave_one_study_out,nandwani2025,12,A797T|D239N|D778V|F834L|G768R|H251N|I457T|L781P|R403Q|R453C|R663H|S782N,E497D|Y115H,adhikari2016|adhikari2019|morck2022|nag2015|pathak2026|sarkar2020|sommese2013,,Scaling recomputed in retained cohort; study deletion uses union of outcome sources.,0.46655824958,-0.0245310147347,estimated,estimated,,,1,1,{},"{""grantham_distance"":52.15383712894697}"
C030,leave_one_study_out,pathak2026,13,A797T|D239N|D778V|E497D|F834L|H251N|I457T|L781P|R403Q|R453C|R663H|S782N|Y115H,G768R,adhikari2016|adhikari2019|morck2022|nag2015|nandwani2025|sarkar2020|sommese2013,,Scaling recomputed in retained cohort; study deletion uses union of outcome sources.,0.386868010285,-0.0922628775646,estimated,estimated,,,1,1,{},"{""grantham_distance"":48.61241268098783}"
C030,leave_one_study_out,sarkar2020,13,A797T|D239N|D778V|E497D|F834L|G768R|H251N|I457T|L781P|R403Q|R453C|S782N|Y115H,R663H,adhikari2016|adhikari2019|morck2022|nag2015|nandwani2025|pathak2026|sommese2013,,Scaling recomputed in retained cohort; study deletion uses union of outcome sources.,0.421240748048,-0.0553152551513,estimated,estimated,,,1,1,{},"{""grantham_distance"":48.82714146445339}"
C030,leave_one_study_out,sommese2013,13,A797T|D239N|D778V|E497D|F834L|G768R|H251N|I457T|L781P|R403Q|R663H|S782N|Y115H,R453C,adhikari2016|adhikari2019|morck2022|nag2015|nandwani2025|pathak2026|sarkar2020,,Scaling recomputed in retained cohort; study deletion uses union of outcome sources.,0.474660093475,-0.040031481971,estimated,estimated,,,1,1,{},"{""grantham_distance"":40.07317025590781}"
C030,exclude_morck_shared_WT,,9,D239N|E497D|G768R|H251N|I457T|R403Q|R453C|R663H|Y115H,A797T|D778V|F834L|L781P|S782N,adhikari2016|adhikari2019|nag2015|nandwani2025|pathak2026|sarkar2020|sommese2013,,Drops primary Morck variants with reused slide/channel WT records; no independence claim for remainder.,0.539542029664,0.0152690676602,estimated,estimated,,,1,1,{},"{""grantham_distance"":50.70365974080284}"
C030,strict_short_head_MVEL20,,4,E497D|G768R|R403Q|Y115H,A797T|D239N|D778V|F834L|H251N|I457T|L781P|R453C|R663H|S782N,nag2015|nandwani2025|pathak2026,-1,Four selected pure-actin short-head MVEL20 variants; source conditions still differ.,0.950849380729,1,estimated,estimated,,,1,1,{},"{""grantham_distance"":38.660919113061276}"
C031,leave_one_variant_out,A797T,13,D239N|D778V|E497D|F834L|G768R|H251N|I457T|L781P|R403Q|R453C|R663H|S782N|Y115H,A797T,adhikari2016|adhikari2019|morck2022|nag2015|nandwani2025|pathak2026|sarkar2020|sommese2013,,Scaling recomputed in retained cohort; study deletion uses union of outcome sources.,0.478315774619,0.0426448392433,estimated,estimated,,,1,1,{},"{""catalytic_motif_min_ca_distance_8act_mean_ab"":21.045217530710318}"
C031,leave_one_variant_out,D239N,13,A797T|D778V|E497D|F834L|G768R|H251N|I457T|L781P|R403Q|R453C|R663H|S782N|Y115H,D239N,adhikari2016|adhikari2019|morck2022|nag2015|nandwani2025|pathak2026|sarkar2020|sommese2013,,Scaling recomputed in retained cohort; study deletion uses union of outcome sources.,0.414809364294,-0.0411113036929,estimated,estimated,,,1,1,{},"{""catalytic_motif_min_ca_distance_8act_mean_ab"":20.292999088890937}"
C031,leave_one_variant_out,D778V,13,A797T|D239N|E497D|F834L|G768R|H251N|I457T|L781P|R403Q|R453C|R663H|S782N|Y115H,D778V,adhikari2016|adhikari2019|morck2022|nag2015|nandwani2025|pathak2026|sarkar2020|sommese2013,,Scaling recomputed in retained cohort; study deletion uses union of outcome sources.,0.532173643361,0.153861338021,estimated,estimated,,,1,1,{},"{""catalytic_motif_min_ca_distance_8act_mean_ab"":22.090092719626853}"
C031,leave_one_variant_out,E497D,13,A797T|D239N|D778V|F834L|G768R|H251N|I457T|L781P|R403Q|R453C|R663H|S782N|Y115H,E497D,adhikari2016|adhikari2019|morck2022|nag2015|nandwani2025|pathak2026|sarkar2020|sommese2013,,Scaling recomputed in retained cohort; study deletion uses union of outcome sources.,0.505026304536,0.0855223676286,estimated,estimated,,,1,1,{},"{""catalytic_motif_min_ca_distance_8act_mean_ab"":22.052563792296556}"
C031,leave_one_variant_out,F834L,13,A797T|D239N|D778V|E497D|G768R|H251N|I457T|L781P|R403Q|R453C|R663H|S782N|Y115H,F834L,adhikari2016|adhikari2019|morck2022|nag2015|nandwani2025|pathak2026|sarkar2020|sommese2013,,Scaling recomputed in retained cohort; study deletion uses union of outcome sources.,0.519660325686,0.0496597033132,estimated,estimated,,,1,1,{},"{""catalytic_motif_min_ca_distance_8act_mean_ab"":14.22773834455461}"
C031,leave_one_variant_out,G768R,13,A797T|D239N|D778V|E497D|F834L|H251N|I457T|L781P|R403Q|R453C|R663H|S782N|Y115H,G768R,adhikari2016|adhikari2019|morck2022|nag2015|nandwani2025|sarkar2020|sommese2013,,Scaling recomputed in retained cohort; study deletion uses union of outcome sources.,0.504453062082,0.0867970995223,estimated,estimated,,,1,1,{},"{""catalytic_motif_min_ca_distance_8act_mean_ab"":22.136717571329655}"
C031,leave_one_variant_out,H251N,13,A797T|D239N|D778V|E497D|F834L|G768R|I457T|L781P|R403Q|R453C|R663H|S782N|Y115H,H251N,adhikari2016|adhikari2019|morck2022|nag2015|nandwani2025|pathak2026|sarkar2020|sommese2013,,Scaling recomputed in retained cohort; study deletion uses union of outcome sources.,0.506405142001,0.0684789169624,estimated,estimated,,,1,1,{},"{""catalytic_motif_min_ca_distance_8act_mean_ab"":21.7719493909587}"
C031,leave_one_variant_out,I457T,13,A797T|D239N|D778V|E497D|F834L|G768R|H251N|L781P|R403Q|R453C|R663H|S782N|Y115H,I457T,adhikari2016|morck2022|nag2015|nandwani2025|pathak2026|sarkar2020|sommese2013,,Scaling recomputed in retained cohort; study deletion uses union of outcome sources.,0.471082740574,-0.045401957694,estimated,estimated,,,1,1,{},"{""catalytic_motif_min_ca_distance_8act_mean_ab"":21.59545239543545}"
C031,leave_one_variant_out,L781P,13,A797T|D239N|D778V|E497D|F834L|G768R|H251N|I457T|R403Q|R453C|R663H|S782N|Y115H,L781P,adhikari2016|adhikari2019|morck2022|nag2015|nandwani2025|pathak2026|sarkar2020|sommese2013,,Scaling recomputed in retained cohort; study deletion uses union of outcome sources.,0.497182169119,0.0902577533373,estimated,estimated,,,1,1,{},"{""catalytic_motif_min_ca_distance_8act_mean_ab"":21.967148729559252}"
C031,leave_one_variant_out,R403Q,13,A797T|D239N|D778V|E497D|F834L|G768R|H251N|I457T|L781P|R453C|R663H|S782N|Y115H,R403Q,adhikari2016|adhikari2019|morck2022|nandwani2025|pathak2026|sarkar2020|sommese2013,,Scaling recomputed in retained cohort; study deletion uses union of outcome sources.,0.494079992138,0.0803523380547,estimated,estimated,,,1,1,{},"{""catalytic_motif_min_ca_distance_8act_mean_ab"":22.1146707764482}"
C031,leave_one_variant_out,R453C,13,A797T|D239N|D778V|E497D|F834L|G768R|H251N|I457T|L781P|R403Q|R663H|S782N|Y115H,R453C,adhikari2016|adhikari2019|morck2022|nag2015|nandwani2025|pathak2026|sarkar2020,,Scaling recomputed in retained cohort; study deletion uses union of outcome sources.,0.510492132088,0.0925621335594,estimated,estimated,,,1,1,{},"{""catalytic_motif_min_ca_distance_8act_mean_ab"":22.010178250133908}"
C031,leave_one_variant_out,R663H,13,A797T|D239N|D778V|E497D|F834L|G768R|H251N|I457T|L781P|R403Q|R453C|S782N|Y115H,R663H,adhikari2016|adhikari2019|morck2022|nag2015|nandwani2025|pathak2026|sommese2013,,Scaling recomputed in retained cohort; study deletion uses union of outcome sources.,0.537958828035,0.128060342305,estimated,estimated,,,1,1,{},"{""catalytic_motif_min_ca_distance_8act_mean_ab"":21.785215028326288}"
C031,leave_one_variant_out,S782N,13,A797T|D239N|D778V|E497D|F834L|G768R|H251N|I457T|L781P|R403Q|R453C|R663H|Y115H,S782N,adhikari2016|adhikari2019|morck2022|nag2015|nandwani2025|pathak2026|sarkar2020|sommese2013,,Scaling recomputed in retained cohort; study deletion uses union of outcome sources.,0.482284536739,0.0548552672921,estimated,estimated,,,1,1,{},"{""catalytic_motif_min_ca_distance_8act_mean_ab"":21.972134146777368}"
C031,leave_one_variant_out,Y115H,13,A797T|D239N|D778V|E497D|F834L|G768R|H251N|I457T|L781P|R403Q|R453C|R663H|S782N,Y115H,adhikari2016|adhikari2019|morck2022|nag2015|nandwani2025|pathak2026|sarkar2020|sommese2013,,Scaling recomputed in retained cohort; study deletion uses union of outcome sources.,0.565567764456,0.195830537256,estimated,estimated,,,1,1,{},"{""catalytic_motif_min_ca_distance_8act_mean_ab"":21.510658479284228}"
C031,leave_one_study_out,adhikari2016,12,A797T|D778V|E497D|F834L|G768R|I457T|L781P|R403Q|R453C|R663H|S782N|Y115H,D239N|H251N,adhikari2019|morck2022|nag2015|nandwani2025|pathak2026|sarkar2020|sommese2013,,Scaling recomputed in retained cohort; study deletion uses union of outcome sources.,0.437927828467,-0.0604116581473,estimated,estimated,,,1,1,{},"{""catalytic_motif_min_ca_distance_8act_mean_ab"":20.6069100168235}"
C031,leave_one_study_out,adhikari2019,13,A797T|D239N|D778V|E497D|F834L|G768R|H251N|L781P|R403Q|R453C|R663H|S782N|Y115H,I457T,adhikari2016|morck2022|nag2015|nandwani2025|pathak2026|sarkar2020|sommese2013,,Scaling recomputed in retained cohort; study deletion uses union of outcome sources.,0.471082740574,-0.045401957694,estimated,estimated,,,1,1,{},"{""catalytic_motif_min_ca_distance_8act_mean_ab"":21.59545239543545}"
C031,leave_one_study_out,morck2022,9,D239N|E497D|G768R|H251N|I457T|R403Q|R453C|R663H|Y115H,A797T|D778V|F834L|L781P|S782N,adhikari2016|adhikari2019|nag2015|nandwani2025|pathak2026|sarkar2020|sommese2013,,Scaling recomputed in retained cohort; study deletion uses union of outcome sources.,0.646110292804,0.124691187514,estimated,estimated,,,1,1,{},"{""catalytic_motif_min_ca_distance_8act_mean_ab"":9.713477551318947}"
C031,leave_one_study_out,nag2015,13,A797T|D239N|D778V|E497D|F834L|G768R|H251N|I457T|L781P|R453C|R663H|S782N|Y115H,R403Q,adhikari2016|adhikari2019|morck2022|nandwani2025|pathak2026|sarkar2020|sommese2013,,Scaling recomputed in retained cohort; study deletion uses union of outcome sources.,0.494079992138,0.0803523380547,estimated,estimated,,,1,1,{},"{""catalytic_motif_min_ca_distance_8act_mean_ab"":22.1146707764482}"
C031,leave_one_study_out,nandwani2025,12,A797T|D239N|D778V|F834L|G768R|H251N|I457T|L781P|R403Q|R453C|R663H|S782N,E497D|Y115H,adhikari2016|adhikari2019|morck2022|nag2015|pathak2026|sarkar2020|sommese2013,,Scaling recomputed in retained cohort; study deletion uses union of outcome sources.,0.588826480426,0.22952869871,estimated,estimated,,,1,1,{},"{""catalytic_motif_min_ca_distance_8act_mean_ab"":22.32179344926233}"
C031,leave_one_study_out,pathak2026,13,A797T|D239N|D778V|E497D|F834L|H251N|I457T|L781P|R403Q|R453C|R663H|S782N|Y115H,G768R,adhikari2016|adhikari2019|morck2022|nag2015|nandwani2025|sarkar2020|sommese2013,,Scaling recomputed in retained cohort; study deletion uses union of outcome sources.,0.504453062082,0.0867970995223,estimated,estimated,,,1,1,{},"{""catalytic_motif_min_ca_distance_8act_mean_ab"":22.136717571329655}"
C031,leave_one_study_out,sarkar2020,13,A797T|D239N|D778V|E497D|F834L|G768R|H251N|I457T|L781P|R403Q|R453C|S782N|Y115H,R663H,adhikari2016|adhikari2019|morck2022|nag2015|nandwani2025|pathak2026|sommese2013,,Scaling recomputed in retained cohort; study deletion uses union of outcome sources.,0.537958828035,0.128060342305,estimated,estimated,,,1,1,{},"{""catalytic_motif_min_ca_distance_8act_mean_ab"":21.785215028326288}"
C031,leave_one_study_out,sommese2013,13,A797T|D239N|D778V|E497D|F834L|G768R|H251N|I457T|L781P|R403Q|R663H|S782N|Y115H,R453C,adhikari2016|adhikari2019|morck2022|nag2015|nandwani2025|pathak2026|sarkar2020,,Scaling recomputed in retained cohort; study deletion uses union of outcome sources.,0.510492132088,0.0925621335594,estimated,estimated,,,1,1,{},"{""catalytic_motif_min_ca_distance_8act_mean_ab"":22.010178250133908}"
C031,exclude_morck_shared_WT,,9,D239N|E497D|G768R|H251N|I457T|R403Q|R453C|R663H|Y115H,A797T|D778V|F834L|L781P|S782N,adhikari2016|adhikari2019|nag2015|nandwani2025|pathak2026|sarkar2020|sommese2013,,Drops primary Morck variants with reused slide/channel WT records; no independence claim for remainder.,0.646110292804,0.124691187514,estimated,estimated,,,1,1,{},"{""catalytic_motif_min_ca_distance_8act_mean_ab"":9.713477551318947}"
C031,strict_short_head_MVEL20,,4,E497D|G768R|R403Q|Y115H,A797T|D239N|D778V|F834L|H251N|I457T|L781P|R453C|R663H|S782N,nag2015|nandwani2025|pathak2026,0.4,Four selected pure-actin short-head MVEL20 variants; source conditions still differ.,0.724186746443,-0.5,estimated,estimated,,,1,1,{},"{""catalytic_motif_min_ca_distance_8act_mean_ab"":9.085003696449512}"
C032,leave_one_variant_out,A797T,12,D778V|E497D|F834L|G768R|H251N|I457T|L781P|P710R|R403Q|R663H|S782N|Y115H,A797T,adhikari2016|adhikari2019|morck2022|nag2015|nandwani2025|pathak2026|sarkar2020|vanderroest2021,,Scaling recomputed in retained cohort; study deletion uses union of outcome sources.,0.41580532366,-0.146126329398,estimated,estimated,,,1,1,{},"{""wt_site_rsa_8act_mean_ab"":0.20658497933798575}"
C032,leave_one_variant_out,D778V,12,A797T|E497D|F834L|G768R|H251N|I457T|L781P|P710R|R403Q|R663H|S782N|Y115H,D778V,adhikari2016|adhikari2019|morck2022|nag2015|nandwani2025|pathak2026|sarkar2020|vanderroest2021,,Scaling recomputed in retained cohort; study deletion uses union of outcome sources.,0.402841001456,-0.141910961849,estimated,estimated,,,1,1,{},"{""wt_site_rsa_8act_mean_ab"":0.21208659631679516}"
C032,leave_one_variant_out,E497D,12,A797T|D778V|F834L|G768R|H251N|I457T|L781P|P710R|R403Q|R663H|S782N|Y115H,E497D,adhikari2016|adhikari2019|morck2022|nag2015|nandwani2025|pathak2026|sarkar2020|vanderroest2021,,Scaling recomputed in retained cohort; study deletion uses union of outcome sources.,0.392936919656,-0.160896266046,estimated,estimated,,,1,1,{},"{""wt_site_rsa_8act_mean_ab"":0.21091813781705931}"
C032,leave_one_variant_out,F834L,12,A797T|D778V|E497D|G768R|H251N|I457T|L781P|P710R|R403Q|R663H|S782N|Y115H,F834L,adhikari2016|adhikari2019|morck2022|nag2015|nandwani2025|pathak2026|sarkar2020|vanderroest2021,,Scaling recomputed in retained cohort; study deletion uses union of outcome sources.,0.37394525816,-0.163185613655,estimated,estimated,,,1,1,{},"{""wt_site_rsa_8act_mean_ab"":0.21454270673959955}"
C032,leave_one_variant_out,G768R,12,A797T|D778V|E497D|F834L|H251N|I457T|L781P|P710R|R403Q|R663H|S782N|Y115H,G768R,adhikari2016|adhikari2019|morck2022|nag2015|nandwani2025|sarkar2020|vanderroest2021,,Scaling recomputed in retained cohort; study deletion uses union of outcome sources.,0.452047219748,-0.0338018027183,estimated,estimated,,,1,1,{},"{""wt_site_rsa_8act_mean_ab"":0.17391553094902817}"
C032,leave_one_variant_out,H251N,12,A797T|D778V|E497D|F834L|G768R|I457T|L781P|P710R|R403Q|R663H|S782N|Y115H,H251N,adhikari2019|morck2022|nag2015|nandwani2025|pathak2026|sarkar2020|vanderroest2021,,Scaling recomputed in retained cohort; study deletion uses union of outcome sources.,0.402540294096,-0.167567139175,estimated,estimated,,,1,1,{},"{""wt_site_rsa_8act_mean_ab"":0.21134175245520462}"
C032,leave_one_variant_out,I457T,12,A797T|D778V|E497D|F834L|G768R|H251N|L781P|P710R|R403Q|R663H|S782N|Y115H,I457T,adhikari2016|morck2022|nag2015|nandwani2025|pathak2026|sarkar2020|vanderroest2021,,Scaling recomputed in retained cohort; study deletion uses union of outcome sources.,0.36694762684,-0.148732608206,estimated,estimated,,,1,1,{},"{""wt_site_rsa_8act_mean_ab"":0.20388740039560266}"
C032,leave_one_variant_out,L781P,12,A797T|D778V|E497D|F834L|G768R|H251N|I457T|P710R|R403Q|R663H|S782N|Y115H,L781P,adhikari2016|adhikari2019|morck2022|nag2015|nandwani2025|pathak2026|sarkar2020|vanderroest2021,,Scaling recomputed in retained cohort; study deletion uses union of outcome sources.,0.387735578837,-0.158064950187,estimated,estimated,,,1,1,{},"{""wt_site_rsa_8act_mean_ab"":0.2137064022567376}"
C032,leave_one_variant_out,P710R,12,A797T|D778V|E497D|F834L|G768R|H251N|I457T|L781P|R403Q|R663H|S782N|Y115H,P710R,adhikari2016|adhikari2019|morck2022|nag2015|nandwani2025|pathak2026|sarkar2020,,Scaling recomputed in retained cohort; study deletion uses union of outcome sources.,0.432313519343,-0.166314592062,estimated,estimated,,,1,1,{},"{""wt_site_rsa_8act_mean_ab"":0.21211928151672246}"
C032,leave_one_variant_out,R403Q,12,A797T|D778V|E497D|F834L|G768R|H251N|I457T|L781P|P710R|R663H|S782N|Y115H,R403Q,adhikari2016|adhikari2019|morck2022|nandwani2025|pathak2026|sarkar2020|vanderroest2021,,Scaling recomputed in retained cohort; study deletion uses union of outcome sources.,0.375744304336,-0.163180372287,estimated,estimated,,,1,1,{},"{""wt_site_rsa_8act_mean_ab"":0.21434643782404433}"
C032,leave_one_variant_out,R663H,12,A797T|D778V|E497D|F834L|G768R|H251N|I457T|L781P|P710R|R403Q|S782N|Y115H,R663H,adhikari2016|adhikari2019|morck2022|nag2015|nandwani2025|pathak2026|vanderroest2021,,Scaling recomputed in retained cohort; study deletion uses union of outcome sources.,0.455370177154,-0.198765533454,estimated,estimated,,,1,1,{},"{""wt_site_rsa_8act_mean_ab"":0.17486548514628097}"
C032,leave_one_variant_out,S782N,12,A797T|D778V|E497D|F834L|G768R|H251N|I457T|L781P|P710R|R403Q|R663H|Y115H,S782N,adhikari2016|adhikari2019|morck2022|nag2015|nandwani2025|pathak2026|sarkar2020|vanderroest2021,,Scaling recomputed in retained cohort; study deletion uses union of outcome sources.,0.377716661956,-0.173123191064,estimated,estimated,,,1,1,{},"{""wt_site_rsa_8act_mean_ab"":0.2106577789605062}"
C032,leave_one_variant_out,Y115H,12,A797T|D778V|E497D|F834L|G768R|H251N|I457T|L781P|P710R|R403Q|R663H|S782N,Y115H,adhikari2016|adhikari2019|morck2022|nag2015|nandwani2025|pathak2026|sarkar2020|vanderroest2021,,Scaling recomputed in retained cohort; study deletion uses union of outcome sources.,0.43557520737,-0.150913871213,estimated,estimated,,,1,1,{},"{""wt_site_rsa_8act_mean_ab"":0.20565324419433717}"
C032,leave_one_study_out,adhikari2016,12,A797T|D778V|E497D|F834L|G768R|I457T|L781P|P710R|R403Q|R663H|S782N|Y115H,H251N,adhikari2019|morck2022|nag2015|nandwani2025|pathak2026|sarkar2020|vanderroest2021,,Scaling recomputed in retained cohort; study deletion uses union of outcome sources.,0.402540294096,-0.167567139175,estimated,estimated,,,1,1,{},"{""wt_site_rsa_8act_mean_ab"":0.21134175245520462}"
C032,leave_one_study_out,adhikari2019,12,A797T|D778V|E497D|F834L|G768R|H251N|L781P|P710R|R403Q|R663H|S782N|Y115H,I457T,adhikari2016|morck2022|nag2015|nandwani2025|pathak2026|sarkar2020|vanderroest2021,,Scaling recomputed in retained cohort; study deletion uses union of outcome sources.,0.36694762684,-0.148732608206,estimated,estimated,,,1,1,{},"{""wt_site_rsa_8act_mean_ab"":0.20388740039560266}"
C032,leave_one_study_out,morck2022,8,E497D|G768R|H251N|I457T|P710R|R403Q|R663H|Y115H,A797T|D778V|F834L|L781P|S782N,adhikari2016|adhikari2019|nag2015|nandwani2025|pathak2026|sarkar2020|vanderroest2021,,Scaling recomputed in retained cohort; study deletion uses union of outcome sources.,0.419536226324,-0.179823557919,estimated,estimated,,,1,1,{},"{""wt_site_rsa_8act_mean_ab"":0.2510533378710586}"
C032,leave_one_study_out,nag2015,12,A797T|D778V|E497D|F834L|G768R|H251N|I457T|L781P|P710R|R663H|S782N|Y115H,R403Q,adhikari2016|adhikari2019|morck2022|nandwani2025|pathak2026|sarkar2020|vanderroest2021,,Scaling recomputed in retained cohort; study deletion uses union of outcome sources.,0.375744304336,-0.163180372287,estimated,estimated,,,1,1,{},"{""wt_site_rsa_8act_mean_ab"":0.21434643782404433}"
C032,leave_one_study_out,nandwani2025,11,A797T|D778V|F834L|G768R|H251N|I457T|L781P|P710R|R403Q|R663H|S782N,E497D|Y115H,adhikari2016|adhikari2019|morck2022|nag2015|pathak2026|sarkar2020|vanderroest2021,,Scaling recomputed in retained cohort; study deletion uses union of outcome sources.,0.460413166605,-0.152753020174,estimated,estimated,,,1,1,{},"{""wt_site_rsa_8act_mean_ab"":0.2105753838272589}"
C032,leave_one_study_out,pathak2026,12,A797T|D778V|E497D|F834L|H251N|I457T|L781P|P710R|R403Q|R663H|S782N|Y115H,G768R,adhikari2016|adhikari2019|morck2022|nag2015|nandwani2025|sarkar2020|vanderroest2021,,Scaling recomputed in retained cohort; study deletion uses union of outcome sources.,0.452047219748,-0.0338018027183,estimated,estimated,,,1,1,{},"{""wt_site_rsa_8act_mean_ab"":0.17391553094902817}"
C032,leave_one_study_out,sarkar2020,12,A797T|D778V|E497D|F834L|G768R|H251N|I457T|L781P|P710R|R403Q|S782N|Y115H,R663H,adhikari2016|adhikari2019|morck2022|nag2015|nandwani2025|pathak2026|vanderroest2021,,Scaling recomputed in retained cohort; study deletion uses union of outcome sources.,0.455370177154,-0.198765533454,estimated,estimated,,,1,1,{},"{""wt_site_rsa_8act_mean_ab"":0.17486548514628097}"
C032,leave_one_study_out,vanderroest2021,12,A797T|D778V|E497D|F834L|G768R|H251N|I457T|L781P|R403Q|R663H|S782N|Y115H,P710R,adhikari2016|adhikari2019|morck2022|nag2015|nandwani2025|pathak2026|sarkar2020,,Scaling recomputed in retained cohort; study deletion uses union of outcome sources.,0.432313519343,-0.166314592062,estimated,estimated,,,1,1,{},"{""wt_site_rsa_8act_mean_ab"":0.21211928151672246}"
C032,exclude_morck_shared_WT,,8,E497D|G768R|H251N|I457T|P710R|R403Q|R663H|Y115H,A797T|D778V|F834L|L781P|S782N,adhikari2016|adhikari2019|nag2015|nandwani2025|pathak2026|sarkar2020|vanderroest2021,,Drops primary Morck variants with reused slide/channel WT records; no independence claim for remainder.,0.419536226324,-0.179823557919,estimated,estimated,,,1,1,{},"{""wt_site_rsa_8act_mean_ab"":0.2510533378710586}"
C032,strict_short_head_MVEL20,,4,E497D|G768R|R403Q|Y115H,A797T|D778V|F834L|H251N|I457T|L781P|P710R|R663H|S782N,nag2015|nandwani2025|pathak2026,-0.2,Four selected pure-actin short-head MVEL20 variants; source conditions still differ.,0.768612073607,-0.5,estimated,estimated,,,1,1,{},"{""wt_site_rsa_8act_mean_ab"":0.26711669780861713}"
C033,leave_one_variant_out,A797T,12,D778V|E497D|F834L|G768R|H251N|I457T|L781P|P710R|R403Q|R663H|S782N|Y115H,A797T,adhikari2016|adhikari2019|morck2022|nag2015|nandwani2025|pathak2026|sarkar2020|vanderroest2021,,Scaling recomputed in retained cohort; study deletion uses union of outcome sources.,0.275762135523,,estimated,zero_u_distance_variance,,,1,1,{},"{""ihm_interface_flag_8act"":0.28867513459481287}"
C033,leave_one_variant_out,D778V,12,A797T|E497D|F834L|G768R|H251N|I457T|L781P|P710R|R403Q|R663H|S782N|Y115H,D778V,adhikari2016|adhikari2019|morck2022|nag2015|nandwani2025|pathak2026|sarkar2020|vanderroest2021,,Scaling recomputed in retained cohort; study deletion uses union of outcome sources.,0.296131540641,,estimated,zero_u_distance_variance,,,1,1,{},"{""ihm_interface_flag_8act"":0.28867513459481287}"
C033,leave_one_variant_out,E497D,12,A797T|D778V|F834L|G768R|H251N|I457T|L781P|P710R|R403Q|R663H|S782N|Y115H,E497D,adhikari2016|adhikari2019|morck2022|nag2015|nandwani2025|pathak2026|sarkar2020|vanderroest2021,,Scaling recomputed in retained cohort; study deletion uses union of outcome sources.,0.268392707073,,estimated,zero_u_distance_variance,,,1,1,{},"{""ihm_interface_flag_8act"":0.28867513459481287}"
C033,leave_one_variant_out,F834L,12,A797T|D778V|E497D|G768R|H251N|I457T|L781P|P710R|R403Q|R663H|S782N|Y115H,F834L,adhikari2016|adhikari2019|morck2022|nag2015|nandwani2025|pathak2026|sarkar2020|vanderroest2021,,Scaling recomputed in retained cohort; study deletion uses union of outcome sources.,0.281574388741,,estimated,zero_u_distance_variance,,,1,1,{},"{""ihm_interface_flag_8act"":0.28867513459481287}"
C033,leave_one_variant_out,G768R,12,A797T|D778V|E497D|F834L|H251N|I457T|L781P|P710R|R403Q|R663H|S782N|Y115H,G768R,adhikari2016|adhikari2019|morck2022|nag2015|nandwani2025|sarkar2020|vanderroest2021,,Scaling recomputed in retained cohort; study deletion uses union of outcome sources.,0.26918078632,,estimated,zero_u_distance_variance,,,1,1,{},"{""ihm_interface_flag_8act"":0.28867513459481287}"
C033,leave_one_variant_out,H251N,12,A797T|D778V|E497D|F834L|G768R|I457T|L781P|P710R|R403Q|R663H|S782N|Y115H,H251N,adhikari2019|morck2022|nag2015|nandwani2025|pathak2026|sarkar2020|vanderroest2021,,Scaling recomputed in retained cohort; study deletion uses union of outcome sources.,0.295331783652,,estimated,zero_u_distance_variance,,,1,1,{},"{""ihm_interface_flag_8act"":0.28867513459481287}"
C033,leave_one_variant_out,I457T,12,A797T|D778V|E497D|F834L|G768R|H251N|L781P|P710R|R403Q|R663H|S782N|Y115H,I457T,adhikari2016|morck2022|nag2015|nandwani2025|pathak2026|sarkar2020|vanderroest2021,,Scaling recomputed in retained cohort; study deletion uses union of outcome sources.,0.325277309069,,estimated,zero_u_distance_variance,,,1,1,{},"{""ihm_interface_flag_8act"":0.28867513459481287}"
C033,leave_one_variant_out,L781P,12,A797T|D778V|E497D|F834L|G768R|H251N|I457T|P710R|R403Q|R663H|S782N|Y115H,L781P,adhikari2016|adhikari2019|morck2022|nag2015|nandwani2025|pathak2026|sarkar2020|vanderroest2021,,Scaling recomputed in retained cohort; study deletion uses union of outcome sources.,0.265392198767,,estimated,zero_u_distance_variance,,,1,1,{},"{""ihm_interface_flag_8act"":0.28867513459481287}"
C033,leave_one_variant_out,P710R,12,A797T|D778V|E497D|F834L|G768R|H251N|I457T|L781P|R403Q|R663H|S782N|Y115H,P710R,adhikari2016|adhikari2019|morck2022|nag2015|nandwani2025|pathak2026|sarkar2020,,Scaling recomputed in retained cohort; study deletion uses union of outcome sources.,0.267832629947,,estimated,zero_u_distance_variance,,,1,1,{},"{""ihm_interface_flag_8act"":0.28867513459481287}"
C033,leave_one_variant_out,R403Q,12,A797T|D778V|E497D|F834L|G768R|H251N|I457T|L781P|P710R|R663H|S782N|Y115H,R403Q,adhikari2016|adhikari2019|morck2022|nandwani2025|pathak2026|sarkar2020|vanderroest2021,,Scaling recomputed in retained cohort; study deletion uses union of outcome sources.,,,constant_side,constant_side,,ihm_interface_flag_8act,1,0,{},{}
C033,leave_one_variant_out,R663H,12,A797T|D778V|E497D|F834L|G768R|H251N|I457T|L781P|P710R|R403Q|S782N|Y115H,R663H,adhikari2016|adhikari2019|morck2022|nag2015|nandwani2025|pathak2026|vanderroest2021,,Scaling recomputed in retained cohort; study deletion uses union of outcome sources.,0.281480654617,,estimated,zero_u_distance_variance,,,1,1,{},"{""ihm_interface_flag_8act"":0.28867513459481287}"
C033,leave_one_variant_out,S782N,12,A797T|D778V|E497D|F834L|G768R|H251N|I457T|L781P|P710R|R403Q|R663H|Y115H,S782N,adhikari2016|adhikari2019|morck2022|nag2015|nandwani2025|pathak2026|sarkar2020|vanderroest2021,,Scaling recomputed in retained cohort; study deletion uses union of outcome sources.,0.278268987728,,estimated,zero_u_distance_variance,,,1,1,{},"{""ihm_interface_flag_8act"":0.28867513459481287}"
C033,leave_one_variant_out,Y115H,12,A797T|D778V|E497D|F834L|G768R|H251N|I457T|L781P|P710R|R403Q|R663H|S782N,Y115H,adhikari2016|adhikari2019|morck2022|nag2015|nandwani2025|pathak2026|sarkar2020|vanderroest2021,,Scaling recomputed in retained cohort; study deletion uses union of outcome sources.,0.265249827658,,estimated,zero_u_distance_variance,,,1,1,{},"{""ihm_interface_flag_8act"":0.28867513459481287}"
C033,leave_one_study_out,adhikari2016,12,A797T|D778V|E497D|F834L|G768R|I457T|L781P|P710R|R403Q|R663H|S782N|Y115H,H251N,adhikari2019|morck2022|nag2015|nandwani2025|pathak2026|sarkar2020|vanderroest2021,,Scaling recomputed in retained cohort; study deletion uses union of outcome sources.,0.295331783652,,estimated,zero_u_distance_variance,,,1,1,{},"{""ihm_interface_flag_8act"":0.28867513459481287}"
C033,leave_one_study_out,adhikari2019,12,A797T|D778V|E497D|F834L|G768R|H251N|L781P|P710R|R403Q|R663H|S782N|Y115H,I457T,adhikari2016|morck2022|nag2015|nandwani2025|pathak2026|sarkar2020|vanderroest2021,,Scaling recomputed in retained cohort; study deletion uses union of outcome sources.,0.325277309069,,estimated,zero_u_distance_variance,,,1,1,{},"{""ihm_interface_flag_8act"":0.28867513459481287}"
C033,leave_one_study_out,morck2022,8,E497D|G768R|H251N|I457T|P710R|R403Q|R663H|Y115H,A797T|D778V|F834L|L781P|S782N,adhikari2016|adhikari2019|nag2015|nandwani2025|pathak2026|sarkar2020|vanderroest2021,,Scaling recomputed in retained cohort; study deletion uses union of outcome sources.,0.344577626965,,estimated,zero_u_distance_variance,,,1,1,{},"{""ihm_interface_flag_8act"":0.3535533905932738}"
C033,leave_one_study_out,nag2015,12,A797T|D778V|E497D|F834L|G768R|H251N|I457T|L781P|P710R|R663H|S782N|Y115H,R403Q,adhikari2016|adhikari2019|morck2022|nandwani2025|pathak2026|sarkar2020|vanderroest2021,,Scaling recomputed in retained cohort; study deletion uses union of outcome sources.,,,constant_side,constant_side,,ihm_interface_flag_8act,1,0,{},{}
C033,leave_one_study_out,nandwani2025,11,A797T|D778V|F834L|G768R|H251N|I457T|L781P|P710R|R403Q|R663H|S782N,E497D|Y115H,adhikari2016|adhikari2019|morck2022|nag2015|pathak2026|sarkar2020|vanderroest2021,,Scaling recomputed in retained cohort; study deletion uses union of outcome sources.,0.264169492275,,estimated,zero_u_distance_variance,,,1,1,{},"{""ihm_interface_flag_8act"":0.30151134457776363}"
C033,leave_one_study_out,pathak2026,12,A797T|D778V|E497D|F834L|H251N|I457T|L781P|P710R|R403Q|R663H|S782N|Y115H,G768R,adhikari2016|adhikari2019|morck2022|nag2015|nandwani2025|sarkar2020|vanderroest2021,,Scaling recomputed in retained cohort; study deletion uses union of outcome sources.,0.26918078632,,estimated,zero_u_distance_variance,,,1,1,{},"{""ihm_interface_flag_8act"":0.28867513459481287}"
C033,leave_one_study_out,sarkar2020,12,A797T|D778V|E497D|F834L|G768R|H251N|I457T|L781P|P710R|R403Q|S782N|Y115H,R663H,adhikari2016|adhikari2019|morck2022|nag2015|nandwani2025|pathak2026|vanderroest2021,,Scaling recomputed in retained cohort; study deletion uses union of outcome sources.,0.281480654617,,estimated,zero_u_distance_variance,,,1,1,{},"{""ihm_interface_flag_8act"":0.28867513459481287}"
C033,leave_one_study_out,vanderroest2021,12,A797T|D778V|E497D|F834L|G768R|H251N|I457T|L781P|R403Q|R663H|S782N|Y115H,P710R,adhikari2016|adhikari2019|morck2022|nag2015|nandwani2025|pathak2026|sarkar2020,,Scaling recomputed in retained cohort; study deletion uses union of outcome sources.,0.267832629947,,estimated,zero_u_distance_variance,,,1,1,{},"{""ihm_interface_flag_8act"":0.28867513459481287}"
C033,exclude_morck_shared_WT,,8,E497D|G768R|H251N|I457T|P710R|R403Q|R663H|Y115H,A797T|D778V|F834L|L781P|S782N,adhikari2016|adhikari2019|nag2015|nandwani2025|pathak2026|sarkar2020|vanderroest2021,,Drops primary Morck variants with reused slide/channel WT records; no independence claim for remainder.,0.344577626965,,estimated,zero_u_distance_variance,,,1,1,{},"{""ihm_interface_flag_8act"":0.3535533905932738}"
C033,strict_short_head_MVEL20,,4,E497D|G768R|R403Q|Y115H,A797T|D778V|F834L|H251N|I457T|L781P|P710R|R663H|S782N,nag2015|nandwani2025|pathak2026,,Four selected pure-actin short-head MVEL20 variants; source conditions still differ.,0.818672113674,,estimated,zero_u_distance_variance,,,1,1,{},"{""ihm_interface_flag_8act"":0.5}"
C034,leave_one_variant_out,D239N,19,D382Y|D778V|E497D|G741R|G768R|H251N|I457T|I467V|L781P|M493I|P710R|R249Q|R403Q|R453C|R663H|R671C|R719W|S782N|Y115H,D239N,,,Scaling recomputed in retained cohort; study deletion uses union of outcome sources.,0.684666299291,0.425834803531,estimated,estimated,,,1,1,"{""adp_rigor_ca_shift_A"":3.499956794394024}","{""adp_adenine_ca_distance_8efe_A"":12.255204532320834}"
C034,leave_one_variant_out,D382Y,19,D239N|D778V|E497D|G741R|G768R|H251N|I457T|I467V|L781P|M493I|P710R|R249Q|R403Q|R453C|R663H|R671C|R719W|S782N|Y115H,D382Y,,,Scaling recomputed in retained cohort; study deletion uses union of outcome sources.,0.767988161278,0.560320420654,estimated,estimated,,,1,1,"{""adp_rigor_ca_shift_A"":3.516866580326117}","{""adp_adenine_ca_distance_8efe_A"":12.614211676639373}"
C034,leave_one_variant_out,D778V,19,D239N|D382Y|E497D|G741R|G768R|H251N|I457T|I467V|L781P|M493I|P710R|R249Q|R403Q|R453C|R663H|R671C|R719W|S782N|Y115H,D778V,,,Scaling recomputed in retained cohort; study deletion uses union of outcome sources.,0.675838240685,0.408226315715,estimated,estimated,,,1,1,"{""adp_rigor_ca_shift_A"":3.285059874230994}","{""adp_adenine_ca_distance_8efe_A"":12.865995623847587}"
C034,leave_one_variant_out,E497D,19,D239N|D382Y|D778V|G741R|G768R|H251N|I457T|I467V|L781P|M493I|P710R|R249Q|R403Q|R453C|R663H|R671C|R719W|S782N|Y115H,E497D,,,Scaling recomputed in retained cohort; study deletion uses union of outcome sources.,0.692559465787,0.439016891229,estimated,estimated,,,1,1,"{""adp_rigor_ca_shift_A"":3.5487003539290294}","{""adp_adenine_ca_distance_8efe_A"":13.032613522003093}"
C034,leave_one_variant_out,G741R,19,D239N|D382Y|D778V|E497D|G768R|H251N|I457T|I467V|L781P|M493I|P710R|R249Q|R403Q|R453C|R663H|R671C|R719W|S782N|Y115H,G741R,,,Scaling recomputed in retained cohort; study deletion uses union of outcome sources.,0.672132218892,0.409227237965,estimated,estimated,,,1,1,"{""adp_rigor_ca_shift_A"":3.432092157432162}","{""adp_adenine_ca_distance_8efe_A"":12.22171992242749}"
C034,leave_one_variant_out,G768R,19,D239N|D382Y|D778V|E497D|G741R|H251N|I457T|I467V|L781P|M493I|P710R|R249Q|R403Q|R453C|R663H|R671C|R719W|S782N|Y115H,G768R,,,Scaling recomputed in retained cohort; study deletion uses union of outcome sources.,0.683413202656,0.424934149174,estimated,estimated,,,1,1,"{""adp_rigor_ca_shift_A"":3.5316707858971723}","{""adp_adenine_ca_distance_8efe_A"":12.969618230523952}"
C034,leave_one_variant_out,H251N,19,D239N|D382Y|D778V|E497D|G741R|G768R|I457T|I467V|L781P|M493I|P710R|R249Q|R403Q|R453C|R663H|R671C|R719W|S782N|Y115H,H251N,,,Scaling recomputed in retained cohort; study deletion uses union of outcome sources.,0.68044417952,0.419108186013,estimated,estimated,,,1,1,"{""adp_rigor_ca_shift_A"":3.4956119883896397}","{""adp_adenine_ca_distance_8efe_A"":12.9377457535423}"
C034,leave_one_variant_out,I457T,19,D239N|D382Y|D778V|E497D|G741R|G768R|H251N|I467V|L781P|M493I|P710R|R249Q|R403Q|R453C|R663H|R671C|R719W|S782N|Y115H,I457T,,,Scaling recomputed in retained cohort; study deletion uses union of outcome sources.,0.677538403494,0.415131763705,estimated,estimated,,,1,1,"{""adp_rigor_ca_shift_A"":3.494038497206587}","{""adp_adenine_ca_distance_8efe_A"":12.812469861153124}"
C034,leave_one_variant_out,I467V,19,D239N|D382Y|D778V|E497D|G741R|G768R|H251N|I457T|L781P|M493I|P710R|R249Q|R403Q|R453C|R663H|R671C|R719W|S782N|Y115H,I467V,,,Scaling recomputed in retained cohort; study deletion uses union of outcome sources.,0.68078071429,0.420903461376,estimated,estimated,,,1,1,"{""adp_rigor_ca_shift_A"":3.5222576174200757}","{""adp_adenine_ca_distance_8efe_A"":12.788938154012152}"
C034,leave_one_variant_out,L781P,19,D239N|D382Y|D778V|E497D|G741R|G768R|H251N|I457T|I467V|M493I|P710R|R249Q|R403Q|R453C|R663H|R671C|R719W|S782N|Y115H,L781P,,,Scaling recomputed in retained cohort; study deletion uses union of outcome sources.,0.657940661297,0.379585849286,estimated,estimated,,,1,1,"{""adp_rigor_ca_shift_A"":3.251548700167768}","{""adp_adenine_ca_distance_8efe_A"":12.6842245102669}"
C034,leave_one_variant_out,M493I,19,D239N|D382Y|D778V|E497D|G741R|G768R|H251N|I457T|I467V|L781P|P710R|R249Q|R403Q|R453C|R663H|R671C|R719W|S782N|Y115H,M493I,,,Scaling recomputed in retained cohort; study deletion uses union of outcome sources.,0.686425931848,0.429335932998,estimated,estimated,,,1,1,"{""adp_rigor_ca_shift_A"":3.532521103277331}","{""adp_adenine_ca_distance_8efe_A"":13.007396064322402}"
C034,leave_one_variant_out,P710R,19,D239N|D382Y|D778V|E497D|G741R|G768R|H251N|I457T|I467V|L781P|M493I|R249Q|R403Q|R453C|R663H|R671C|R719W|S782N|Y115H,P710R,,,Scaling recomputed in retained cohort; study deletion uses union of outcome sources.,0.695030024186,0.446085086941,estimated,estimated,,,1,1,"{""adp_rigor_ca_shift_A"":3.5399810819303563}","{""adp_adenine_ca_distance_8efe_A"":13.036060131148908}"
C034,leave_one_variant_out,R249Q,19,D239N|D382Y|D778V|E497D|G741R|G768R|H251N|I457T|I467V|L781P|M493I|P710R|R403Q|R453C|R663H|R671C|R719W|S782N|Y115H,R249Q,,,Scaling recomputed in retained cohort; study deletion uses union of outcome sources.,0.677652691437,0.415858588896,estimated,estimated,,,1,1,"{""adp_rigor_ca_shift_A"":3.4852929312717515}","{""adp_adenine_ca_distance_8efe_A"":12.773322603576316}"
C034,leave_one_variant_out,R403Q,19,D239N|D382Y|D778V|E497D|G741R|G768R|H251N|I457T|I467V|L781P|M493I|P710R|R249Q|R453C|R663H|R671C|R719W|S782N|Y115H,R403Q,,,Scaling recomputed in retained cohort; study deletion uses union of outcome sources.,0.79042174284,0.599037204267,estimated,estimated,,,1,1,"{""adp_rigor_ca_shift_A"":3.489783739958818}","{""adp_adenine_ca_distance_8efe_A"":12.100983796863266}"
C034,leave_one_variant_out,R453C,19,D239N|D382Y|D778V|E497D|G741R|G768R|H251N|I457T|I467V|L781P|M493I|P710R|R249Q|R403Q|R663H|R671C|R719W|S782N|Y115H,R453C,,,Scaling recomputed in retained cohort; study deletion uses union of outcome sources.,0.694882028161,0.440809943443,estimated,estimated,,,1,1,"{""adp_rigor_ca_shift_A"":3.497570616838485}","{""adp_adenine_ca_distance_8efe_A"":13.030948093339113}"
C034,leave_one_variant_out,R663H,19,D239N|D382Y|D778V|E497D|G741R|G768R|H251N|I457T|I467V|L781P|M493I|P710R|R249Q|R403Q|R453C|R671C|R719W|S782N|Y115H,R663H,,,Scaling recomputed in retained cohort; study deletion uses union of outcome sources.,0.68837316004,0.430860583662,estimated,estimated,,,1,1,"{""adp_rigor_ca_shift_A"":3.4920165287615785}","{""adp_adenine_ca_distance_8efe_A"":13.010305564524003}"
C034,leave_one_variant_out,R671C,19,D239N|D382Y|D778V|E497D|G741R|G768R|H251N|I457T|I467V|L781P|M493I|P710R|R249Q|R403Q|R453C|R663H|R719W|S782N|Y115H,R671C,,,Scaling recomputed in retained cohort; study deletion uses union of outcome sources.,0.691174001625,0.436184657833,estimated,estimated,,,1,1,"{""adp_rigor_ca_shift_A"":3.5258946840950562}","{""adp_adenine_ca_distance_8efe_A"":12.172065528671586}"
C034,leave_one_variant_out,R719W,19,D239N|D382Y|D778V|E497D|G741R|G768R|H251N|I457T|I467V|L781P|M493I|P710R|R249Q|R403Q|R453C|R663H|R671C|S782N|Y115H,R719W,,,Scaling recomputed in retained cohort; study deletion uses union of outcome sources.,0.658996393255,0.381691937237,estimated,estimated,,,1,1,"{""adp_rigor_ca_shift_A"":3.32891064451777}","{""adp_adenine_ca_distance_8efe_A"":12.716205644904257}"
C034,leave_one_variant_out,S782N,19,D239N|D382Y|D778V|E497D|G741R|G768R|H251N|I457T|I467V|L781P|M493I|P710R|R249Q|R403Q|R453C|R663H|R671C|R719W|Y115H,S782N,,,Scaling recomputed in retained cohort; study deletion uses union of outcome sources.,0.658153550832,0.380392246493,estimated,estimated,,,1,1,"{""adp_rigor_ca_shift_A"":3.2025526591859284}","{""adp_adenine_ca_distance_8efe_A"":12.662635708439677}"
C034,leave_one_variant_out,Y115H,19,D239N|D382Y|D778V|E497D|G741R|G768R|H251N|I457T|I467V|L781P|M493I|P710R|R249Q|R403Q|R453C|R663H|R671C|R719W|S782N,Y115H,,,Scaling recomputed in retained cohort; study deletion uses union of outcome sources.,0.688242697929,0.429490000136,estimated,estimated,,,1,1,"{""adp_rigor_ca_shift_A"":3.5141988408906193}","{""adp_adenine_ca_distance_8efe_A"":11.98697207201319}"
C035,leave_one_variant_out,D239N,18,D382Y|D778V|E497D|G741R|G768R|H251N|I457T|I467V|L781P|M493I|P710R|R249Q|R403Q|R453C|R663H|R671C|R719W|Y115H,D239N,,,Scaling recomputed in retained cohort; study deletion uses union of outcome sources.,0.845608659824,0.701167623405,estimated,estimated,,,1,1,"{""adp_rigor_ca_shift_A"":3.247104006684177}","{""rigor_actin_min_heavy_distance_8efi_A"":14.08711377018309}"
C035,leave_one_variant_out,D382Y,18,D239N|D778V|E497D|G741R|G768R|H251N|I457T|I467V|L781P|M493I|P710R|R249Q|R403Q|R453C|R663H|R671C|R719W|Y115H,D382Y,,,Scaling recomputed in retained cohort; study deletion uses union of outcome sources.,0.845213819513,0.708663385585,estimated,estimated,,,1,1,"{""adp_rigor_ca_shift_A"":3.2637188405360495}","{""rigor_actin_min_heavy_distance_8efi_A"":13.69136830728627}"
C035,leave_one_variant_out,D778V,18,D239N|D382Y|E497D|G741R|G768R|H251N|I457T|I467V|L781P|M493I|P710R|R249Q|R403Q|R453C|R663H|R671C|R719W|Y115H,D778V,,,Scaling recomputed in retained cohort; study deletion uses union of outcome sources.,0.838942477742,0.677997256144,estimated,estimated,,,1,1,"{""adp_rigor_ca_shift_A"":2.9415024443387834}","{""rigor_actin_min_heavy_distance_8efi_A"":13.721073864561356}"
C035,leave_one_variant_out,E497D,18,D239N|D382Y|D778V|G741R|G768R|H251N|I457T|I467V|L781P|M493I|P710R|R249Q|R403Q|R453C|R663H|R671C|R719W|Y115H,E497D,,,Scaling recomputed in retained cohort; study deletion uses union of outcome sources.,0.843274103436,0.699609263509,estimated,estimated,,,1,1,"{""adp_rigor_ca_shift_A"":3.2922041125859085}","{""rigor_actin_min_heavy_distance_8efi_A"":14.086788709704333}"
C035,leave_one_variant_out,G741R,18,D239N|D382Y|D778V|E497D|G768R|H251N|I457T|I467V|L781P|M493I|P710R|R249Q|R403Q|R453C|R663H|R671C|R719W|Y115H,G741R,,,Scaling recomputed in retained cohort; study deletion uses union of outcome sources.,0.811096577095,0.630098433281,estimated,estimated,,,1,1,"{""adp_rigor_ca_shift_A"":3.126587133040015}","{""rigor_actin_min_heavy_distance_8efi_A"":12.84279530916223}"
C035,leave_one_variant_out,G768R,18,D239N|D382Y|D778V|E497D|G741R|H251N|I457T|I467V|L781P|M493I|P710R|R249Q|R403Q|R453C|R663H|R671C|R719W|Y115H,G768R,,,Scaling recomputed in retained cohort; study deletion uses union of outcome sources.,0.845311298145,0.701465399933,estimated,estimated,,,1,1,"{""adp_rigor_ca_shift_A"":3.2559289429585836}","{""rigor_actin_min_heavy_distance_8efi_A"":14.040297914834849}"
C035,leave_one_variant_out,H251N,18,D239N|D382Y|D778V|E497D|G741R|G768R|I457T|I467V|L781P|M493I|P710R|R249Q|R403Q|R453C|R663H|R671C|R719W|Y115H,H251N,,,Scaling recomputed in retained cohort; study deletion uses union of outcome sources.,0.842047602933,0.694355018126,estimated,estimated,,,1,1,"{""adp_rigor_ca_shift_A"":3.242764346960756}","{""rigor_actin_min_heavy_distance_8efi_A"":14.07156045686799}"
C035,leave_one_variant_out,I457T,18,D239N|D382Y|D778V|E497D|G741R|G768R|H251N|I467V|L781P|M493I|P710R|R249Q|R403Q|R453C|R663H|R671C|R719W|Y115H,I457T,,,Scaling recomputed in retained cohort; study deletion uses union of outcome sources.,0.845075484586,0.699979383242,estimated,estimated,,,1,1,"{""adp_rigor_ca_shift_A"":3.241186981183846}","{""rigor_actin_min_heavy_distance_8efi_A"":14.084160389698852}"
C035,leave_one_variant_out,I467V,18,D239N|D382Y|D778V|E497D|G741R|G768R|H251N|I457T|L781P|M493I|P710R|R249Q|R403Q|R453C|R663H|R671C|R719W|Y115H,I467V,,,Scaling recomputed in retained cohort; study deletion uses union of outcome sources.,0.842726414907,0.702965087983,estimated,estimated,,,1,1,"{""adp_rigor_ca_shift_A"":3.2688934863255845}","{""rigor_actin_min_heavy_distance_8efi_A"":13.801952316082744}"
C035,leave_one_variant_out,L781P,18,D239N|D382Y|D778V|E497D|G741R|G768R|H251N|I457T|I467V|M493I|P710R|R249Q|R403Q|R453C|R663H|R671C|R719W|Y115H,L781P,,,Scaling recomputed in retained cohort; study deletion uses union of outcome sources.,0.811152632325,0.626476639056,estimated,estimated,,,1,1,"{""adp_rigor_ca_shift_A"":2.899370192022435}","{""rigor_actin_min_heavy_distance_8efi_A"":13.334590733469359}"
C035,leave_one_variant_out,M493I,18,D239N|D382Y|D778V|E497D|G741R|G768R|H251N|I457T|I467V|L781P|P710R|R249Q|R403Q|R453C|R663H|R671C|R719W|Y115H,M493I,,,Scaling recomputed in retained cohort; study deletion uses union of outcome sources.,0.839183789717,0.692261001735,estimated,estimated,,,1,1,"{""adp_rigor_ca_shift_A"":3.2784924216929334}","{""rigor_actin_min_heavy_distance_8efi_A"":14.026841969789823}"
C035,leave_one_variant_out,P710R,18,D239N|D382Y|D778V|E497D|G741R|G768R|H251N|I457T|I467V|L781P|M493I|R249Q|R403Q|R453C|R663H|R671C|R719W|Y115H,P710R,,,Scaling recomputed in retained cohort; study deletion uses union of outcome sources.,0.841370004806,0.693112292254,estimated,estimated,,,1,1,"{""adp_rigor_ca_shift_A"":3.267580005276078}","{""rigor_actin_min_heavy_distance_8efi_A"":14.0039623515773}"
C035,leave_one_variant_out,R249Q,18,D239N|D382Y|D778V|E497D|G741R|G768R|H251N|I457T|I467V|L781P|M493I|P710R|R403Q|R453C|R663H|R671C|R719W|Y115H,R249Q,,,Scaling recomputed in retained cohort; study deletion uses union of outcome sources.,0.837854873449,0.688455749501,estimated,estimated,,,1,1,"{""adp_rigor_ca_shift_A"":3.2323702569394834}","{""rigor_actin_min_heavy_distance_8efi_A"":13.983568692230063}"
C035,leave_one_variant_out,R403Q,18,D239N|D382Y|D778V|E497D|G741R|G768R|H251N|I457T|I467V|L781P|M493I|P710R|R249Q|R453C|R663H|R671C|R719W|Y115H,R403Q,,,Scaling recomputed in retained cohort; study deletion uses union of outcome sources.,0.861168243596,0.715309160416,estimated,estimated,,,1,1,"{""adp_rigor_ca_shift_A"":3.236907657710135}","{""rigor_actin_min_heavy_distance_8efi_A"":11.990633181392843}"
C035,leave_one_variant_out,R453C,18,D239N|D382Y|D778V|E497D|G741R|G768R|H251N|I457T|I467V|L781P|M493I|P710R|R249Q|R403Q|R663H|R671C|R719W|Y115H,R453C,,,Scaling recomputed in retained cohort; study deletion uses union of outcome sources.,0.846270554464,0.702402759215,estimated,estimated,,,1,1,"{""adp_rigor_ca_shift_A"":3.2447236198515537}","{""rigor_actin_min_heavy_distance_8efi_A"":14.087907610264201}"
C035,leave_one_variant_out,R663H,18,D239N|D382Y|D778V|E497D|G741R|G768R|H251N|I457T|I467V|L781P|M493I|P710R|R249Q|R403Q|R453C|R671C|R719W|Y115H,R663H,,,Scaling recomputed in retained cohort; study deletion uses union of outcome sources.,0.848912155472,0.715439374256,estimated,estimated,,,1,1,"{""adp_rigor_ca_shift_A"":3.2391558327590277}","{""rigor_actin_min_heavy_distance_8efi_A"":13.350340191697986}"
C035,leave_one_variant_out,R671C,18,D239N|D382Y|D778V|E497D|G741R|G768R|H251N|I457T|I467V|L781P|M493I|P710R|R249Q|R403Q|R453C|R663H|R719W|Y115H,R671C,,,Scaling recomputed in retained cohort; study deletion uses union of outcome sources.,0.838783102289,0.690176253946,estimated,estimated,,,1,1,"{""adp_rigor_ca_shift_A"":3.2723385646175958}","{""rigor_actin_min_heavy_distance_8efi_A"":14.045467290511843}"
C035,leave_one_variant_out,R719W,18,D239N|D382Y|D778V|E497D|G741R|G768R|H251N|I457T|I467V|L781P|M493I|P710R|R249Q|R403Q|R453C|R663H|R671C|Y115H,R719W,,,Scaling recomputed in retained cohort; study deletion uses union of outcome sources.,0.802542108665,0.615431029661,estimated,estimated,,,1,1,"{""adp_rigor_ca_shift_A"":2.996592002829773}","{""rigor_actin_min_heavy_distance_8efi_A"":12.88973136882818}"
C035,leave_one_variant_out,Y115H,18,D239N|D382Y|D778V|E497D|G741R|G768R|H251N|I457T|I467V|L781P|M493I|P710R|R249Q|R403Q|R453C|R663H|R671C|R719W,Y115H,,,Scaling recomputed in retained cohort; study deletion uses union of outcome sources.,0.904738575294,0.830463958352,estimated,estimated,,,1,1,"{""adp_rigor_ca_shift_A"":3.2611326000669236}","{""rigor_actin_min_heavy_distance_8efi_A"":13.849282606794084}"
C036,leave_one_variant_out,D239N,19,D382Y|D778V|E497D|G741R|G768R|H251N|I457T|I467V|L781P|M493I|P710R|R249Q|R403Q|R453C|R663H|R671C|R719W|S782N|Y115H,D239N,,,Scaling recomputed in retained cohort; study deletion uses union of outcome sources.,0.339073862459,0.0155899194074,estimated,estimated,,,1,1,"{""adp_rigor_ca_shift_A"":3.499956794394024}","{""relay_landmark_min_ca_distance_8act_mean_ab"":15.587736413168892}"
C036,leave_one_variant_out,D382Y,19,D239N|D778V|E497D|G741R|G768R|H251N|I457T|I467V|L781P|M493I|P710R|R249Q|R403Q|R453C|R663H|R671C|R719W|S782N|Y115H,D382Y,,,Scaling recomputed in retained cohort; study deletion uses union of outcome sources.,0.338565609187,0.0013412219429,estimated,estimated,,,1,1,"{""adp_rigor_ca_shift_A"":3.516866580326117}","{""relay_landmark_min_ca_distance_8act_mean_ab"":12.8730606726032}"
C036,leave_one_variant_out,D778V,19,D239N|D382Y|E497D|G741R|G768R|H251N|I457T|I467V|L781P|M493I|P710R|R249Q|R403Q|R453C|R663H|R671C|R719W|S782N|Y115H,D778V,,,Scaling recomputed in retained cohort; study deletion uses union of outcome sources.,0.350797822169,0.026273948726,estimated,estimated,,,1,1,"{""adp_rigor_ca_shift_A"":3.285059874230994}","{""relay_landmark_min_ca_distance_8act_mean_ab"":15.765810750682453}"
C036,leave_one_variant_out,E497D,19,D239N|D382Y|D778V|G741R|G768R|H251N|I457T|I467V|L781P|M493I|P710R|R249Q|R403Q|R453C|R663H|R671C|R719W|S782N|Y115H,E497D,,,Scaling recomputed in retained cohort; study deletion uses union of outcome sources.,0.319425229886,0.00460864401144,estimated,estimated,,,1,1,"{""adp_rigor_ca_shift_A"":3.5487003539290294}","{""relay_landmark_min_ca_distance_8act_mean_ab"":14.528857701391333}"
C036,leave_one_variant_out,G741R,19,D239N|D382Y|D778V|E497D|G768R|H251N|I457T|I467V|L781P|M493I|P710R|R249Q|R403Q|R453C|R663H|R671C|R719W|S782N|Y115H,G741R,,,Scaling recomputed in retained cohort; study deletion uses union of outcome sources.,0.322325877136,0.00747326316678,estimated,estimated,,,1,1,"{""adp_rigor_ca_shift_A"":3.432092157432162}","{""relay_landmark_min_ca_distance_8act_mean_ab"":15.673902925304338}"
C036,leave_one_variant_out,G768R,19,D239N|D382Y|D778V|E497D|G741R|H251N|I457T|I467V|L781P|M493I|P710R|R249Q|R403Q|R453C|R663H|R671C|R719W|S782N|Y115H,G768R,,,Scaling recomputed in retained cohort; study deletion uses union of outcome sources.,0.312088111274,0.00095641764584,estimated,estimated,,,1,1,"{""adp_rigor_ca_shift_A"":3.5316707858971723}","{""relay_landmark_min_ca_distance_8act_mean_ab"":15.661741879121921}"
C036,leave_one_variant_out,H251N,19,D239N|D382Y|D778V|E497D|G741R|G768R|I457T|I467V|L781P|M493I|P710R|R249Q|R403Q|R453C|R663H|R671C|R719W|S782N|Y115H,H251N,,,Scaling recomputed in retained cohort; study deletion uses union of outcome sources.,0.339560137876,0.016885381905,estimated,estimated,,,1,1,"{""adp_rigor_ca_shift_A"":3.4956119883896397}","{""relay_landmark_min_ca_distance_8act_mean_ab"":15.771015160121271}"
C036,leave_one_variant_out,I457T,19,D239N|D382Y|D778V|E497D|G741R|G768R|H251N|I467V|L781P|M493I|P710R|R249Q|R403Q|R453C|R663H|R671C|R719W|S782N|Y115H,I457T,,,Scaling recomputed in retained cohort; study deletion uses union of outcome sources.,0.344357754773,0.0224504709531,estimated,estimated,,,1,1,"{""adp_rigor_ca_shift_A"":3.494038497206587}","{""relay_landmark_min_ca_distance_8act_mean_ab"":15.7622883402848}"
C036,leave_one_variant_out,I467V,19,D239N|D382Y|D778V|E497D|G741R|G768R|H251N|I457T|L781P|M493I|P710R|R249Q|R403Q|R453C|R663H|R671C|R719W|S782N|Y115H,I467V,,,Scaling recomputed in retained cohort; study deletion uses union of outcome sources.,0.339165700393,0.018335138404,estimated,estimated,,,1,1,"{""adp_rigor_ca_shift_A"":3.5222576174200757}","{""relay_landmark_min_ca_distance_8act_mean_ab"":15.779937569939328}"
C036,leave_one_variant_out,L781P,19,D239N|D382Y|D778V|E497D|G741R|G768R|H251N|I457T|I467V|M493I|P710R|R249Q|R403Q|R453C|R663H|R671C|R719W|S782N|Y115H,L781P,,,Scaling recomputed in retained cohort; study deletion uses union of outcome sources.,0.347643041959,0.0254218908943,estimated,estimated,,,1,1,"{""adp_rigor_ca_shift_A"":3.251548700167768}","{""relay_landmark_min_ca_distance_8act_mean_ab"":15.724100252396589}"
C036,leave_one_variant_out,M493I,19,D239N|D382Y|D778V|E497D|G741R|G768R|H251N|I457T|I467V|L781P|P710R|R249Q|R403Q|R453C|R663H|R671C|R719W|S782N|Y115H,M493I,,,Scaling recomputed in retained cohort; study deletion uses union of outcome sources.,0.339195707417,0.0167797490182,estimated,estimated,,,1,1,"{""adp_rigor_ca_shift_A"":3.532521103277331}","{""relay_landmark_min_ca_distance_8act_mean_ab"":15.076611271407101}"
C036,leave_one_variant_out,P710R,19,D239N|D382Y|D778V|E497D|G741R|G768R|H251N|I457T|I467V|L781P|M493I|R249Q|R403Q|R453C|R663H|R671C|R719W|S782N|Y115H,P710R,,,Scaling recomputed in retained cohort; study deletion uses union of outcome sources.,0.311654343316,0.00294059213712,estimated,estimated,,,1,1,"{""adp_rigor_ca_shift_A"":3.5399810819303563}","{""relay_landmark_min_ca_distance_8act_mean_ab"":15.243803503881733}"
C036,leave_one_variant_out,R249Q,19,D239N|D382Y|D778V|E497D|G741R|G768R|H251N|I457T|I467V|L781P|M493I|P710R|R403Q|R453C|R663H|R671C|R719W|S782N|Y115H,R249Q,,,Scaling recomputed in retained cohort; study deletion uses union of outcome sources.,0.337567127648,0.0158252094851,estimated,estimated,,,1,1,"{""adp_rigor_ca_shift_A"":3.4852929312717515}","{""relay_landmark_min_ca_distance_8act_mean_ab"":15.781233987762088}"
C036,leave_one_variant_out,R403Q,19,D239N|D382Y|D778V|E497D|G741R|G768R|H251N|I457T|I467V|L781P|M493I|P710R|R249Q|R453C|R663H|R671C|R719W|S782N|Y115H,R403Q,,,Scaling recomputed in retained cohort; study deletion uses union of outcome sources.,0.325490864699,-0.00458312886218,estimated,estimated,,,1,1,"{""adp_rigor_ca_shift_A"":3.489783739958818}","{""relay_landmark_min_ca_distance_8act_mean_ab"":13.550494134945565}"
C036,leave_one_variant_out,R453C,19,D239N|D382Y|D778V|E497D|G741R|G768R|H251N|I457T|I467V|L781P|M493I|P710R|R249Q|R403Q|R663H|R671C|R719W|S782N|Y115H,R453C,,,Scaling recomputed in retained cohort; study deletion uses union of outcome sources.,0.342596389646,0.0188525275321,estimated,estimated,,,1,1,"{""adp_rigor_ca_shift_A"":3.497570616838485}","{""relay_landmark_min_ca_distance_8act_mean_ab"":15.73205952422389}"
C036,leave_one_variant_out,R663H,19,D239N|D382Y|D778V|E497D|G741R|G768R|H251N|I457T|I467V|L781P|M493I|P710R|R249Q|R403Q|R453C|R671C|R719W|S782N|Y115H,R663H,,,Scaling recomputed in retained cohort; study deletion uses union of outcome sources.,0.363476284796,0.0393956940829,estimated,estimated,,,1,1,"{""adp_rigor_ca_shift_A"":3.4920165287615785}","{""relay_landmark_min_ca_distance_8act_mean_ab"":15.504301586884406}"
C036,leave_one_variant_out,R671C,19,D239N|D382Y|D778V|E497D|G741R|G768R|H251N|I457T|I467V|L781P|M493I|P710R|R249Q|R403Q|R453C|R663H|R719W|S782N|Y115H,R671C,,,Scaling recomputed in retained cohort; study deletion uses union of outcome sources.,0.347270040475,0.0255146120316,estimated,estimated,,,1,1,"{""adp_rigor_ca_shift_A"":3.5258946840950562}","{""relay_landmark_min_ca_distance_8act_mean_ab"":15.689692525153484}"
C036,leave_one_variant_out,R719W,19,D239N|D382Y|D778V|E497D|G741R|G768R|H251N|I457T|I467V|L781P|M493I|P710R|R249Q|R403Q|R453C|R663H|R671C|S782N|Y115H,R719W,,,Scaling recomputed in retained cohort; study deletion uses union of outcome sources.,0.339668364889,0.0191522922073,estimated,estimated,,,1,1,"{""adp_rigor_ca_shift_A"":3.32891064451777}","{""relay_landmark_min_ca_distance_8act_mean_ab"":15.684131613431635}"
C036,leave_one_variant_out,S782N,19,D239N|D382Y|D778V|E497D|G741R|G768R|H251N|I457T|I467V|L781P|M493I|P710R|R249Q|R403Q|R453C|R663H|R671C|R719W|Y115H,S782N,,,Scaling recomputed in retained cohort; study deletion uses union of outcome sources.,0.356643405778,0.0404920144517,estimated,estimated,,,1,1,"{""adp_rigor_ca_shift_A"":3.2025526591859284}","{""relay_landmark_min_ca_distance_8act_mean_ab"":15.650530453264526}"
C036,leave_one_variant_out,Y115H,19,D239N|D382Y|D778V|E497D|G741R|G768R|H251N|I457T|I467V|L781P|M493I|P710R|R249Q|R403Q|R453C|R663H|R671C|R719W|S782N,Y115H,,,Scaling recomputed in retained cohort; study deletion uses union of outcome sources.,0.338054481712,0.0172078384713,estimated,estimated,,,1,1,"{""adp_rigor_ca_shift_A"":3.5141988408906193}","{""relay_landmark_min_ca_distance_8act_mean_ab"":15.781473676665025}"
C037,leave_one_variant_out,D239N,19,D382Y|D778V|E497D|G741R|G768R|H251N|I457T|I467V|L781P|M493I|P710R|R249Q|R403Q|R453C|R663H|R671C|R719W|S782N|Y115H,D239N,,,Scaling recomputed in retained cohort; study deletion uses union of outcome sources.,0.643791475026,0.388970918904,estimated,estimated,,,1,1,"{""adp_rigor_ca_shift_A"":3.499956794394024}","{""elc_min_heavy_distance_8act_mean_ab"":16.235314662263853}"
C037,leave_one_variant_out,D382Y,19,D239N|D778V|E497D|G741R|G768R|H251N|I457T|I467V|L781P|M493I|P710R|R249Q|R403Q|R453C|R663H|R671C|R719W|S782N|Y115H,D382Y,,,Scaling recomputed in retained cohort; study deletion uses union of outcome sources.,0.682913849971,0.447881105663,estimated,estimated,,,1,1,"{""adp_rigor_ca_shift_A"":3.516866580326117}","{""elc_min_heavy_distance_8act_mean_ab"":14.236728371630768}"
C037,leave_one_variant_out,D778V,19,D239N|D382Y|E497D|G741R|G768R|H251N|I457T|I467V|L781P|M493I|P710R|R249Q|R403Q|R453C|R663H|R671C|R719W|S782N|Y115H,D778V,,,Scaling recomputed in retained cohort; study deletion uses union of outcome sources.,0.6081086327,0.323362331347,estimated,estimated,,,1,1,"{""adp_rigor_ca_shift_A"":3.285059874230994}","{""elc_min_heavy_distance_8act_mean_ab"":16.26495185447577}"
C037,leave_one_variant_out,E497D,19,D239N|D382Y|D778V|G741R|G768R|H251N|I457T|I467V|L781P|M493I|P710R|R249Q|R403Q|R453C|R663H|R671C|R719W|S782N|Y115H,E497D,,,Scaling recomputed in retained cohort; study deletion uses union of outcome sources.,0.647429265525,0.390561795775,estimated,estimated,,,1,1,"{""adp_rigor_ca_shift_A"":3.5487003539290294}","{""elc_min_heavy_distance_8act_mean_ab"":16.72430397509952}"
C037,leave_one_variant_out,G741R,19,D239N|D382Y|D778V|E497D|G768R|H251N|I457T|I467V|L781P|M493I|P710R|R249Q|R403Q|R453C|R663H|R671C|R719W|S782N|Y115H,G741R,,,Scaling recomputed in retained cohort; study deletion uses union of outcome sources.,0.651339323948,0.39374837854,estimated,estimated,,,1,1,"{""adp_rigor_ca_shift_A"":3.432092157432162}","{""elc_min_heavy_distance_8act_mean_ab"":16.572221671340166}"
C037,leave_one_variant_out,G768R,19,D239N|D382Y|D778V|E497D|G741R|H251N|I457T|I467V|L781P|M493I|P710R|R249Q|R403Q|R453C|R663H|R671C|R719W|S782N|Y115H,G768R,,,Scaling recomputed in retained cohort; study deletion uses union of outcome sources.,0.653850435458,0.401155824158,estimated,estimated,,,1,1,"{""adp_rigor_ca_shift_A"":3.5316707858971723}","{""elc_min_heavy_distance_8act_mean_ab"":16.688996890603093}"
C037,leave_one_variant_out,H251N,19,D239N|D382Y|D778V|E497D|G741R|G768R|I457T|I467V|L781P|M493I|P710R|R249Q|R403Q|R453C|R663H|R671C|R719W|S782N|Y115H,H251N,,,Scaling recomputed in retained cohort; study deletion uses union of outcome sources.,0.684812227375,0.443950611789,estimated,estimated,,,1,1,"{""adp_rigor_ca_shift_A"":3.4956119883896397}","{""elc_min_heavy_distance_8act_mean_ab"":16.6063335857316}"
C037,leave_one_variant_out,I457T,19,D239N|D382Y|D778V|E497D|G741R|G768R|H251N|I467V|L781P|M493I|P710R|R249Q|R403Q|R453C|R663H|R671C|R719W|S782N|Y115H,I457T,,,Scaling recomputed in retained cohort; study deletion uses union of outcome sources.,0.69143828544,0.45484029782,estimated,estimated,,,1,1,"{""adp_rigor_ca_shift_A"":3.494038497206587}","{""elc_min_heavy_distance_8act_mean_ab"":16.56533753618077}"
C037,leave_one_variant_out,I467V,19,D239N|D382Y|D778V|E497D|G741R|G768R|H251N|I457T|L781P|M493I|P710R|R249Q|R403Q|R453C|R663H|R671C|R719W|S782N|Y115H,I467V,,,Scaling recomputed in retained cohort; study deletion uses union of outcome sources.,0.649690404193,0.399907438564,estimated,estimated,,,1,1,"{""adp_rigor_ca_shift_A"":3.5222576174200757}","{""elc_min_heavy_distance_8act_mean_ab"":15.931928111753228}"
C037,leave_one_variant_out,L781P,19,D239N|D382Y|D778V|E497D|G741R|G768R|H251N|I457T|I467V|M493I|P710R|R249Q|R403Q|R453C|R663H|R671C|R719W|S782N|Y115H,L781P,,,Scaling recomputed in retained cohort; study deletion uses union of outcome sources.,0.600074326015,0.315565607945,estimated,estimated,,,1,1,"{""adp_rigor_ca_shift_A"":3.251548700167768}","{""elc_min_heavy_distance_8act_mean_ab"":16.104775739862678}"
C037,leave_one_variant_out,M493I,19,D239N|D382Y|D778V|E497D|G741R|G768R|H251N|I457T|I467V|L781P|P710R|R249Q|R403Q|R453C|R663H|R671C|R719W|S782N|Y115H,M493I,,,Scaling recomputed in retained cohort; study deletion uses union of outcome sources.,0.645756034967,0.386470209843,estimated,estimated,,,1,1,"{""adp_rigor_ca_shift_A"":3.532521103277331}","{""elc_min_heavy_distance_8act_mean_ab"":16.71982380964967}"
C037,leave_one_variant_out,P710R,19,D239N|D382Y|D778V|E497D|G741R|G768R|H251N|I457T|I467V|L781P|M493I|R249Q|R403Q|R453C|R663H|R671C|R719W|S782N|Y115H,P710R,,,Scaling recomputed in retained cohort; study deletion uses union of outcome sources.,0.654798026981,0.403326664242,estimated,estimated,,,1,1,"{""adp_rigor_ca_shift_A"":3.5399810819303563}","{""elc_min_heavy_distance_8act_mean_ab"":16.70732640459826}"
C037,leave_one_variant_out,R249Q,19,D239N|D382Y|D778V|E497D|G741R|G768R|H251N|I457T|I467V|L781P|M493I|P710R|R403Q|R453C|R663H|R671C|R719W|S782N|Y115H,R249Q,,,Scaling recomputed in retained cohort; study deletion uses union of outcome sources.,0.66503782009,0.412923465559,estimated,estimated,,,1,1,"{""adp_rigor_ca_shift_A"":3.4852929312717515}","{""elc_min_heavy_distance_8act_mean_ab"":16.70847029736662}"
C037,leave_one_variant_out,R403Q,19,D239N|D382Y|D778V|E497D|G741R|G768R|H251N|I457T|I467V|L781P|M493I|P710R|R249Q|R453C|R663H|R671C|R719W|S782N|Y115H,R403Q,,,Scaling recomputed in retained cohort; study deletion uses union of outcome sources.,0.684676011461,0.453182793325,estimated,estimated,,,1,1,"{""adp_rigor_ca_shift_A"":3.489783739958818}","{""elc_min_heavy_distance_8act_mean_ab"":14.081370036859084}"
C037,leave_one_variant_out,R453C,19,D239N|D382Y|D778V|E497D|G741R|G768R|H251N|I457T|I467V|L781P|M493I|P710R|R249Q|R403Q|R663H|R671C|R719W|S782N|Y115H,R453C,,,Scaling recomputed in retained cohort; study deletion uses union of outcome sources.,0.701101002635,0.471094835887,estimated,estimated,,,1,1,"{""adp_rigor_ca_shift_A"":3.497570616838485}","{""elc_min_heavy_distance_8act_mean_ab"":16.485136361108104}"
C037,leave_one_variant_out,R663H,19,D239N|D382Y|D778V|E497D|G741R|G768R|H251N|I457T|I467V|L781P|M493I|P710R|R249Q|R403Q|R453C|R671C|R719W|S782N|Y115H,R663H,,,Scaling recomputed in retained cohort; study deletion uses union of outcome sources.,0.656955866427,0.40097981984,estimated,estimated,,,1,1,"{""adp_rigor_ca_shift_A"":3.4920165287615785}","{""elc_min_heavy_distance_8act_mean_ab"":16.723753874859536}"
C037,leave_one_variant_out,R671C,19,D239N|D382Y|D778V|E497D|G741R|G768R|H251N|I457T|I467V|L781P|M493I|P710R|R249Q|R403Q|R453C|R663H|R719W|S782N|Y115H,R671C,,,Scaling recomputed in retained cohort; study deletion uses union of outcome sources.,0.64318573697,0.382803102134,estimated,estimated,,,1,1,"{""adp_rigor_ca_shift_A"":3.5258946840950562}","{""elc_min_heavy_distance_8act_mean_ab"":16.69992743670146}"
C037,leave_one_variant_out,R719W,19,D239N|D382Y|D778V|E497D|G741R|G768R|H251N|I457T|I467V|L781P|M493I|P710R|R249Q|R403Q|R453C|R663H|R671C|S782N|Y115H,R719W,,,Scaling recomputed in retained cohort; study deletion uses union of outcome sources.,0.610709998078,0.32795614476,estimated,estimated,,,1,1,"{""adp_rigor_ca_shift_A"":3.32891064451777}","{""elc_min_heavy_distance_8act_mean_ab"":16.272567127379332}"
C037,leave_one_variant_out,S782N,19,D239N|D382Y|D778V|E497D|G741R|G768R|H251N|I457T|I467V|L781P|M493I|P710R|R249Q|R403Q|R453C|R663H|R671C|R719W|Y115H,S782N,,,Scaling recomputed in retained cohort; study deletion uses union of outcome sources.,0.601362174114,0.315565607945,estimated,estimated,,,1,1,"{""adp_rigor_ca_shift_A"":3.2025526591859284}","{""elc_min_heavy_distance_8act_mean_ab"":16.183210822028848}"
C037,leave_one_variant_out,Y115H,19,D239N|D382Y|D778V|E497D|G741R|G768R|H251N|I457T|I467V|L781P|M493I|P710R|R249Q|R403Q|R453C|R663H|R671C|R719W|S782N,Y115H,,,Scaling recomputed in retained cohort; study deletion uses union of outcome sources.,0.649089165105,0.389990101666,estimated,estimated,,,1,1,"{""adp_rigor_ca_shift_A"":3.5141988408906193}","{""elc_min_heavy_distance_8act_mean_ab"":16.72217601062416}"
C038,leave_one_variant_out,D239N,16,D382Y|D778V|E497D|G741R|G768R|H251N|I457T|L781P|P710R|R249Q|R403Q|R453C|R663H|R719W|S782N|Y115H,D239N,,,Scaling recomputed in retained cohort; study deletion uses union of outcome sources.,0.429619709801,0.0887053240797,estimated,estimated,,,1,1,"{""adp_rigor_ca_shift_A"":3.707882443412665}","{""delta_charge"":0.816496580927726}"
C038,leave_one_variant_out,D382Y,16,D239N|D778V|E497D|G741R|G768R|H251N|I457T|L781P|P710R|R249Q|R403Q|R453C|R663H|R719W|S782N|Y115H,D382Y,,,Scaling recomputed in retained cohort; study deletion uses union of outcome sources.,0.414100918852,0.0745036682393,estimated,estimated,,,1,1,"{""adp_rigor_ca_shift_A"":3.729872592237149}","{""delta_charge"":0.816496580927726}"
C038,leave_one_variant_out,D778V,16,D239N|D382Y|E497D|G741R|G768R|H251N|I457T|L781P|P710R|R249Q|R403Q|R453C|R663H|R719W|S782N|Y115H,D778V,,,Scaling recomputed in retained cohort; study deletion uses union of outcome sources.,0.330990695127,0.00543944314652,estimated,estimated,,,1,1,"{""adp_rigor_ca_shift_A"":3.51633225279627}","{""delta_charge"":0.816496580927726}"
C038,leave_one_variant_out,E497D,16,D239N|D382Y|D778V|G741R|G768R|H251N|I457T|L781P|P710R|R249Q|R403Q|R453C|R663H|R719W|S782N|Y115H,E497D,,,Scaling recomputed in retained cohort; study deletion uses union of outcome sources.,0.355181507354,0.0304302496145,estimated,estimated,,,1,1,"{""adp_rigor_ca_shift_A"":3.7739109753007734}","{""delta_charge"":0.8539125638299665}"
C038,leave_one_variant_out,G741R,16,D239N|D382Y|D778V|E497D|G768R|H251N|I457T|L781P|P710R|R249Q|R403Q|R453C|R663H|R719W|S782N|Y115H,G741R,,,Scaling recomputed in retained cohort; study deletion uses union of outcome sources.,0.307221170535,-0.0108355010452,estimated,estimated,,,1,1,"{""adp_rigor_ca_shift_A"":3.6712249427921013}","{""delta_charge"":0.816496580927726}"
C038,leave_one_variant_out,G768R,16,D239N|D382Y|D778V|E497D|G741R|H251N|I457T|L781P|P710R|R249Q|R403Q|R453C|R663H|R719W|S782N|Y115H,G768R,,,Scaling recomputed in retained cohort; study deletion uses union of outcome sources.,0.309270745951,-0.00837035266843,estimated,estimated,,,1,1,"{""adp_rigor_ca_shift_A"":3.770726210910686}","{""delta_charge"":0.816496580927726}"
C038,leave_one_variant_out,H251N,16,D239N|D382Y|D778V|E497D|G741R|G768R|I457T|L781P|P710R|R249Q|R403Q|R453C|R663H|R719W|S782N|Y115H,H251N,,,Scaling recomputed in retained cohort; study deletion uses union of outcome sources.,0.361348404201,0.0308044686615,estimated,estimated,,,1,1,"{""adp_rigor_ca_shift_A"":3.7022965799677428}","{""delta_charge"":0.8539125638299665}"
C038,leave_one_variant_out,I457T,16,D239N|D382Y|D778V|E497D|G741R|G768R|H251N|L781P|P710R|R249Q|R403Q|R453C|R663H|R719W|S782N|Y115H,I457T,,,Scaling recomputed in retained cohort; study deletion uses union of outcome sources.,0.361521974133,0.0309051179608,estimated,estimated,,,1,1,"{""adp_rigor_ca_shift_A"":3.700278768893903}","{""delta_charge"":0.8539125638299665}"
C038,leave_one_variant_out,L781P,16,D239N|D382Y|D778V|E497D|G741R|G768R|H251N|I457T|P710R|R249Q|R403Q|R453C|R663H|R719W|S782N|Y115H,L781P,,,Scaling recomputed in retained cohort; study deletion uses union of outcome sources.,0.386015143905,0.047038710438,estimated,estimated,,,1,1,"{""adp_rigor_ca_shift_A"":3.480563475443553}","{""delta_charge"":0.8539125638299665}"
C038,leave_one_variant_out,P710R,16,D239N|D382Y|D778V|E497D|G741R|G768R|H251N|I457T|L781P|R249Q|R403Q|R453C|R663H|R719W|S782N|Y115H,P710R,,,Scaling recomputed in retained cohort; study deletion uses union of outcome sources.,0.314548785956,-0.00451478570166,estimated,estimated,,,1,1,"{""adp_rigor_ca_shift_A"":3.7781470996988804}","{""delta_charge"":0.816496580927726}"
C038,leave_one_variant_out,R249Q,16,D239N|D382Y|D778V|E497D|G741R|G768R|H251N|I457T|L781P|P710R|R403Q|R453C|R663H|R719W|S782N|Y115H,R249Q,,,Scaling recomputed in retained cohort; study deletion uses union of outcome sources.,0.30810340951,-0.013840567952,estimated,estimated,,,1,1,"{""adp_rigor_ca_shift_A"":3.68910756553979}","{""delta_charge"":0.806225774829855}"
C038,leave_one_variant_out,R403Q,16,D239N|D382Y|D778V|E497D|G741R|G768R|H251N|I457T|L781P|P710R|R249Q|R453C|R663H|R719W|S782N|Y115H,R403Q,,,Scaling recomputed in retained cohort; study deletion uses union of outcome sources.,0.308915127546,-0.013840567952,estimated,estimated,,,1,1,"{""adp_rigor_ca_shift_A"":3.6948350716859952}","{""delta_charge"":0.806225774829855}"
C038,leave_one_variant_out,R453C,16,D239N|D382Y|D778V|E497D|G741R|G768R|H251N|I457T|L781P|P710R|R249Q|R403Q|R663H|R719W|S782N|Y115H,R453C,,,Scaling recomputed in retained cohort; study deletion uses union of outcome sources.,0.315180918391,-0.00968098594553,estimated,estimated,,,1,1,"{""adp_rigor_ca_shift_A"":3.704812014949069}","{""delta_charge"":0.806225774829855}"
C038,leave_one_variant_out,R663H,16,D239N|D382Y|D778V|E497D|G741R|G768R|H251N|I457T|L781P|P710R|R249Q|R403Q|R453C|R719W|S782N|Y115H,R663H,,,Scaling recomputed in retained cohort; study deletion uses union of outcome sources.,0.310155511862,-0.013157486377,estimated,estimated,,,1,1,"{""adp_rigor_ca_shift_A"":3.6976895770483083}","{""delta_charge"":0.806225774829855}"
C038,leave_one_variant_out,R719W,16,D239N|D382Y|D778V|E497D|G741R|G768R|H251N|I457T|L781P|P710R|R249Q|R403Q|R453C|R663H|S782N|Y115H,R719W,,,Scaling recomputed in retained cohort; study deletion uses union of outcome sources.,0.493220237303,0.169926434403,estimated,estimated,,,1,1,"{""adp_rigor_ca_shift_A"":3.5629357922395397}","{""delta_charge"":0.806225774829855}"
C038,leave_one_variant_out,S782N,16,D239N|D382Y|D778V|E497D|G741R|G768R|H251N|I457T|L781P|P710R|R249Q|R403Q|R453C|R663H|R719W|Y115H,S782N,,,Scaling recomputed in retained cohort; study deletion uses union of outcome sources.,0.385732470538,0.047038710438,estimated,estimated,,,1,1,"{""adp_rigor_ca_shift_A"":3.428072825703095}","{""delta_charge"":0.8539125638299665}"
C038,leave_one_variant_out,Y115H,16,D239N|D382Y|D778V|E497D|G741R|G768R|H251N|I457T|L781P|P710R|R249Q|R403Q|R453C|R663H|R719W|S782N,Y115H,,,Scaling recomputed in retained cohort; study deletion uses union of outcome sources.,0.358987906194,0.0301267268878,estimated,estimated,,,1,1,"{""adp_rigor_ca_shift_A"":3.72637116289691}","{""delta_charge"":0.8539125638299665}"
C039,leave_one_variant_out,D239N,14,D778V|E497D|G741R|G768R|H251N|I457T|L781P|R249Q|R403Q|R453C|R663H|R719W|S782N|Y115H,D239N,,,Scaling recomputed in retained cohort; study deletion uses union of outcome sources.,0.460169605652,0.0847339901452,estimated,estimated,,,1,1,"{""adp_rigor_ca_shift_A"":3.9034083762245926}","{""grantham_distance"":45.68724303155286}"
C039,leave_one_variant_out,D778V,14,D239N|E497D|G741R|G768R|H251N|I457T|L781P|R249Q|R403Q|R453C|R663H|R719W|S782N|Y115H,D778V,,,Scaling recomputed in retained cohort; study deletion uses union of outcome sources.,0.454862617442,0.0927478529251,estimated,estimated,,,1,1,"{""adp_rigor_ca_shift_A"":3.70902546851965}","{""grantham_distance"":44.70710541653614}"
C039,leave_one_variant_out,E497D,14,D239N|D778V|G741R|G768R|H251N|I457T|L781P|R249Q|R403Q|R453C|R663H|R719W|S782N|Y115H,E497D,,,Scaling recomputed in retained cohort; study deletion uses union of outcome sources.,0.489165295252,0.126397367677,estimated,estimated,,,1,1,"{""adp_rigor_ca_shift_A"":3.979692559379431}","{""grantham_distance"":47.604887088672676}"
C039,leave_one_variant_out,G741R,14,D239N|D778V|E497D|G768R|H251N|I457T|L781P|R249Q|R403Q|R453C|R663H|R719W|S782N|Y115H,G741R,,,Scaling recomputed in retained cohort; study deletion uses union of outcome sources.,0.438817253557,0.0637089918419,estimated,estimated,,,1,1,"{""adp_rigor_ca_shift_A"":3.876073088627944}","{""grantham_distance"":47.37348681221652}"
C039,leave_one_variant_out,G768R,14,D239N|D778V|E497D|G741R|H251N|I457T|L781P|R249Q|R403Q|R453C|R663H|R719W|S782N|Y115H,G768R,,,Scaling recomputed in retained cohort; study deletion uses union of outcome sources.,0.470183754355,0.103478679874,estimated,estimated,,,1,1,"{""adp_rigor_ca_shift_A"":3.981408037468854}","{""grantham_distance"":47.37348681221652}"
C039,leave_one_variant_out,H251N,14,D239N|D778V|E497D|G741R|G768R|I457T|L781P|R249Q|R403Q|R453C|R663H|R719W|S782N|Y115H,H251N,,,Scaling recomputed in retained cohort; study deletion uses union of outcome sources.,0.485708961014,0.118996010073,estimated,estimated,,,1,1,"{""adp_rigor_ca_shift_A"":3.897034041794619}","{""grantham_distance"":48.6616485947203}"
C039,leave_one_variant_out,I457T,14,D239N|D778V|E497D|G741R|G768R|H251N|L781P|R249Q|R403Q|R453C|R663H|R719W|S782N|Y115H,I457T,,,Scaling recomputed in retained cohort; study deletion uses union of outcome sources.,0.523166684664,0.164392726454,estimated,estimated,,,1,1,"{""adp_rigor_ca_shift_A"":3.8947327935828757}","{""grantham_distance"":48.83325519752716}"
C039,leave_one_variant_out,L781P,14,D239N|D778V|E497D|G741R|G768R|H251N|I457T|R249Q|R403Q|R453C|R663H|R719W|S782N|Y115H,L781P,,,Scaling recomputed in retained cohort; study deletion uses union of outcome sources.,0.479906871848,0.103203348681,estimated,estimated,,,1,1,"{""adp_rigor_ca_shift_A"":3.670259336000172}","{""grantham_distance"":48.6785825143296}"
C039,leave_one_variant_out,R249Q,14,D239N|D778V|E497D|G741R|G768R|H251N|I457T|L781P|R403Q|R453C|R663H|R719W|S782N|Y115H,R249Q,,,Scaling recomputed in retained cohort; study deletion uses union of outcome sources.,0.464081642225,0.0884360121931,estimated,estimated,,,1,1,"{""adp_rigor_ca_shift_A"":3.882004203340955}","{""grantham_distance"":47.46849736149483}"
C039,leave_one_variant_out,R403Q,14,D239N|D778V|E497D|G741R|G768R|H251N|I457T|L781P|R249Q|R453C|R663H|R719W|S782N|Y115H,R403Q,,,Scaling recomputed in retained cohort; study deletion uses union of outcome sources.,0.464448765351,0.0884360121931,estimated,estimated,,,1,1,"{""adp_rigor_ca_shift_A"":3.8885278033033255}","{""grantham_distance"":47.46849736149483}"
C039,leave_one_variant_out,R453C,14,D239N|D778V|E497D|G741R|G768R|H251N|I457T|L781P|R249Q|R403Q|R663H|R719W|S782N|Y115H,R453C,,,Scaling recomputed in retained cohort; study deletion uses union of outcome sources.,0.632334729331,0.304288771032,estimated,estimated,,,1,1,"{""adp_rigor_ca_shift_A"":3.899903823083277}","{""grantham_distance"":40.2142613159413}"
C039,leave_one_variant_out,R663H,14,D239N|D778V|E497D|G741R|G768R|H251N|I457T|L781P|R249Q|R403Q|R453C|R719W|S782N|Y115H,R663H,,,Scaling recomputed in retained cohort; study deletion uses union of outcome sources.,0.458081311544,0.0815177788792,estimated,estimated,,,1,1,"{""adp_rigor_ca_shift_A"":3.8917809117360087}","{""grantham_distance"":46.303644268323765}"
C039,leave_one_variant_out,R719W,14,D239N|D778V|E497D|G741R|G768R|H251N|I457T|L781P|R249Q|R403Q|R453C|R663H|S782N|Y115H,R719W,,,Scaling recomputed in retained cohort; study deletion uses union of outcome sources.,0.466012357281,0.0892415278608,estimated,estimated,,,1,1,"{""adp_rigor_ca_shift_A"":3.759448623647377}","{""grantham_distance"":48.596397912910064}"
C039,leave_one_variant_out,S782N,14,D239N|D778V|E497D|G741R|G768R|H251N|I457T|L781P|R249Q|R403Q|R453C|R663H|R719W|Y115H,S782N,,,Scaling recomputed in retained cohort; study deletion uses union of outcome sources.,0.638193722039,0.335597346508,estimated,estimated,,,1,1,"{""adp_rigor_ca_shift_A"":3.6132826774053455}","{""grantham_distance"":47.670342336315755}"
C039,leave_one_variant_out,Y115H,14,D239N|D778V|E497D|G741R|G768R|H251N|I457T|L781P|R249Q|R403Q|R453C|R663H|R719W|S782N,Y115H,,,Scaling recomputed in retained cohort; study deletion uses union of outcome sources.,0.504811201469,0.143995936754,estimated,estimated,,,1,1,"{""adp_rigor_ca_shift_A"":3.9245555419629934}","{""grantham_distance"":48.86025149161817}"
C040,leave_one_variant_out,D239N,14,D778V|E497D|G741R|G768R|H251N|I457T|L781P|R249Q|R403Q|R453C|R663H|R719W|S782N|Y115H,D239N,,,Scaling recomputed in retained cohort; study deletion uses union of outcome sources.,0.863214800712,0.719339160793,estimated,estimated,,,1,1,"{""adp_rigor_ca_shift_A"":3.9034083762245926}","{""catalytic_motif_min_ca_distance_8act_mean_ab"":11.645361436204254}"
C040,leave_one_variant_out,D778V,14,D239N|E497D|G741R|G768R|H251N|I457T|L781P|R249Q|R403Q|R453C|R663H|R719W|S782N|Y115H,D778V,,,Scaling recomputed in retained cohort; study deletion uses union of outcome sources.,0.855905390396,0.716222631286,estimated,estimated,,,1,1,"{""adp_rigor_ca_shift_A"":3.70902546851965}","{""catalytic_motif_min_ca_distance_8act_mean_ab"":13.264754613764373}"
C040,leave_one_variant_out,E497D,14,D239N|D778V|G741R|G768R|H251N|I457T|L781P|R249Q|R403Q|R453C|R663H|R719W|S782N|Y115H,E497D,,,Scaling recomputed in retained cohort; study deletion uses union of outcome sources.,0.857159193298,0.722085093032,estimated,estimated,,,1,1,"{""adp_rigor_ca_shift_A"":3.979692559379431}","{""catalytic_motif_min_ca_distance_8act_mean_ab"":13.588512760974751}"
C040,leave_one_variant_out,G741R,14,D239N|D778V|E497D|G768R|H251N|I457T|L781P|R249Q|R403Q|R453C|R663H|R719W|S782N|Y115H,G741R,,,Scaling recomputed in retained cohort; study deletion uses union of outcome sources.,0.84313802429,0.691356612317,estimated,estimated,,,1,1,"{""adp_rigor_ca_shift_A"":3.876073088627944}","{""catalytic_motif_min_ca_distance_8act_mean_ab"":12.454417110827512}"
C040,leave_one_variant_out,G768R,14,D239N|D778V|E497D|G741R|H251N|I457T|L781P|R249Q|R403Q|R453C|R663H|R719W|S782N|Y115H,G768R,,,Scaling recomputed in retained cohort; study deletion uses union of outcome sources.,0.85980736205,0.728349228654,estimated,estimated,,,1,1,"{""adp_rigor_ca_shift_A"":3.981408037468854}","{""catalytic_motif_min_ca_distance_8act_mean_ab"":13.568608264710335}"
C040,leave_one_variant_out,H251N,14,D239N|D778V|E497D|G741R|G768R|I457T|L781P|R249Q|R403Q|R453C|R663H|R719W|S782N|Y115H,H251N,,,Scaling recomputed in retained cohort; study deletion uses union of outcome sources.,0.849489755926,0.707123593364,estimated,estimated,,,1,1,"{""adp_rigor_ca_shift_A"":3.897034041794619}","{""catalytic_motif_min_ca_distance_8act_mean_ab"":13.38240167339549}"
C040,leave_one_variant_out,I457T,14,D239N|D778V|E497D|G741R|G768R|H251N|L781P|R249Q|R403Q|R453C|R663H|R719W|S782N|Y115H,I457T,,,Scaling recomputed in retained cohort; study deletion uses union of outcome sources.,0.850019381628,0.710698885318,estimated,estimated,,,1,1,"{""adp_rigor_ca_shift_A"":3.8947327935828757}","{""catalytic_motif_min_ca_distance_8act_mean_ab"":13.209195239482705}"
C040,leave_one_variant_out,L781P,14,D239N|D778V|E497D|G741R|G768R|H251N|I457T|R249Q|R403Q|R453C|R663H|R719W|S782N|Y115H,L781P,,,Scaling recomputed in retained cohort; study deletion uses union of outcome sources.,0.835909522488,0.676133111499,estimated,estimated,,,1,1,"{""adp_rigor_ca_shift_A"":3.670259336000172}","{""catalytic_motif_min_ca_distance_8act_mean_ab"":12.941018281943757}"
C040,leave_one_variant_out,R249Q,14,D239N|D778V|E497D|G741R|G768R|H251N|I457T|L781P|R403Q|R453C|R663H|R719W|S782N|Y115H,R249Q,,,Scaling recomputed in retained cohort; study deletion uses union of outcome sources.,0.853427083133,0.7195905989,estimated,estimated,,,1,1,"{""adp_rigor_ca_shift_A"":3.882004203340955}","{""catalytic_motif_min_ca_distance_8act_mean_ab"":12.924901809276607}"
C040,leave_one_variant_out,R403Q,14,D239N|D778V|E497D|G741R|G768R|H251N|I457T|L781P|R249Q|R453C|R663H|R719W|S782N|Y115H,R403Q,,,Scaling recomputed in retained cohort; study deletion uses union of outcome sources.,0.952820408147,0.923181690923,estimated,estimated,,,1,1,"{""adp_rigor_ca_shift_A"":3.8885278033033255}","{""catalytic_motif_min_ca_distance_8act_mean_ab"":13.34443958389905}"
C040,leave_one_variant_out,R453C,14,D239N|D778V|E497D|G741R|G768R|H251N|I457T|L781P|R249Q|R403Q|R663H|R719W|S782N|Y115H,R453C,,,Scaling recomputed in retained cohort; study deletion uses union of outcome sources.,0.862207260354,0.728935765487,estimated,estimated,,,1,1,"{""adp_rigor_ca_shift_A"":3.899903823083277}","{""catalytic_motif_min_ca_distance_8act_mean_ab"":13.56891771354264}"
C040,leave_one_variant_out,R663H,14,D239N|D778V|E497D|G741R|G768R|H251N|I457T|L781P|R249Q|R403Q|R453C|R719W|S782N|Y115H,R663H,,,Scaling recomputed in retained cohort; study deletion uses union of outcome sources.,0.849829625963,0.707622439151,estimated,estimated,,,1,1,"{""adp_rigor_ca_shift_A"":3.8917809117360087}","{""catalytic_motif_min_ca_distance_8act_mean_ab"":13.394598528808615}"
C040,leave_one_variant_out,R719W,14,D239N|D778V|E497D|G741R|G768R|H251N|I457T|L781P|R249Q|R403Q|R453C|R663H|S782N|Y115H,R719W,,,Scaling recomputed in retained cohort; study deletion uses union of outcome sources.,0.838288988157,0.680450336222,estimated,estimated,,,1,1,"{""adp_rigor_ca_shift_A"":3.759448623647377}","{""catalytic_motif_min_ca_distance_8act_mean_ab"":13.032242182824518}"
C040,leave_one_variant_out,S782N,14,D239N|D778V|E497D|G741R|G768R|H251N|I457T|L781P|R249Q|R403Q|R453C|R663H|R719W|Y115H,S782N,,,Scaling recomputed in retained cohort; study deletion uses union of outcome sources.,0.836206783567,0.676290836105,estimated,estimated,,,1,1,"{""adp_rigor_ca_shift_A"":3.6132826774053455}","{""catalytic_motif_min_ca_distance_8act_mean_ab"":12.953090919489611}"
C040,leave_one_variant_out,Y115H,14,D239N|D778V|E497D|G741R|G768R|H251N|I457T|L781P|R249Q|R403Q|R453C|R663H|R719W|S782N,Y115H,,,Scaling recomputed in retained cohort; study deletion uses union of outcome sources.,0.853928606563,0.720714753234,estimated,estimated,,,1,1,"{""adp_rigor_ca_shift_A"":3.9245555419629934}","{""catalytic_motif_min_ca_distance_8act_mean_ab"":13.120416373125508}"
C041,leave_one_variant_out,D382Y,13,D778V|E497D|G768R|H251N|I457T|L781P|P710R|R249Q|R403Q|R663H|R719W|S782N|Y115H,D382Y,,,Scaling recomputed in retained cohort; study deletion uses union of outcome sources.,0.395423534136,0.0131635037558,estimated,estimated,,,1,1,"{""adp_rigor_ca_shift_A"":3.8461328331643063}","{""wt_site_rsa_8act_mean_ab"":0.198688354626786}"
C041,leave_one_variant_out,D778V,13,D382Y|E497D|G768R|H251N|I457T|L781P|P710R|R249Q|R403Q|R663H|R719W|S782N|Y115H,D778V,,,Scaling recomputed in retained cohort; study deletion uses union of outcome sources.,0.3190486146,-0.0655574095568,estimated,estimated,,,1,1,"{""adp_rigor_ca_shift_A"":3.6152690725444208}","{""wt_site_rsa_8act_mean_ab"":0.196765001908954}"
C041,leave_one_variant_out,E497D,13,D382Y|D778V|G768R|H251N|I457T|L781P|P710R|R249Q|R403Q|R663H|R719W|S782N|Y115H,E497D,,,Scaling recomputed in retained cohort; study deletion uses union of outcome sources.,0.359990204818,-0.0185540957519,estimated,estimated,,,1,1,"{""adp_rigor_ca_shift_A"":3.9050594481272958}","{""wt_site_rsa_8act_mean_ab"":0.19450424711803038}"
C041,leave_one_variant_out,G768R,13,D382Y|D778V|E497D|H251N|I457T|L781P|P710R|R249Q|R403Q|R663H|R719W|S782N|Y115H,G768R,,,Scaling recomputed in retained cohort; study deletion uses union of outcome sources.,0.418600258929,0.0242131794282,estimated,estimated,,,1,1,"{""adp_rigor_ca_shift_A"":3.91141009623647}","{""wt_site_rsa_8act_mean_ab"":0.1607953827145395}"
C041,leave_one_variant_out,H251N,13,D382Y|D778V|E497D|G768R|I457T|L781P|P710R|R249Q|R403Q|R663H|R719W|S782N|Y115H,H251N,,,Scaling recomputed in retained cohort; study deletion uses union of outcome sources.,0.360614423248,-0.027467457842,estimated,estimated,,,1,1,"{""adp_rigor_ca_shift_A"":3.8101245067573677}","{""wt_site_rsa_8act_mean_ab"":0.19495928934162882}"
C041,leave_one_variant_out,I457T,13,D382Y|D778V|E497D|G768R|H251N|L781P|P710R|R249Q|R403Q|R663H|R719W|S782N|Y115H,I457T,,,Scaling recomputed in retained cohort; study deletion uses union of outcome sources.,0.338218360281,-0.044798384798,estimated,estimated,,,1,1,"{""adp_rigor_ca_shift_A"":3.8075009912080837}","{""wt_site_rsa_8act_mean_ab"":0.18710353328024085}"
C041,leave_one_variant_out,L781P,13,D382Y|D778V|E497D|G768R|H251N|I457T|P710R|R249Q|R403Q|R663H|R719W|S782N|Y115H,L781P,,,Scaling recomputed in retained cohort; study deletion uses union of outcome sources.,0.41568976774,0.0221783903492,estimated,estimated,,,1,1,"{""adp_rigor_ca_shift_A"":3.572529261806157}","{""wt_site_rsa_8act_mean_ab"":0.19757029856236055}"
C041,leave_one_variant_out,P710R,13,D382Y|D778V|E497D|G768R|H251N|I457T|L781P|R249Q|R403Q|R663H|R719W|S782N|Y115H,P710R,,,Scaling recomputed in retained cohort; study deletion uses union of outcome sources.,0.391643431346,0.0150602534469,estimated,estimated,,,1,1,"{""adp_rigor_ca_shift_A"":3.9192030079241147}","{""wt_site_rsa_8act_mean_ab"":0.19580099644776644}"
C041,leave_one_variant_out,R249Q,13,D382Y|D778V|E497D|G768R|H251N|I457T|L781P|P710R|R403Q|R663H|R719W|S782N|Y115H,R249Q,,,Scaling recomputed in retained cohort; study deletion uses union of outcome sources.,0.390103673835,0.00418362741092,estimated,estimated,,,1,1,"{""adp_rigor_ca_shift_A"":3.792996578770839}","{""wt_site_rsa_8act_mean_ab"":0.19863884597831977}"
C041,leave_one_variant_out,R403Q,13,D382Y|D778V|E497D|G768R|H251N|I457T|L781P|P710R|R249Q|R663H|R719W|S782N|Y115H,R403Q,,,Scaling recomputed in retained cohort; study deletion uses union of outcome sources.,0.387170946739,0.000256509404035,estimated,estimated,,,1,1,"{""adp_rigor_ca_shift_A"":3.8004289933568343}","{""wt_site_rsa_8act_mean_ab"":0.19834988870941664}"
C041,leave_one_variant_out,R663H,13,D382Y|D778V|E497D|G768R|H251N|I457T|L781P|P710R|R249Q|R403Q|R719W|S782N|Y115H,R663H,,,Scaling recomputed in retained cohort; study deletion uses union of outcome sources.,0.53045020099,0.165307733355,estimated,estimated,,,1,1,"{""adp_rigor_ca_shift_A"":3.804136311890722}","{""wt_site_rsa_8act_mean_ab"":0.1617066502134837}"
C041,leave_one_variant_out,R719W,13,D382Y|D778V|E497D|G768R|H251N|I457T|L781P|P710R|R249Q|R403Q|R663H|S782N|Y115H,R719W,,,Scaling recomputed in retained cohort; study deletion uses union of outcome sources.,0.401549702384,0.0111076779866,estimated,estimated,,,1,1,"{""adp_rigor_ca_shift_A"":3.670713468756259}","{""wt_site_rsa_8act_mean_ab"":0.1978375266924932}"
C041,leave_one_variant_out,S782N,13,D382Y|D778V|E497D|G768R|H251N|I457T|L781P|P710R|R249Q|R403Q|R663H|R719W|Y115H,S782N,,,Scaling recomputed in retained cohort; study deletion uses union of outcome sources.,0.310965695108,-0.0649034428578,estimated,estimated,,,1,1,"{""adp_rigor_ca_shift_A"":3.5095434236985574}","{""wt_site_rsa_8act_mean_ab"":0.19548957084614374}"
C041,leave_one_variant_out,Y115H,13,D382Y|D778V|E497D|G768R|H251N|I457T|L781P|P710R|R249Q|R403Q|R663H|R719W|S782N,Y115H,,,Scaling recomputed in retained cohort; study deletion uses union of outcome sources.,0.338595410604,-0.0446316682217,estimated,estimated,,,1,1,"{""adp_rigor_ca_shift_A"":3.8415409395034827}","{""wt_site_rsa_8act_mean_ab"":0.18894705993406938}"
C042,leave_one_variant_out,D382Y,13,D778V|E497D|G768R|H251N|I457T|L781P|P710R|R249Q|R403Q|R663H|R719W|S782N|Y115H,D382Y,,,Scaling recomputed in retained cohort; study deletion uses union of outcome sources.,0.285175155962,,estimated,zero_u_distance_variance,,,1,1,"{""adp_rigor_ca_shift_A"":3.8461328331643063}","{""ihm_interface_flag_8act"":0.2773500981126146}"
C042,leave_one_variant_out,D778V,13,D382Y|E497D|G768R|H251N|I457T|L781P|P710R|R249Q|R403Q|R663H|R719W|S782N|Y115H,D778V,,,Scaling recomputed in retained cohort; study deletion uses union of outcome sources.,0.334975132609,0.0678809667612,estimated,estimated,,,1,1,"{""adp_rigor_ca_shift_A"":3.6152690725444208}","{""ihm_interface_flag_8act"":0.37553380809940534}"
C042,leave_one_variant_out,E497D,13,D382Y|D778V|G768R|H251N|I457T|L781P|P710R|R249Q|R403Q|R663H|R719W|S782N|Y115H,E497D,,,Scaling recomputed in retained cohort; study deletion uses union of outcome sources.,0.364546523577,0.0855533726893,estimated,estimated,,,1,1,"{""adp_rigor_ca_shift_A"":3.9050594481272958}","{""ihm_interface_flag_8act"":0.37553380809940534}"
C042,leave_one_variant_out,G768R,13,D382Y|D778V|E497D|H251N|I457T|L781P|P710R|R249Q|R403Q|R663H|R719W|S782N|Y115H,G768R,,,Scaling recomputed in retained cohort; study deletion uses union of outcome sources.,0.33852924614,0.0707026067884,estimated,estimated,,,1,1,"{""adp_rigor_ca_shift_A"":3.91141009623647}","{""ihm_interface_flag_8act"":0.37553380809940534}"
C042,leave_one_variant_out,H251N,13,D382Y|D778V|E497D|G768R|I457T|L781P|P710R|R249Q|R403Q|R663H|R719W|S782N|Y115H,H251N,,,Scaling recomputed in retained cohort; study deletion uses union of outcome sources.,0.389614420031,0.100864511561,estimated,estimated,,,1,1,"{""adp_rigor_ca_shift_A"":3.8101245067573677}","{""ihm_interface_flag_8act"":0.37553380809940534}"
C042,leave_one_variant_out,I457T,13,D382Y|D778V|E497D|G768R|H251N|L781P|P710R|R249Q|R403Q|R663H|R719W|S782N|Y115H,I457T,,,Scaling recomputed in retained cohort; study deletion uses union of outcome sources.,0.389976978667,0.101096857499,estimated,estimated,,,1,1,"{""adp_rigor_ca_shift_A"":3.8075009912080837}","{""ihm_interface_flag_8act"":0.37553380809940534}"
C042,leave_one_variant_out,L781P,13,D382Y|D778V|E497D|G768R|H251N|I457T|P710R|R249Q|R403Q|R663H|R719W|S782N|Y115H,L781P,,,Scaling recomputed in retained cohort; study deletion uses union of outcome sources.,0.335835136478,0.0681882001039,estimated,estimated,,,1,1,"{""adp_rigor_ca_shift_A"":3.572529261806157}","{""ihm_interface_flag_8act"":0.37553380809940534}"
C042,leave_one_variant_out,P710R,13,D382Y|D778V|E497D|G768R|H251N|I457T|L781P|R249Q|R403Q|R663H|R719W|S782N|Y115H,P710R,,,Scaling recomputed in retained cohort; study deletion uses union of outcome sources.,0.340650503901,0.071883045112,estimated,estimated,,,1,1,"{""adp_rigor_ca_shift_A"":3.9192030079241147}","{""ihm_interface_flag_8act"":0.37553380809940534}"
C042,leave_one_variant_out,R249Q,13,D382Y|D778V|E497D|G768R|H251N|I457T|L781P|P710R|R403Q|R663H|R719W|S782N|Y115H,R249Q,,,Scaling recomputed in retained cohort; study deletion uses union of outcome sources.,0.390980690394,0.101761711096,estimated,estimated,,,1,1,"{""adp_rigor_ca_shift_A"":3.792996578770839}","{""ihm_interface_flag_8act"":0.37553380809940534}"
C042,leave_one_variant_out,R403Q,13,D382Y|D778V|E497D|G768R|H251N|I457T|L781P|P710R|R249Q|R663H|R719W|S782N|Y115H,R403Q,,,Scaling recomputed in retained cohort; study deletion uses union of outcome sources.,0.267011830233,,estimated,zero_u_distance_variance,,,1,1,"{""adp_rigor_ca_shift_A"":3.8004289933568343}","{""ihm_interface_flag_8act"":0.2773500981126146}"
C042,leave_one_variant_out,R663H,13,D382Y|D778V|E497D|G768R|H251N|I457T|L781P|P710R|R249Q|R403Q|R719W|S782N|Y115H,R663H,,,Scaling recomputed in retained cohort; study deletion uses union of outcome sources.,0.390454253792,0.101407843826,estimated,estimated,,,1,1,"{""adp_rigor_ca_shift_A"":3.804136311890722}","{""ihm_interface_flag_8act"":0.37553380809940534}"
C042,leave_one_variant_out,R719W,13,D382Y|D778V|E497D|G768R|H251N|I457T|L781P|P710R|R249Q|R403Q|R663H|S782N|Y115H,R719W,,,Scaling recomputed in retained cohort; study deletion uses union of outcome sources.,0.333483219392,0.0672732484802,estimated,estimated,,,1,1,"{""adp_rigor_ca_shift_A"":3.670713468756259}","{""ihm_interface_flag_8act"":0.37553380809940534}"
C042,leave_one_variant_out,S782N,13,D382Y|D778V|E497D|G768R|H251N|I457T|L781P|P710R|R249Q|R403Q|R663H|R719W|Y115H,S782N,,,Scaling recomputed in retained cohort; study deletion uses union of outcome sources.,0.336324545366,0.0681882001039,estimated,estimated,,,1,1,"{""adp_rigor_ca_shift_A"":3.5095434236985574}","{""ihm_interface_flag_8act"":0.37553380809940534}"
C042,leave_one_variant_out,Y115H,13,D382Y|D778V|E497D|G768R|H251N|I457T|L781P|P710R|R249Q|R403Q|R663H|R719W|S782N,Y115H,,,Scaling recomputed in retained cohort; study deletion uses union of outcome sources.,0.385454530996,0.0982612591313,estimated,estimated,,,1,1,"{""adp_rigor_ca_shift_A"":3.8415409395034827}","{""ihm_interface_flag_8act"":0.37553380809940534}"
C043,leave_one_variant_out,D239N,18,D382Y|D778V|E497D|G741R|G768R|H251N|I457T|I467V|L781P|M493I|P710R|R249Q|R403Q|R453C|R663H|R671C|R719W|Y115H,D239N,,,Scaling recomputed in retained cohort; study deletion uses union of outcome sources.,0.55198546133,0.14897044843,estimated,estimated,,,1,1,"{""adp_adenine_ca_distance_8efe_A"":12.260228277526512}","{""rigor_actin_min_heavy_distance_8efi_A"":14.08711377018309}"
C043,leave_one_variant_out,D382Y,18,D239N|D778V|E497D|G741R|G768R|H251N|I457T|I467V|L781P|M493I|P710R|R249Q|R403Q|R453C|R663H|R671C|R719W|Y115H,D382Y,,,Scaling recomputed in retained cohort; study deletion uses union of outcome sources.,0.627646429885,0.251457237993,estimated,estimated,,,1,1,"{""adp_adenine_ca_distance_8efe_A"":12.534541539768117}","{""rigor_actin_min_heavy_distance_8efi_A"":13.69136830728627}"
C043,leave_one_variant_out,D778V,18,D239N|D382Y|E497D|G741R|G768R|H251N|I457T|I467V|L781P|M493I|P710R|R249Q|R403Q|R453C|R663H|R671C|R719W|Y115H,D778V,,,Scaling recomputed in retained cohort; study deletion uses union of outcome sources.,0.541098822465,0.123094031427,estimated,estimated,,,1,1,"{""adp_adenine_ca_distance_8efe_A"":12.819465625141072}","{""rigor_actin_min_heavy_distance_8efi_A"":13.721073864561356}"
C043,leave_one_variant_out,E497D,18,D239N|D382Y|D778V|G741R|G768R|H251N|I457T|I467V|L781P|M493I|P710R|R249Q|R403Q|R453C|R663H|R671C|R719W|Y115H,E497D,,,Scaling recomputed in retained cohort; study deletion uses union of outcome sources.,0.5551332958,0.161662701028,estimated,estimated,,,1,1,"{""adp_adenine_ca_distance_8efe_A"":13.02082589395998}","{""rigor_actin_min_heavy_distance_8efi_A"":14.086788709704333}"
C043,leave_one_variant_out,G741R,18,D239N|D382Y|D778V|E497D|G768R|H251N|I457T|I467V|L781P|M493I|P710R|R249Q|R403Q|R453C|R663H|R671C|R719W|Y115H,G741R,,,Scaling recomputed in retained cohort; study deletion uses union of outcome sources.,0.519914916522,0.0866122879944,estimated,estimated,,,1,1,"{""adp_adenine_ca_distance_8efe_A"":12.096834620652528}","{""rigor_actin_min_heavy_distance_8efi_A"":12.84279530916223}"
C043,leave_one_variant_out,G768R,18,D239N|D382Y|D778V|E497D|G741R|H251N|I457T|I467V|L781P|M493I|P710R|R249Q|R403Q|R453C|R663H|R671C|R719W|Y115H,G768R,,,Scaling recomputed in retained cohort; study deletion uses union of outcome sources.,0.553566339512,0.154529484369,estimated,estimated,,,1,1,"{""adp_adenine_ca_distance_8efe_A"":12.94034998712786}","{""rigor_actin_min_heavy_distance_8efi_A"":14.040297914834849}"
C043,leave_one_variant_out,H251N,18,D239N|D382Y|D778V|E497D|G741R|G768R|I457T|I467V|L781P|M493I|P710R|R249Q|R403Q|R453C|R663H|R671C|R719W|Y115H,H251N,,,Scaling recomputed in retained cohort; study deletion uses union of outcome sources.,0.537006277427,0.137941413682,estimated,estimated,,,1,1,"{""adp_adenine_ca_distance_8efe_A"":12.945469660572652}","{""rigor_actin_min_heavy_distance_8efi_A"":14.07156045686799}"
C043,leave_one_variant_out,I457T,18,D239N|D382Y|D778V|E497D|G741R|G768R|H251N|I467V|L781P|M493I|P710R|R249Q|R403Q|R453C|R663H|R671C|R719W|Y115H,I457T,,,Scaling recomputed in retained cohort; study deletion uses union of outcome sources.,0.539227907543,0.139013803148,estimated,estimated,,,1,1,"{""adp_adenine_ca_distance_8efe_A"":12.823379877182122}","{""rigor_actin_min_heavy_distance_8efi_A"":14.084160389698852}"
C043,leave_one_variant_out,I467V,18,D239N|D382Y|D778V|E497D|G741R|G768R|H251N|I457T|L781P|M493I|P710R|R249Q|R403Q|R453C|R663H|R671C|R719W|Y115H,I467V,,,Scaling recomputed in retained cohort; study deletion uses union of outcome sources.,0.55126695636,0.153563299483,estimated,estimated,,,1,1,"{""adp_adenine_ca_distance_8efe_A"":12.800067160004893}","{""rigor_actin_min_heavy_distance_8efi_A"":13.801952316082744}"
C043,leave_one_variant_out,L781P,18,D239N|D382Y|D778V|E497D|G741R|G768R|H251N|I457T|I467V|M493I|P710R|R249Q|R403Q|R453C|R663H|R671C|R719W|Y115H,L781P,,,Scaling recomputed in retained cohort; study deletion uses union of outcome sources.,0.520282231295,0.0804725307121,estimated,estimated,,,1,1,"{""adp_adenine_ca_distance_8efe_A"":12.613196351025419}","{""rigor_actin_min_heavy_distance_8efi_A"":13.334590733469359}"
C043,leave_one_variant_out,M493I,18,D239N|D382Y|D778V|E497D|G741R|G768R|H251N|I457T|I467V|L781P|P710R|R249Q|R403Q|R453C|R663H|R671C|R719W|Y115H,M493I,,,Scaling recomputed in retained cohort; study deletion uses union of outcome sources.,0.542768970631,0.145094082404,estimated,estimated,,,1,1,"{""adp_adenine_ca_distance_8efe_A"":13.009611638620674}","{""rigor_actin_min_heavy_distance_8efi_A"":14.026841969789823}"
C043,leave_one_variant_out,P710R,18,D239N|D382Y|D778V|E497D|G741R|G768R|H251N|I457T|I467V|L781P|M493I|R249Q|R403Q|R453C|R663H|R671C|R719W|Y115H,P710R,,,Scaling recomputed in retained cohort; study deletion uses union of outcome sources.,0.55559129174,0.16201680308,estimated,estimated,,,1,1,"{""adp_adenine_ca_distance_8efe_A"":13.027810438668213}","{""rigor_actin_min_heavy_distance_8efi_A"":14.0039623515773}"
C043,leave_one_variant_out,R249Q,18,D239N|D382Y|D778V|E497D|G741R|G768R|H251N|I457T|I467V|L781P|M493I|P710R|R403Q|R453C|R663H|R671C|R719W|Y115H,R249Q,,,Scaling recomputed in retained cohort; study deletion uses union of outcome sources.,0.537327924373,0.135038053885,estimated,estimated,,,1,1,"{""adp_adenine_ca_distance_8efe_A"":12.784554457367415}","{""rigor_actin_min_heavy_distance_8efi_A"":13.983568692230063}"
C043,leave_one_variant_out,R403Q,18,D239N|D382Y|D778V|E497D|G741R|G768R|H251N|I457T|I467V|L781P|M493I|P710R|R249Q|R453C|R663H|R671C|R719W|Y115H,R403Q,,,Scaling recomputed in retained cohort; study deletion uses union of outcome sources.,0.629840229821,0.282659289167,estimated,estimated,,,1,1,"{""adp_adenine_ca_distance_8efe_A"":11.962735238444239}","{""rigor_actin_min_heavy_distance_8efi_A"":11.990633181392843}"
C043,leave_one_variant_out,R453C,18,D239N|D382Y|D778V|E497D|G741R|G768R|H251N|I457T|I467V|L781P|M493I|P710R|R249Q|R403Q|R663H|R671C|R719W|Y115H,R453C,,,Scaling recomputed in retained cohort; study deletion uses union of outcome sources.,0.546978007485,0.151898929434,estimated,estimated,,,1,1,"{""adp_adenine_ca_distance_8efe_A"":13.02801445350689}","{""rigor_actin_min_heavy_distance_8efi_A"":14.087907610264201}"
C043,leave_one_variant_out,R663H,18,D239N|D382Y|D778V|E497D|G741R|G768R|H251N|I457T|I467V|L781P|M493I|P710R|R249Q|R403Q|R453C|R671C|R719W|Y115H,R663H,,,Scaling recomputed in retained cohort; study deletion uses union of outcome sources.,0.569760123553,0.175293155879,estimated,estimated,,,1,1,"{""adp_adenine_ca_distance_8efe_A"":13.012103102386533}","{""rigor_actin_min_heavy_distance_8efi_A"":13.350340191697986}"
C043,leave_one_variant_out,R671C,18,D239N|D382Y|D778V|E497D|G741R|G768R|H251N|I457T|I467V|L781P|M493I|P710R|R249Q|R403Q|R453C|R663H|R719W|Y115H,R671C,,,Scaling recomputed in retained cohort; study deletion uses union of outcome sources.,0.549479682376,0.144791601369,estimated,estimated,,,1,1,"{""adp_adenine_ca_distance_8efe_A"":12.175142124671646}","{""rigor_actin_min_heavy_distance_8efi_A"":14.045467290511843}"
C043,leave_one_variant_out,R719W,18,D239N|D382Y|D778V|E497D|G741R|G768R|H251N|I457T|I467V|L781P|M493I|P710R|R249Q|R403Q|R453C|R663H|R671C|Y115H,R719W,,,Scaling recomputed in retained cohort; study deletion uses union of outcome sources.,0.512815977843,0.0667142658643,estimated,estimated,,,1,1,"{""adp_adenine_ca_distance_8efe_A"":12.64923223303503}","{""rigor_actin_min_heavy_distance_8efi_A"":12.88973136882818}"
C043,leave_one_variant_out,Y115H,18,D239N|D382Y|D778V|E497D|G741R|G768R|H251N|I457T|I467V|L781P|M493I|P710R|R249Q|R403Q|R453C|R663H|R671C|R719W,Y115H,,,Scaling recomputed in retained cohort; study deletion uses union of outcome sources.,0.629097237959,0.273406794977,estimated,estimated,,,1,1,"{""adp_adenine_ca_distance_8efe_A"":11.985172669454972}","{""rigor_actin_min_heavy_distance_8efi_A"":13.849282606794084}"
C044,leave_one_variant_out,D239N,19,D382Y|D778V|E497D|G741R|G768R|H251N|I457T|I467V|L781P|M493I|P710R|R249Q|R403Q|R453C|R663H|R671C|R719W|S782N|Y115H,D239N,,,Scaling recomputed in retained cohort; study deletion uses union of outcome sources.,0.524593396467,0.162849224343,estimated,estimated,,,1,1,"{""adp_adenine_ca_distance_8efe_A"":12.255204532320834}","{""relay_landmark_min_ca_distance_8act_mean_ab"":15.587736413168892}"
C044,leave_one_variant_out,D382Y,19,D239N|D778V|E497D|G741R|G768R|H251N|I457T|I467V|L781P|M493I|P710R|R249Q|R403Q|R453C|R663H|R671C|R719W|S782N|Y115H,D382Y,,,Scaling recomputed in retained cohort; study deletion uses union of outcome sources.,0.428423229408,0.0135240265872,estimated,estimated,,,1,1,"{""adp_adenine_ca_distance_8efe_A"":12.614211676639373}","{""relay_landmark_min_ca_distance_8act_mean_ab"":12.8730606726032}"
C044,leave_one_variant_out,D778V,19,D239N|D382Y|E497D|G741R|G768R|H251N|I457T|I467V|L781P|M493I|P710R|R249Q|R403Q|R453C|R663H|R671C|R719W|S782N|Y115H,D778V,,,Scaling recomputed in retained cohort; study deletion uses union of outcome sources.,0.491771888126,0.109178135716,estimated,estimated,,,1,1,"{""adp_adenine_ca_distance_8efe_A"":12.865995623847587}","{""relay_landmark_min_ca_distance_8act_mean_ab"":15.765810750682453}"
C044,leave_one_variant_out,E497D,19,D239N|D382Y|D778V|G741R|G768R|H251N|I457T|I467V|L781P|M493I|P710R|R249Q|R403Q|R453C|R663H|R671C|R719W|S782N|Y115H,E497D,,,Scaling recomputed in retained cohort; study deletion uses union of outcome sources.,0.467817233635,0.0828776060347,estimated,estimated,,,1,1,"{""adp_adenine_ca_distance_8efe_A"":13.032613522003093}","{""relay_landmark_min_ca_distance_8act_mean_ab"":14.528857701391333}"
C044,leave_one_variant_out,G741R,19,D239N|D382Y|D778V|E497D|G768R|H251N|I457T|I467V|L781P|M493I|P710R|R249Q|R403Q|R453C|R663H|R671C|R719W|S782N|Y115H,G741R,,,Scaling recomputed in retained cohort; study deletion uses union of outcome sources.,0.533565818228,0.154592033506,estimated,estimated,,,1,1,"{""adp_adenine_ca_distance_8efe_A"":12.22171992242749}","{""relay_landmark_min_ca_distance_8act_mean_ab"":15.673902925304338}"
C044,leave_one_variant_out,G768R,19,D239N|D382Y|D778V|E497D|G741R|H251N|I457T|I467V|L781P|M493I|P710R|R249Q|R403Q|R453C|R663H|R671C|R719W|S782N|Y115H,G768R,,,Scaling recomputed in retained cohort; study deletion uses union of outcome sources.,0.485209266054,0.105190402572,estimated,estimated,,,1,1,"{""adp_adenine_ca_distance_8efe_A"":12.969618230523952}","{""relay_landmark_min_ca_distance_8act_mean_ab"":15.661741879121921}"
C044,leave_one_variant_out,H251N,19,D239N|D382Y|D778V|E497D|G741R|G768R|I457T|I467V|L781P|M493I|P710R|R249Q|R403Q|R453C|R663H|R671C|R719W|S782N|Y115H,H251N,,,Scaling recomputed in retained cohort; study deletion uses union of outcome sources.,0.478894250372,0.101452022029,estimated,estimated,,,1,1,"{""adp_adenine_ca_distance_8efe_A"":12.9377457535423}","{""relay_landmark_min_ca_distance_8act_mean_ab"":15.771015160121271}"
C044,leave_one_variant_out,I457T,19,D239N|D382Y|D778V|E497D|G741R|G768R|H251N|I467V|L781P|M493I|P710R|R249Q|R403Q|R453C|R663H|R671C|R719W|S782N|Y115H,I457T,,,Scaling recomputed in retained cohort; study deletion uses union of outcome sources.,0.46937170015,0.0889795582959,estimated,estimated,,,1,1,"{""adp_adenine_ca_distance_8efe_A"":12.812469861153124}","{""relay_landmark_min_ca_distance_8act_mean_ab"":15.7622883402848}"
C044,leave_one_variant_out,I467V,19,D239N|D382Y|D778V|E497D|G741R|G768R|H251N|I457T|L781P|M493I|P710R|R249Q|R403Q|R453C|R663H|R671C|R719W|S782N|Y115H,I467V,,,Scaling recomputed in retained cohort; study deletion uses union of outcome sources.,0.471213675622,0.0899438563303,estimated,estimated,,,1,1,"{""adp_adenine_ca_distance_8efe_A"":12.788938154012152}","{""relay_landmark_min_ca_distance_8act_mean_ab"":15.779937569939328}"
C044,leave_one_variant_out,L781P,19,D239N|D382Y|D778V|E497D|G741R|G768R|H251N|I457T|I467V|M493I|P710R|R249Q|R403Q|R453C|R663H|R671C|R719W|S782N|Y115H,L781P,,,Scaling recomputed in retained cohort; study deletion uses union of outcome sources.,0.48910571,0.0980539881314,estimated,estimated,,,1,1,"{""adp_adenine_ca_distance_8efe_A"":12.6842245102669}","{""relay_landmark_min_ca_distance_8act_mean_ab"":15.724100252396589}"
C044,leave_one_variant_out,M493I,19,D239N|D382Y|D778V|E497D|G741R|G768R|H251N|I457T|I467V|L781P|P710R|R249Q|R403Q|R453C|R663H|R671C|R719W|S782N|Y115H,M493I,,,Scaling recomputed in retained cohort; study deletion uses union of outcome sources.,0.465333955262,0.0815062548363,estimated,estimated,,,1,1,"{""adp_adenine_ca_distance_8efe_A"":13.007396064322402}","{""relay_landmark_min_ca_distance_8act_mean_ab"":15.076611271407101}"
C044,leave_one_variant_out,P710R,19,D239N|D382Y|D778V|E497D|G741R|G768R|H251N|I457T|I467V|L781P|M493I|R249Q|R403Q|R453C|R663H|R671C|R719W|S782N|Y115H,P710R,,,Scaling recomputed in retained cohort; study deletion uses union of outcome sources.,0.464331483705,0.0794562124479,estimated,estimated,,,1,1,"{""adp_adenine_ca_distance_8efe_A"":13.036060131148908}","{""relay_landmark_min_ca_distance_8act_mean_ab"":15.243803503881733}"
C044,leave_one_variant_out,R249Q,19,D239N|D382Y|D778V|E497D|G741R|G768R|H251N|I457T|I467V|L781P|M493I|P710R|R403Q|R453C|R663H|R671C|R719W|S782N|Y115H,R249Q,,,Scaling recomputed in retained cohort; study deletion uses union of outcome sources.,0.46973645527,0.0879972890658,estimated,estimated,,,1,1,"{""adp_adenine_ca_distance_8efe_A"":12.773322603576316}","{""relay_landmark_min_ca_distance_8act_mean_ab"":15.781233987762088}"
C044,leave_one_variant_out,R403Q,19,D239N|D382Y|D778V|E497D|G741R|G768R|H251N|I457T|I467V|L781P|M493I|P710R|R249Q|R453C|R663H|R671C|R719W|S782N|Y115H,R403Q,,,Scaling recomputed in retained cohort; study deletion uses union of outcome sources.,0.407543110471,0.0208332078284,estimated,estimated,,,1,1,"{""adp_adenine_ca_distance_8efe_A"":12.100983796863266}","{""relay_landmark_min_ca_distance_8act_mean_ab"":13.550494134945565}"
C044,leave_one_variant_out,R453C,19,D239N|D382Y|D778V|E497D|G741R|G768R|H251N|I457T|I467V|L781P|M493I|P710R|R249Q|R403Q|R663H|R671C|R719W|S782N|Y115H,R453C,,,Scaling recomputed in retained cohort; study deletion uses union of outcome sources.,0.491605465469,0.116675599514,estimated,estimated,,,1,1,"{""adp_adenine_ca_distance_8efe_A"":13.030948093339113}","{""relay_landmark_min_ca_distance_8act_mean_ab"":15.73205952422389}"
C044,leave_one_variant_out,R663H,19,D239N|D382Y|D778V|E497D|G741R|G768R|H251N|I457T|I467V|L781P|M493I|P710R|R249Q|R403Q|R453C|R671C|R719W|S782N|Y115H,R663H,,,Scaling recomputed in retained cohort; study deletion uses union of outcome sources.,0.465404195844,0.0838446858071,estimated,estimated,,,1,1,"{""adp_adenine_ca_distance_8efe_A"":13.010305564524003}","{""relay_landmark_min_ca_distance_8act_mean_ab"":15.504301586884406}"
C044,leave_one_variant_out,R671C,19,D239N|D382Y|D778V|E497D|G741R|G768R|H251N|I457T|I467V|L781P|M493I|P710R|R249Q|R403Q|R453C|R663H|R719W|S782N|Y115H,R671C,,,Scaling recomputed in retained cohort; study deletion uses union of outcome sources.,0.495964750326,0.117476053283,estimated,estimated,,,1,1,"{""adp_adenine_ca_distance_8efe_A"":12.172065528671586}","{""relay_landmark_min_ca_distance_8act_mean_ab"":15.689692525153484}"
C044,leave_one_variant_out,R719W,19,D239N|D382Y|D778V|E497D|G741R|G768R|H251N|I457T|I467V|L781P|M493I|P710R|R249Q|R403Q|R453C|R663H|R671C|S782N|Y115H,R719W,,,Scaling recomputed in retained cohort; study deletion uses union of outcome sources.,0.514383993736,0.134102639815,estimated,estimated,,,1,1,"{""adp_adenine_ca_distance_8efe_A"":12.716205644904257}","{""relay_landmark_min_ca_distance_8act_mean_ab"":15.684131613431635}"
C044,leave_one_variant_out,S782N,19,D239N|D382Y|D778V|E497D|G741R|G768R|H251N|I457T|I467V|L781P|M493I|P710R|R249Q|R403Q|R453C|R663H|R671C|R719W|Y115H,S782N,,,Scaling recomputed in retained cohort; study deletion uses union of outcome sources.,0.48184092846,0.0881804529771,estimated,estimated,,,1,1,"{""adp_adenine_ca_distance_8efe_A"":12.662635708439677}","{""relay_landmark_min_ca_distance_8act_mean_ab"":15.650530453264526}"
C044,leave_one_variant_out,Y115H,19,D239N|D382Y|D778V|E497D|G741R|G768R|H251N|I457T|I467V|L781P|M493I|P710R|R249Q|R403Q|R453C|R663H|R671C|R719W|S782N,Y115H,,,Scaling recomputed in retained cohort; study deletion uses union of outcome sources.,0.477595293993,0.0913830977475,estimated,estimated,,,1,1,"{""adp_adenine_ca_distance_8efe_A"":11.98697207201319}","{""relay_landmark_min_ca_distance_8act_mean_ab"":15.781473676665025}"
C045,leave_one_variant_out,D239N,19,D382Y|D778V|E497D|G741R|G768R|H251N|I457T|I467V|L781P|M493I|P710R|R249Q|R403Q|R453C|R663H|R671C|R719W|S782N|Y115H,D239N,,,Scaling recomputed in retained cohort; study deletion uses union of outcome sources.,0.493170812897,0.107453773186,estimated,estimated,,,1,1,"{""adp_adenine_ca_distance_8efe_A"":12.255204532320834}","{""elc_min_heavy_distance_8act_mean_ab"":16.235314662263853}"
C045,leave_one_variant_out,D382Y,19,D239N|D778V|E497D|G741R|G768R|H251N|I457T|I467V|L781P|M493I|P710R|R249Q|R403Q|R453C|R663H|R671C|R719W|S782N|Y115H,D382Y,,,Scaling recomputed in retained cohort; study deletion uses union of outcome sources.,0.571190181491,0.18579316711,estimated,estimated,,,1,1,"{""adp_adenine_ca_distance_8efe_A"":12.614211676639373}","{""elc_min_heavy_distance_8act_mean_ab"":14.236728371630768}"
C045,leave_one_variant_out,D778V,19,D239N|D382Y|E497D|G741R|G768R|H251N|I457T|I467V|L781P|M493I|P710R|R249Q|R403Q|R453C|R663H|R671C|R719W|S782N|Y115H,D778V,,,Scaling recomputed in retained cohort; study deletion uses union of outcome sources.,0.479651717125,0.0826877489492,estimated,estimated,,,1,1,"{""adp_adenine_ca_distance_8efe_A"":12.865995623847587}","{""elc_min_heavy_distance_8act_mean_ab"":16.26495185447577}"
C045,leave_one_variant_out,E497D,19,D239N|D382Y|D778V|G741R|G768R|H251N|I457T|I467V|L781P|M493I|P710R|R249Q|R403Q|R453C|R663H|R671C|R719W|S782N|Y115H,E497D,,,Scaling recomputed in retained cohort; study deletion uses union of outcome sources.,0.495786823403,0.113738506931,estimated,estimated,,,1,1,"{""adp_adenine_ca_distance_8efe_A"":13.032613522003093}","{""elc_min_heavy_distance_8act_mean_ab"":16.72430397509952}"
C045,leave_one_variant_out,G741R,19,D239N|D382Y|D778V|E497D|G768R|H251N|I457T|I467V|L781P|M493I|P710R|R249Q|R403Q|R453C|R663H|R671C|R719W|S782N|Y115H,G741R,,,Scaling recomputed in retained cohort; study deletion uses union of outcome sources.,0.525158434802,0.129789896602,estimated,estimated,,,1,1,"{""adp_adenine_ca_distance_8efe_A"":12.22171992242749}","{""elc_min_heavy_distance_8act_mean_ab"":16.572221671340166}"
C045,leave_one_variant_out,G768R,19,D239N|D382Y|D778V|E497D|G741R|H251N|I457T|I467V|L781P|M493I|P710R|R249Q|R403Q|R453C|R663H|R671C|R719W|S782N|Y115H,G768R,,,Scaling recomputed in retained cohort; study deletion uses union of outcome sources.,0.500146941762,0.116247245191,estimated,estimated,,,1,1,"{""adp_adenine_ca_distance_8efe_A"":12.969618230523952}","{""elc_min_heavy_distance_8act_mean_ab"":16.688996890603093}"
C045,leave_one_variant_out,H251N,19,D239N|D382Y|D778V|E497D|G741R|G768R|I457T|I467V|L781P|M493I|P710R|R249Q|R403Q|R453C|R663H|R671C|R719W|S782N|Y115H,H251N,,,Scaling recomputed in retained cohort; study deletion uses union of outcome sources.,0.503808074621,0.123211735633,estimated,estimated,,,1,1,"{""adp_adenine_ca_distance_8efe_A"":12.9377457535423}","{""elc_min_heavy_distance_8act_mean_ab"":16.6063335857316}"
C045,leave_one_variant_out,I457T,19,D239N|D382Y|D778V|E497D|G741R|G768R|H251N|I467V|L781P|M493I|P710R|R249Q|R403Q|R453C|R663H|R671C|R719W|S782N|Y115H,I457T,,,Scaling recomputed in retained cohort; study deletion uses union of outcome sources.,0.521615933366,0.143604001151,estimated,estimated,,,1,1,"{""adp_adenine_ca_distance_8efe_A"":12.812469861153124}","{""elc_min_heavy_distance_8act_mean_ab"":16.56533753618077}"
C045,leave_one_variant_out,I467V,19,D239N|D382Y|D778V|E497D|G741R|G768R|H251N|I457T|L781P|M493I|P710R|R249Q|R403Q|R453C|R663H|R671C|R719W|S782N|Y115H,I467V,,,Scaling recomputed in retained cohort; study deletion uses union of outcome sources.,0.519342845672,0.134900948565,estimated,estimated,,,1,1,"{""adp_adenine_ca_distance_8efe_A"":12.788938154012152}","{""elc_min_heavy_distance_8act_mean_ab"":15.931928111753228}"
C045,leave_one_variant_out,L781P,19,D239N|D382Y|D778V|E497D|G741R|G768R|H251N|I457T|I467V|M493I|P710R|R249Q|R403Q|R453C|R663H|R671C|R719W|S782N|Y115H,L781P,,,Scaling recomputed in retained cohort; study deletion uses union of outcome sources.,0.476343448145,0.0735537152544,estimated,estimated,,,1,1,"{""adp_adenine_ca_distance_8efe_A"":12.6842245102669}","{""elc_min_heavy_distance_8act_mean_ab"":16.104775739862678}"
C045,leave_one_variant_out,M493I,19,D239N|D382Y|D778V|E497D|G741R|G768R|H251N|I457T|I467V|L781P|P710R|R249Q|R403Q|R453C|R663H|R671C|R719W|S782N|Y115H,M493I,,,Scaling recomputed in retained cohort; study deletion uses union of outcome sources.,0.486449843835,0.102462347036,estimated,estimated,,,1,1,"{""adp_adenine_ca_distance_8efe_A"":13.007396064322402}","{""elc_min_heavy_distance_8act_mean_ab"":16.71982380964967}"
C045,leave_one_variant_out,P710R,19,D239N|D382Y|D778V|E497D|G741R|G768R|H251N|I457T|I467V|L781P|M493I|R249Q|R403Q|R453C|R663H|R671C|R719W|S782N|Y115H,P710R,,,Scaling recomputed in retained cohort; study deletion uses union of outcome sources.,0.49013859189,0.107527990151,estimated,estimated,,,1,1,"{""adp_adenine_ca_distance_8efe_A"":13.036060131148908}","{""elc_min_heavy_distance_8act_mean_ab"":16.70732640459826}"
C045,leave_one_variant_out,R249Q,19,D239N|D382Y|D778V|E497D|G741R|G768R|H251N|I457T|I467V|L781P|M493I|P710R|R403Q|R453C|R663H|R671C|R719W|S782N|Y115H,R249Q,,,Scaling recomputed in retained cohort; study deletion uses union of outcome sources.,0.495562266488,0.109825032569,estimated,estimated,,,1,1,"{""adp_adenine_ca_distance_8efe_A"":12.773322603576316}","{""elc_min_heavy_distance_8act_mean_ab"":16.70847029736662}"
C045,leave_one_variant_out,R403Q,19,D239N|D382Y|D778V|E497D|G741R|G768R|H251N|I457T|I467V|L781P|M493I|P710R|R249Q|R453C|R663H|R671C|R719W|S782N|Y115H,R403Q,,,Scaling recomputed in retained cohort; study deletion uses union of outcome sources.,0.559222954753,0.197618619677,estimated,estimated,,,1,1,"{""adp_adenine_ca_distance_8efe_A"":12.100983796863266}","{""elc_min_heavy_distance_8act_mean_ab"":14.081370036859084}"
C045,leave_one_variant_out,R453C,19,D239N|D382Y|D778V|E497D|G741R|G768R|H251N|I457T|I467V|L781P|M493I|P710R|R249Q|R403Q|R663H|R671C|R719W|S782N|Y115H,R453C,,,Scaling recomputed in retained cohort; study deletion uses union of outcome sources.,0.501801636583,0.120508548477,estimated,estimated,,,1,1,"{""adp_adenine_ca_distance_8efe_A"":13.030948093339113}","{""elc_min_heavy_distance_8act_mean_ab"":16.485136361108104}"
C045,leave_one_variant_out,R663H,19,D239N|D382Y|D778V|E497D|G741R|G768R|H251N|I457T|I467V|L781P|M493I|P710R|R249Q|R403Q|R453C|R671C|R719W|S782N|Y115H,R663H,,,Scaling recomputed in retained cohort; study deletion uses union of outcome sources.,0.48564420177,0.101992702652,estimated,estimated,,,1,1,"{""adp_adenine_ca_distance_8efe_A"":13.010305564524003}","{""elc_min_heavy_distance_8act_mean_ab"":16.723753874859536}"
C045,leave_one_variant_out,R671C,19,D239N|D382Y|D778V|E497D|G741R|G768R|H251N|I457T|I467V|L781P|M493I|P710R|R249Q|R403Q|R453C|R663H|R719W|S782N|Y115H,R671C,,,Scaling recomputed in retained cohort; study deletion uses union of outcome sources.,0.477407669696,0.0818295988617,estimated,estimated,,,1,1,"{""adp_adenine_ca_distance_8efe_A"":12.172065528671586}","{""elc_min_heavy_distance_8act_mean_ab"":16.69992743670146}"
C045,leave_one_variant_out,R719W,19,D239N|D382Y|D778V|E497D|G741R|G768R|H251N|I457T|I467V|L781P|M493I|P710R|R249Q|R403Q|R453C|R663H|R671C|S782N|Y115H,R719W,,,Scaling recomputed in retained cohort; study deletion uses union of outcome sources.,0.479300402691,0.0766371159865,estimated,estimated,,,1,1,"{""adp_adenine_ca_distance_8efe_A"":12.716205644904257}","{""elc_min_heavy_distance_8act_mean_ab"":16.272567127379332}"
C045,leave_one_variant_out,S782N,19,D239N|D382Y|D778V|E497D|G741R|G768R|H251N|I457T|I467V|L781P|M493I|P710R|R249Q|R403Q|R453C|R663H|R671C|R719W|Y115H,S782N,,,Scaling recomputed in retained cohort; study deletion uses union of outcome sources.,0.478572441191,0.0748558673264,estimated,estimated,,,1,1,"{""adp_adenine_ca_distance_8efe_A"":12.662635708439677}","{""elc_min_heavy_distance_8act_mean_ab"":16.183210822028848}"
C045,leave_one_variant_out,Y115H,19,D239N|D382Y|D778V|E497D|G741R|G768R|H251N|I457T|I467V|L781P|M493I|P710R|R249Q|R403Q|R453C|R663H|R671C|R719W|S782N,Y115H,,,Scaling recomputed in retained cohort; study deletion uses union of outcome sources.,0.485192852433,0.0893698335429,estimated,estimated,,,1,1,"{""adp_adenine_ca_distance_8efe_A"":11.98697207201319}","{""elc_min_heavy_distance_8act_mean_ab"":16.72217601062416}"
C046,leave_one_variant_out,D239N,16,D382Y|D778V|E497D|G741R|G768R|H251N|I457T|L781P|P710R|R249Q|R403Q|R453C|R663H|R719W|S782N|Y115H,D239N,,,Scaling recomputed in retained cohort; study deletion uses union of outcome sources.,0.351673058437,-0.00588494674191,estimated,estimated,,,1,1,"{""adp_adenine_ca_distance_8efe_A"":11.717830012930772}","{""delta_charge"":0.816496580927726}"
C046,leave_one_variant_out,D382Y,16,D239N|D778V|E497D|G741R|G768R|H251N|I457T|L781P|P710R|R249Q|R403Q|R453C|R663H|R719W|S782N|Y115H,D382Y,,,Scaling recomputed in retained cohort; study deletion uses union of outcome sources.,0.231179072016,-0.100105035736,estimated,estimated,,,1,1,"{""adp_adenine_ca_distance_8efe_A"":12.530156932181619}","{""delta_charge"":0.816496580927726}"
C046,leave_one_variant_out,D778V,16,D239N|D382Y|E497D|G741R|G768R|H251N|I457T|L781P|P710R|R249Q|R403Q|R453C|R663H|R719W|S782N|Y115H,D778V,,,Scaling recomputed in retained cohort; study deletion uses union of outcome sources.,0.224110210413,-0.100068944261,estimated,estimated,,,1,1,"{""adp_adenine_ca_distance_8efe_A"":12.783130976031789}","{""delta_charge"":0.816496580927726}"
C046,leave_one_variant_out,E497D,16,D239N|D382Y|D778V|G741R|G768R|H251N|I457T|L781P|P710R|R249Q|R403Q|R453C|R663H|R719W|S782N|Y115H,E497D,,,Scaling recomputed in retained cohort; study deletion uses union of outcome sources.,0.25514812043,-0.0715150502865,estimated,estimated,,,1,1,"{""adp_adenine_ca_distance_8efe_A"":12.906347789123776}","{""delta_charge"":0.8539125638299665}"
C046,leave_one_variant_out,G741R,16,D239N|D382Y|D778V|E497D|G768R|H251N|I457T|L781P|P710R|R249Q|R403Q|R453C|R663H|R719W|S782N|Y115H,G741R,,,Scaling recomputed in retained cohort; study deletion uses union of outcome sources.,0.24318280123,-0.0895782458574,estimated,estimated,,,1,1,"{""adp_adenine_ca_distance_8efe_A"":12.109019563635666}","{""delta_charge"":0.816496580927726}"
C046,leave_one_variant_out,G768R,16,D239N|D382Y|D778V|E497D|G741R|H251N|I457T|L781P|P710R|R249Q|R403Q|R453C|R663H|R719W|S782N|Y115H,G768R,,,Scaling recomputed in retained cohort; study deletion uses union of outcome sources.,0.234269567148,-0.0923614638686,estimated,estimated,,,1,1,"{""adp_adenine_ca_distance_8efe_A"":12.87442470810257}","{""delta_charge"":0.816496580927726}"
C046,leave_one_variant_out,H251N,16,D239N|D382Y|D778V|E497D|G741R|G768R|I457T|L781P|P710R|R249Q|R403Q|R453C|R663H|R719W|S782N|Y115H,H251N,,,Scaling recomputed in retained cohort; study deletion uses union of outcome sources.,0.236930173739,-0.0867637027186,estimated,estimated,,,1,1,"{""adp_adenine_ca_distance_8efe_A"":12.704456454404843}","{""delta_charge"":0.8539125638299665}"
C046,leave_one_variant_out,I457T,16,D239N|D382Y|D778V|E497D|G741R|G768R|H251N|L781P|P710R|R249Q|R403Q|R453C|R663H|R719W|S782N|Y115H,I457T,,,Scaling recomputed in retained cohort; study deletion uses union of outcome sources.,0.235254813981,-0.0914824771306,estimated,estimated,,,1,1,"{""adp_adenine_ca_distance_8efe_A"":12.512811669294628}","{""delta_charge"":0.8539125638299665}"
C046,leave_one_variant_out,L781P,16,D239N|D382Y|D778V|E497D|G741R|G768R|H251N|I457T|P710R|R249Q|R403Q|R453C|R663H|R719W|S782N|Y115H,L781P,,,Scaling recomputed in retained cohort; study deletion uses union of outcome sources.,0.282720693734,-0.0617073695666,estimated,estimated,,,1,1,"{""adp_adenine_ca_distance_8efe_A"":12.602668203834261}","{""delta_charge"":0.8539125638299665}"
C046,leave_one_variant_out,P710R,16,D239N|D382Y|D778V|E497D|G741R|G768R|H251N|I457T|L781P|R249Q|R403Q|R453C|R663H|R719W|S782N|Y115H,P710R,,,Scaling recomputed in retained cohort; study deletion uses union of outcome sources.,0.279811043628,-0.0641576014172,estimated,estimated,,,1,1,"{""adp_adenine_ca_distance_8efe_A"":12.89944239031775}","{""delta_charge"":0.816496580927726}"
C046,leave_one_variant_out,R249Q,16,D239N|D382Y|D778V|E497D|G741R|G768R|H251N|I457T|L781P|P710R|R403Q|R453C|R663H|R719W|S782N|Y115H,R249Q,,,Scaling recomputed in retained cohort; study deletion uses union of outcome sources.,0.255972177094,-0.0799206064478,estimated,estimated,,,1,1,"{""adp_adenine_ca_distance_8efe_A"":12.455023267447633}","{""delta_charge"":0.806225774829855}"
C046,leave_one_variant_out,R403Q,16,D239N|D382Y|D778V|E497D|G741R|G768R|H251N|I457T|L781P|P710R|R249Q|R453C|R663H|R719W|S782N|Y115H,R403Q,,,Scaling recomputed in retained cohort; study deletion uses union of outcome sources.,0.32608927545,-0.0254370603408,estimated,estimated,,,1,1,"{""adp_adenine_ca_distance_8efe_A"":11.976258893012849}","{""delta_charge"":0.806225774829855}"
C046,leave_one_variant_out,R453C,16,D239N|D382Y|D778V|E497D|G741R|G768R|H251N|I457T|L781P|P710R|R249Q|R403Q|R663H|R719W|S782N|Y115H,R453C,,,Scaling recomputed in retained cohort; study deletion uses union of outcome sources.,0.243351666693,-0.0881427972403,estimated,estimated,,,1,1,"{""adp_adenine_ca_distance_8efe_A"":12.874288645216659}","{""delta_charge"":0.806225774829855}"
C046,leave_one_variant_out,R663H,16,D239N|D382Y|D778V|E497D|G741R|G768R|H251N|I457T|L781P|P710R|R249Q|R403Q|R453C|R719W|S782N|Y115H,R663H,,,Scaling recomputed in retained cohort; study deletion uses union of outcome sources.,0.234286885796,-0.0933898817913,estimated,estimated,,,1,1,"{""adp_adenine_ca_distance_8efe_A"":12.82877122402606}","{""delta_charge"":0.806225774829855}"
C046,leave_one_variant_out,R719W,16,D239N|D382Y|D778V|E497D|G741R|G768R|H251N|I457T|L781P|P710R|R249Q|R403Q|R453C|R663H|S782N|Y115H,R719W,,,Scaling recomputed in retained cohort; study deletion uses union of outcome sources.,0.311582600113,-0.0456465785968,estimated,estimated,,,1,1,"{""adp_adenine_ca_distance_8efe_A"":12.635366848408522}","{""delta_charge"":0.806225774829855}"
C046,leave_one_variant_out,S782N,16,D239N|D382Y|D778V|E497D|G741R|G768R|H251N|I457T|L781P|P710R|R249Q|R403Q|R453C|R663H|R719W|Y115H,S782N,,,Scaling recomputed in retained cohort; study deletion uses union of outcome sources.,0.28389393009,-0.0612907628377,estimated,estimated,,,1,1,"{""adp_adenine_ca_distance_8efe_A"":12.580435235473782}","{""delta_charge"":0.8539125638299665}"
C046,leave_one_variant_out,Y115H,16,D239N|D382Y|D778V|E497D|G741R|G768R|H251N|I457T|L781P|P710R|R249Q|R403Q|R453C|R663H|R719W|S782N,Y115H,,,Scaling recomputed in retained cohort; study deletion uses union of outcome sources.,0.243209778684,-0.0909045131637,estimated,estimated,,,1,1,"{""adp_adenine_ca_distance_8efe_A"":11.342433980096077}","{""delta_charge"":0.8539125638299665}"
C047,leave_one_variant_out,D239N,14,D778V|E497D|G741R|G768R|H251N|I457T|L781P|R249Q|R403Q|R453C|R663H|R719W|S782N|Y115H,D239N,,,Scaling recomputed in retained cohort; study deletion uses union of outcome sources.,0.37705729094,-0.0275137488167,estimated,estimated,,,1,1,"{""adp_adenine_ca_distance_8efe_A"":12.213202731460333}","{""grantham_distance"":45.68724303155286}"
C047,leave_one_variant_out,D778V,14,D239N|E497D|G741R|G768R|H251N|I457T|L781P|R249Q|R403Q|R453C|R663H|R719W|S782N|Y115H,D778V,,,Scaling recomputed in retained cohort; study deletion uses union of outcome sources.,0.383623567655,-0.0325289482409,estimated,estimated,,,1,1,"{""adp_adenine_ca_distance_8efe_A"":13.288525750127853}","{""grantham_distance"":44.70710541653614}"
C047,leave_one_variant_out,E497D,14,D239N|D778V|G741R|G768R|H251N|I457T|L781P|R249Q|R403Q|R453C|R663H|R719W|S782N|Y115H,E497D,,,Scaling recomputed in retained cohort; study deletion uses union of outcome sources.,0.437895160872,0.0278191331053,estimated,estimated,,,1,1,"{""adp_adenine_ca_distance_8efe_A"":13.456456768568309}","{""grantham_distance"":47.604887088672676}"
C047,leave_one_variant_out,G741R,14,D239N|D778V|E497D|G768R|H251N|I457T|L781P|R249Q|R403Q|R453C|R663H|R719W|S782N|Y115H,G741R,,,Scaling recomputed in retained cohort; study deletion uses union of outcome sources.,0.39702697711,-0.0118002766451,estimated,estimated,,,1,1,"{""adp_adenine_ca_distance_8efe_A"":12.488536694666136}","{""grantham_distance"":47.37348681221652}"
C047,leave_one_variant_out,G768R,14,D239N|D778V|E497D|G741R|H251N|I457T|L781P|R249Q|R403Q|R453C|R663H|R719W|S782N|Y115H,G768R,,,Scaling recomputed in retained cohort; study deletion uses union of outcome sources.,0.394648290994,-0.0162139238719,estimated,estimated,,,1,1,"{""adp_adenine_ca_distance_8efe_A"":13.403857123369981}","{""grantham_distance"":47.37348681221652}"
C047,leave_one_variant_out,H251N,14,D239N|D778V|E497D|G741R|G768R|I457T|L781P|R249Q|R403Q|R453C|R663H|R719W|S782N|Y115H,H251N,,,Scaling recomputed in retained cohort; study deletion uses union of outcome sources.,0.40548430948,-0.0018108631148,estimated,estimated,,,1,1,"{""adp_adenine_ca_distance_8efe_A"":13.263381756867894}","{""grantham_distance"":48.6616485947203}"
C047,leave_one_variant_out,I457T,14,D239N|D778V|E497D|G741R|G768R|H251N|L781P|R249Q|R403Q|R453C|R663H|R719W|S782N|Y115H,I457T,,,Scaling recomputed in retained cohort; study deletion uses union of outcome sources.,0.437721510286,0.0311978654086,estimated,estimated,,,1,1,"{""adp_adenine_ca_distance_8efe_A"":13.063576432001371}","{""grantham_distance"":48.83325519752716}"
C047,leave_one_variant_out,L781P,14,D239N|D778V|E497D|G741R|G768R|H251N|I457T|R249Q|R403Q|R453C|R663H|R719W|S782N|Y115H,L781P,,,Scaling recomputed in retained cohort; study deletion uses union of outcome sources.,0.407333341787,-0.00388315693984,estimated,estimated,,,1,1,"{""adp_adenine_ca_distance_8efe_A"":13.0707717302318}","{""grantham_distance"":48.6785825143296}"
C047,leave_one_variant_out,R249Q,14,D239N|D778V|E497D|G741R|G768R|H251N|I457T|L781P|R403Q|R453C|R663H|R719W|S782N|Y115H,R249Q,,,Scaling recomputed in retained cohort; study deletion uses union of outcome sources.,0.400659031517,-0.0218384059573,estimated,estimated,,,1,1,"{""adp_adenine_ca_distance_8efe_A"":13.002624924111485}","{""grantham_distance"":47.46849736149483}"
C047,leave_one_variant_out,R403Q,14,D239N|D778V|E497D|G741R|G768R|H251N|I457T|L781P|R249Q|R453C|R663H|R719W|S782N|Y115H,R403Q,,,Scaling recomputed in retained cohort; study deletion uses union of outcome sources.,0.512700733745,0.117805849429,estimated,estimated,,,1,1,"{""adp_adenine_ca_distance_8efe_A"":12.332968246977048}","{""grantham_distance"":47.46849736149483}"
C047,leave_one_variant_out,R453C,14,D239N|D778V|E497D|G741R|G768R|H251N|I457T|L781P|R249Q|R403Q|R663H|R719W|S782N|Y115H,R453C,,,Scaling recomputed in retained cohort; study deletion uses union of outcome sources.,0.465009171095,0.0591839516416,estimated,estimated,,,1,1,"{""adp_adenine_ca_distance_8efe_A"":13.43197720319489}","{""grantham_distance"":40.2142613159413}"
C047,leave_one_variant_out,R663H,14,D239N|D778V|E497D|G741R|G768R|H251N|I457T|L781P|R249Q|R403Q|R453C|R719W|S782N|Y115H,R663H,,,Scaling recomputed in retained cohort; study deletion uses union of outcome sources.,0.415279018154,-0.00223306767918,estimated,estimated,,,1,1,"{""adp_adenine_ca_distance_8efe_A"":13.388807617352228}","{""grantham_distance"":46.303644268323765}"
C047,leave_one_variant_out,R719W,14,D239N|D778V|E497D|G741R|G768R|H251N|I457T|L781P|R249Q|R403Q|R453C|R663H|S782N|Y115H,R719W,,,Scaling recomputed in retained cohort; study deletion uses union of outcome sources.,0.400510935425,-0.0105608715142,estimated,estimated,,,1,1,"{""adp_adenine_ca_distance_8efe_A"":13.109824898585206}","{""grantham_distance"":48.596397912910064}"
C047,leave_one_variant_out,S782N,14,D239N|D778V|E497D|G741R|G768R|H251N|I457T|L781P|R249Q|R403Q|R453C|R663H|R719W|Y115H,S782N,,,Scaling recomputed in retained cohort; study deletion uses union of outcome sources.,0.491163111001,0.0877660535869,estimated,estimated,,,1,1,"{""adp_adenine_ca_distance_8efe_A"":13.044280763473818}","{""grantham_distance"":47.670342336315755}"
C047,leave_one_variant_out,Y115H,14,D239N|D778V|E497D|G741R|G768R|H251N|I457T|L781P|R249Q|R403Q|R453C|R663H|R719W|S782N,Y115H,,,Scaling recomputed in retained cohort; study deletion uses union of outcome sources.,0.437401023061,0.0227795418288,estimated,estimated,,,1,1,"{""adp_adenine_ca_distance_8efe_A"":11.806603781858914}","{""grantham_distance"":48.86025149161817}"
C048,leave_one_variant_out,D239N,14,D778V|E497D|G741R|G768R|H251N|I457T|L781P|R249Q|R403Q|R453C|R663H|R719W|S782N|Y115H,D239N,,,Scaling recomputed in retained cohort; study deletion uses union of outcome sources.,0.966356206209,0.946428119919,estimated,estimated,,,1,1,"{""adp_adenine_ca_distance_8efe_A"":12.213202731460333}","{""catalytic_motif_min_ca_distance_8act_mean_ab"":11.645361436204254}"
C048,leave_one_variant_out,D778V,14,D239N|E497D|G741R|G768R|H251N|I457T|L781P|R249Q|R403Q|R453C|R663H|R719W|S782N|Y115H,D778V,,,Scaling recomputed in retained cohort; study deletion uses union of outcome sources.,0.967559199185,0.94076202064,estimated,estimated,,,1,1,"{""adp_adenine_ca_distance_8efe_A"":13.288525750127853}","{""catalytic_motif_min_ca_distance_8act_mean_ab"":13.264754613764373}"
C048,leave_one_variant_out,E497D,14,D239N|D778V|G741R|G768R|H251N|I457T|L781P|R249Q|R403Q|R453C|R663H|R719W|S782N|Y115H,E497D,,,Scaling recomputed in retained cohort; study deletion uses union of outcome sources.,0.968284858181,0.941737842855,estimated,estimated,,,1,1,"{""adp_adenine_ca_distance_8efe_A"":13.456456768568309}","{""catalytic_motif_min_ca_distance_8act_mean_ab"":13.588512760974751}"
C048,leave_one_variant_out,G741R,14,D239N|D778V|E497D|G768R|H251N|I457T|L781P|R249Q|R403Q|R453C|R663H|R719W|S782N|Y115H,G741R,,,Scaling recomputed in retained cohort; study deletion uses union of outcome sources.,0.968427121615,0.95005568125,estimated,estimated,,,1,1,"{""adp_adenine_ca_distance_8efe_A"":12.488536694666136}","{""catalytic_motif_min_ca_distance_8act_mean_ab"":12.454417110827512}"
C048,leave_one_variant_out,G768R,14,D239N|D778V|E497D|G741R|H251N|I457T|L781P|R249Q|R403Q|R453C|R663H|R719W|S782N|Y115H,G768R,,,Scaling recomputed in retained cohort; study deletion uses union of outcome sources.,0.967780711102,0.940732133697,estimated,estimated,,,1,1,"{""adp_adenine_ca_distance_8efe_A"":13.403857123369981}","{""catalytic_motif_min_ca_distance_8act_mean_ab"":13.568608264710335}"
C048,leave_one_variant_out,H251N,14,D239N|D778V|E497D|G741R|G768R|I457T|L781P|R249Q|R403Q|R453C|R663H|R719W|S782N|Y115H,H251N,,,Scaling recomputed in retained cohort; study deletion uses union of outcome sources.,0.965124904687,0.934354892691,estimated,estimated,,,1,1,"{""adp_adenine_ca_distance_8efe_A"":13.263381756867894}","{""catalytic_motif_min_ca_distance_8act_mean_ab"":13.38240167339549}"
C048,leave_one_variant_out,I457T,14,D239N|D778V|E497D|G741R|G768R|H251N|L781P|R249Q|R403Q|R453C|R663H|R719W|S782N|Y115H,I457T,,,Scaling recomputed in retained cohort; study deletion uses union of outcome sources.,0.963214075661,0.930028529271,estimated,estimated,,,1,1,"{""adp_adenine_ca_distance_8efe_A"":13.063576432001371}","{""catalytic_motif_min_ca_distance_8act_mean_ab"":13.209195239482705}"
C048,leave_one_variant_out,L781P,14,D239N|D778V|E497D|G741R|G768R|H251N|I457T|R249Q|R403Q|R453C|R663H|R719W|S782N|Y115H,L781P,,,Scaling recomputed in retained cohort; study deletion uses union of outcome sources.,0.964247029802,0.933875816063,estimated,estimated,,,1,1,"{""adp_adenine_ca_distance_8efe_A"":13.0707717302318}","{""catalytic_motif_min_ca_distance_8act_mean_ab"":12.941018281943757}"
C048,leave_one_variant_out,R249Q,14,D239N|D778V|E497D|G741R|G768R|H251N|I457T|L781P|R403Q|R453C|R663H|R719W|S782N|Y115H,R249Q,,,Scaling recomputed in retained cohort; study deletion uses union of outcome sources.,0.962459342111,0.928705824751,estimated,estimated,,,1,1,"{""adp_adenine_ca_distance_8efe_A"":13.002624924111485}","{""catalytic_motif_min_ca_distance_8act_mean_ab"":12.924901809276607}"
C048,leave_one_variant_out,R403Q,14,D239N|D778V|E497D|G741R|G768R|H251N|I457T|L781P|R249Q|R453C|R663H|R719W|S782N|Y115H,R403Q,,,Scaling recomputed in retained cohort; study deletion uses union of outcome sources.,0.97633617722,0.957158506083,estimated,estimated,,,1,1,"{""adp_adenine_ca_distance_8efe_A"":12.332968246977048}","{""catalytic_motif_min_ca_distance_8act_mean_ab"":13.34443958389905}"
C048,leave_one_variant_out,R453C,14,D239N|D778V|E497D|G741R|G768R|H251N|I457T|L781P|R249Q|R403Q|R663H|R719W|S782N|Y115H,R453C,,,Scaling recomputed in retained cohort; study deletion uses union of outcome sources.,0.967260026446,0.939417168923,estimated,estimated,,,1,1,"{""adp_adenine_ca_distance_8efe_A"":13.43197720319489}","{""catalytic_motif_min_ca_distance_8act_mean_ab"":13.56891771354264}"
C048,leave_one_variant_out,R663H,14,D239N|D778V|E497D|G741R|G768R|H251N|I457T|L781P|R249Q|R403Q|R453C|R719W|S782N|Y115H,R663H,,,Scaling recomputed in retained cohort; study deletion uses union of outcome sources.,0.969524274943,0.944541310045,estimated,estimated,,,1,1,"{""adp_adenine_ca_distance_8efe_A"":13.388807617352228}","{""catalytic_motif_min_ca_distance_8act_mean_ab"":13.394598528808615}"
C048,leave_one_variant_out,R719W,14,D239N|D778V|E497D|G741R|G768R|H251N|I457T|L781P|R249Q|R403Q|R453C|R663H|S782N|Y115H,R719W,,,Scaling recomputed in retained cohort; study deletion uses union of outcome sources.,0.964150094581,0.933448344398,estimated,estimated,,,1,1,"{""adp_adenine_ca_distance_8efe_A"":13.109824898585206}","{""catalytic_motif_min_ca_distance_8act_mean_ab"":13.032242182824518}"
C048,leave_one_variant_out,S782N,14,D239N|D778V|E497D|G741R|G768R|H251N|I457T|L781P|R249Q|R403Q|R453C|R663H|R719W|Y115H,S782N,,,Scaling recomputed in retained cohort; study deletion uses union of outcome sources.,0.963805427109,0.933120357787,estimated,estimated,,,1,1,"{""adp_adenine_ca_distance_8efe_A"":13.044280763473818}","{""catalytic_motif_min_ca_distance_8act_mean_ab"":12.953090919489611}"
C048,leave_one_variant_out,Y115H,14,D239N|D778V|E497D|G741R|G768R|H251N|I457T|L781P|R249Q|R403Q|R453C|R663H|R719W|S782N,Y115H,,,Scaling recomputed in retained cohort; study deletion uses union of outcome sources.,0.975412799339,0.947573227639,estimated,estimated,,,1,1,"{""adp_adenine_ca_distance_8efe_A"":11.806603781858914}","{""catalytic_motif_min_ca_distance_8act_mean_ab"":13.120416373125508}"
C049,leave_one_variant_out,D382Y,13,D778V|E497D|G768R|H251N|I457T|L781P|P710R|R249Q|R403Q|R663H|R719W|S782N|Y115H,D382Y,,,Scaling recomputed in retained cohort; study deletion uses union of outcome sources.,0.494136722918,0.0949634237536,estimated,estimated,,,1,1,"{""adp_adenine_ca_distance_8efe_A"":11.740297819413163}","{""wt_site_rsa_8act_mean_ab"":0.198688354626786}"
C049,leave_one_variant_out,D778V,13,D382Y|E497D|G768R|H251N|I457T|L781P|P710R|R249Q|R403Q|R663H|R719W|S782N|Y115H,D778V,,,Scaling recomputed in retained cohort; study deletion uses union of outcome sources.,0.484205790411,0.0888976534391,estimated,estimated,,,1,1,"{""adp_adenine_ca_distance_8efe_A"":12.062506554858139}","{""wt_site_rsa_8act_mean_ab"":0.196765001908954}"
C049,leave_one_variant_out,E497D,13,D382Y|D778V|G768R|H251N|I457T|L781P|P710R|R249Q|R403Q|R663H|R719W|S782N|Y115H,E497D,,,Scaling recomputed in retained cohort; study deletion uses union of outcome sources.,0.517324845997,0.119265289553,estimated,estimated,,,1,1,"{""adp_adenine_ca_distance_8efe_A"":12.200225932751755}","{""wt_site_rsa_8act_mean_ab"":0.19450424711803038}"
C049,leave_one_variant_out,G768R,13,D382Y|D778V|E497D|H251N|I457T|L781P|P710R|R249Q|R403Q|R663H|R719W|S782N|Y115H,G768R,,,Scaling recomputed in retained cohort; study deletion uses union of outcome sources.,0.558601029592,0.170822661712,estimated,estimated,,,1,1,"{""adp_adenine_ca_distance_8efe_A"":12.172904041207456}","{""wt_site_rsa_8act_mean_ab"":0.1607953827145395}"
C049,leave_one_variant_out,H251N,13,D382Y|D778V|E497D|G768R|I457T|L781P|P710R|R249Q|R403Q|R663H|R719W|S782N|Y115H,H251N,,,Scaling recomputed in retained cohort; study deletion uses union of outcome sources.,0.50222433114,0.0857837623691,estimated,estimated,,,1,1,"{""adp_adenine_ca_distance_8efe_A"":11.898948537262802}","{""wt_site_rsa_8act_mean_ab"":0.19495928934162882}"
C049,leave_one_variant_out,I457T,13,D382Y|D778V|E497D|G768R|H251N|L781P|P710R|R249Q|R403Q|R663H|R719W|S782N|Y115H,I457T,,,Scaling recomputed in retained cohort; study deletion uses union of outcome sources.,0.458372453064,0.0257047189902,estimated,estimated,,,1,1,"{""adp_adenine_ca_distance_8efe_A"":11.625906426304526}","{""wt_site_rsa_8act_mean_ab"":0.18710353328024085}"
C049,leave_one_variant_out,L781P,13,D382Y|D778V|E497D|G768R|H251N|I457T|P710R|R249Q|R403Q|R663H|R719W|S782N|Y115H,L781P,,,Scaling recomputed in retained cohort; study deletion uses union of outcome sources.,0.527197997972,0.136890266416,estimated,estimated,,,1,1,"{""adp_adenine_ca_distance_8efe_A"":11.833795590766137}","{""wt_site_rsa_8act_mean_ab"":0.19757029856236055}"
C049,leave_one_variant_out,P710R,13,D382Y|D778V|E497D|G768R|H251N|I457T|L781P|R249Q|R403Q|R663H|R719W|S782N|Y115H,P710R,,,Scaling recomputed in retained cohort; study deletion uses union of outcome sources.,0.513970818228,0.115447032378,estimated,estimated,,,1,1,"{""adp_adenine_ca_distance_8efe_A"":12.187148564542092}","{""wt_site_rsa_8act_mean_ab"":0.19580099644776644}"
C049,leave_one_variant_out,R249Q,13,D382Y|D778V|E497D|G768R|H251N|I457T|L781P|P710R|R403Q|R663H|R719W|S782N|Y115H,R249Q,,,Scaling recomputed in retained cohort; study deletion uses union of outcome sources.,0.569387133524,0.192617517702,estimated,estimated,,,1,1,"{""adp_adenine_ca_distance_8efe_A"":11.543791649735283}","{""wt_site_rsa_8act_mean_ab"":0.19863884597831977}"
C049,leave_one_variant_out,R403Q,13,D382Y|D778V|E497D|G768R|H251N|I457T|L781P|P710R|R249Q|R663H|R719W|S782N|Y115H,R403Q,,,Scaling recomputed in retained cohort; study deletion uses union of outcome sources.,0.511056060215,0.114079973822,estimated,estimated,,,1,1,"{""adp_adenine_ca_distance_8efe_A"":11.009887908348919}","{""wt_site_rsa_8act_mean_ab"":0.19834988870941664}"
C049,leave_one_variant_out,R663H,13,D382Y|D778V|E497D|G768R|H251N|I457T|L781P|P710R|R249Q|R403Q|R719W|S782N|Y115H,R663H,,,Scaling recomputed in retained cohort; study deletion uses union of outcome sources.,0.628893215489,0.323212776838,estimated,estimated,,,1,1,"{""adp_adenine_ca_distance_8efe_A"":12.078764238835477}","{""wt_site_rsa_8act_mean_ab"":0.1617066502134837}"
C049,leave_one_variant_out,R719W,13,D382Y|D778V|E497D|G768R|H251N|I457T|L781P|P710R|R249Q|R403Q|R663H|S782N|Y115H,R719W,,,Scaling recomputed in retained cohort; study deletion uses union of outcome sources.,0.52003539661,0.12723585756,estimated,estimated,,,1,1,"{""adp_adenine_ca_distance_8efe_A"":11.875722416283523}","{""wt_site_rsa_8act_mean_ab"":0.1978375266924932}"
C049,leave_one_variant_out,S782N,13,D382Y|D778V|E497D|G768R|H251N|I457T|L781P|P710R|R249Q|R403Q|R663H|R719W|Y115H,S782N,,,Scaling recomputed in retained cohort; study deletion uses union of outcome sources.,0.488596914568,0.0957614062536,estimated,estimated,,,1,1,"{""adp_adenine_ca_distance_8efe_A"":11.805199979837951}","{""wt_site_rsa_8act_mean_ab"":0.19548957084614374}"
C049,leave_one_variant_out,Y115H,13,D382Y|D778V|E497D|G768R|H251N|I457T|L781P|P710R|R249Q|R403Q|R663H|R719W|S782N,Y115H,,,Scaling recomputed in retained cohort; study deletion uses union of outcome sources.,0.437972592765,0.0262895092514,estimated,estimated,,,1,1,"{""adp_adenine_ca_distance_8efe_A"":9.938553882583191}","{""wt_site_rsa_8act_mean_ab"":0.18894705993406938}"
C050,leave_one_variant_out,D382Y,13,D778V|E497D|G768R|H251N|I457T|L781P|P710R|R249Q|R403Q|R663H|R719W|S782N|Y115H,D382Y,,,Scaling recomputed in retained cohort; study deletion uses union of outcome sources.,0.501579918974,,estimated,zero_u_distance_variance,,,1,1,"{""adp_adenine_ca_distance_8efe_A"":11.740297819413163}","{""ihm_interface_flag_8act"":0.2773500981126146}"
C050,leave_one_variant_out,D778V,13,D382Y|E497D|G768R|H251N|I457T|L781P|P710R|R249Q|R403Q|R663H|R719W|S782N|Y115H,D778V,,,Scaling recomputed in retained cohort; study deletion uses union of outcome sources.,0.556414546942,0.215372545888,estimated,estimated,,,1,1,"{""adp_adenine_ca_distance_8efe_A"":12.062506554858139}","{""ihm_interface_flag_8act"":0.37553380809940534}"
C050,leave_one_variant_out,E497D,13,D382Y|D778V|G768R|H251N|I457T|L781P|P710R|R249Q|R403Q|R663H|R719W|S782N|Y115H,E497D,,,Scaling recomputed in retained cohort; study deletion uses union of outcome sources.,0.526468681158,0.186435900109,estimated,estimated,,,1,1,"{""adp_adenine_ca_distance_8efe_A"":12.200225932751755}","{""ihm_interface_flag_8act"":0.37553380809940534}"
C050,leave_one_variant_out,G768R,13,D382Y|D778V|E497D|H251N|I457T|L781P|P710R|R249Q|R403Q|R663H|R719W|S782N|Y115H,G768R,,,Scaling recomputed in retained cohort; study deletion uses union of outcome sources.,0.53931925647,0.198394888114,estimated,estimated,,,1,1,"{""adp_adenine_ca_distance_8efe_A"":12.172904041207456}","{""ihm_interface_flag_8act"":0.37553380809940534}"
C050,leave_one_variant_out,H251N,13,D382Y|D778V|E497D|G768R|I457T|L781P|P710R|R249Q|R403Q|R663H|R719W|S782N|Y115H,H251N,,,Scaling recomputed in retained cohort; study deletion uses union of outcome sources.,0.52663547345,0.188155294936,estimated,estimated,,,1,1,"{""adp_adenine_ca_distance_8efe_A"":11.898948537262802}","{""ihm_interface_flag_8act"":0.37553380809940534}"
C050,leave_one_variant_out,I457T,13,D382Y|D778V|E497D|G768R|H251N|L781P|P710R|R249Q|R403Q|R663H|R719W|S782N|Y115H,I457T,,,Scaling recomputed in retained cohort; study deletion uses union of outcome sources.,0.534049901271,0.195930681086,estimated,estimated,,,1,1,"{""adp_adenine_ca_distance_8efe_A"":11.625906426304526}","{""ihm_interface_flag_8act"":0.37553380809940534}"
C050,leave_one_variant_out,L781P,13,D382Y|D778V|E497D|G768R|H251N|I457T|P710R|R249Q|R403Q|R663H|R719W|S782N|Y115H,L781P,,,Scaling recomputed in retained cohort; study deletion uses union of outcome sources.,0.584269234062,0.245160934479,estimated,estimated,,,1,1,"{""adp_adenine_ca_distance_8efe_A"":11.833795590766137}","{""ihm_interface_flag_8act"":0.37553380809940534}"
C050,leave_one_variant_out,P710R,13,D382Y|D778V|E497D|G768R|H251N|I457T|L781P|R249Q|R403Q|R663H|R719W|S782N|Y115H,P710R,,,Scaling recomputed in retained cohort; study deletion uses union of outcome sources.,0.524769225028,0.184974256368,estimated,estimated,,,1,1,"{""adp_adenine_ca_distance_8efe_A"":12.187148564542092}","{""ihm_interface_flag_8act"":0.37553380809940534}"
C050,leave_one_variant_out,R249Q,13,D382Y|D778V|E497D|G768R|H251N|I457T|L781P|P710R|R403Q|R663H|R719W|S782N|Y115H,R249Q,,,Scaling recomputed in retained cohort; study deletion uses union of outcome sources.,0.535703885248,0.197433309337,estimated,estimated,,,1,1,"{""adp_adenine_ca_distance_8efe_A"":11.543791649735283}","{""ihm_interface_flag_8act"":0.37553380809940534}"
C050,leave_one_variant_out,R403Q,13,D382Y|D778V|E497D|G768R|H251N|I457T|L781P|P710R|R249Q|R663H|R719W|S782N|Y115H,R403Q,,,Scaling recomputed in retained cohort; study deletion uses union of outcome sources.,0.374363166358,,estimated,zero_u_distance_variance,,,1,1,"{""adp_adenine_ca_distance_8efe_A"":11.009887908348919}","{""ihm_interface_flag_8act"":0.2773500981126146}"
C050,leave_one_variant_out,R663H,13,D382Y|D778V|E497D|G768R|H251N|I457T|L781P|P710R|R249Q|R403Q|R719W|S782N|Y115H,R663H,,,Scaling recomputed in retained cohort; study deletion uses union of outcome sources.,0.523038446692,0.184006525455,estimated,estimated,,,1,1,"{""adp_adenine_ca_distance_8efe_A"":12.078764238835477}","{""ihm_interface_flag_8act"":0.37553380809940534}"
C050,leave_one_variant_out,R719W,13,D382Y|D778V|E497D|G768R|H251N|I457T|L781P|P710R|R249Q|R403Q|R663H|S782N|Y115H,R719W,,,Scaling recomputed in retained cohort; study deletion uses union of outcome sources.,0.579609677969,0.240026684139,estimated,estimated,,,1,1,"{""adp_adenine_ca_distance_8efe_A"":11.875722416283523}","{""ihm_interface_flag_8act"":0.37553380809940534}"
C050,leave_one_variant_out,S782N,13,D382Y|D778V|E497D|G768R|H251N|I457T|L781P|P710R|R249Q|R403Q|R663H|R719W|Y115H,S782N,,,Scaling recomputed in retained cohort; study deletion uses union of outcome sources.,0.58713325164,0.248290092585,estimated,estimated,,,1,1,"{""adp_adenine_ca_distance_8efe_A"":11.805199979837951}","{""ihm_interface_flag_8act"":0.37553380809940534}"
C050,leave_one_variant_out,Y115H,13,D382Y|D778V|E497D|G768R|H251N|I457T|L781P|P710R|R249Q|R403Q|R663H|R719W|S782N,Y115H,,,Scaling recomputed in retained cohort; study deletion uses union of outcome sources.,0.549886439889,0.197433309337,estimated,estimated,,,1,1,"{""adp_adenine_ca_distance_8efe_A"":9.938553882583191}","{""ihm_interface_flag_8act"":0.37553380809940534}"
C051,leave_one_variant_out,D239N,18,D382Y|D778V|E497D|G741R|G768R|H251N|I457T|I467V|L781P|M493I|P710R|R249Q|R403Q|R453C|R663H|R671C|R719W|Y115H,D239N,,,Scaling recomputed in retained cohort; study deletion uses union of outcome sources.,0.500476887414,0.056455850033,estimated,estimated,,,1,1,"{""rigor_actin_min_heavy_distance_8efi_A"":14.08711377018309}","{""relay_landmark_min_ca_distance_8act_mean_ab"":15.884357942226236}"
C051,leave_one_variant_out,D382Y,18,D239N|D778V|E497D|G741R|G768R|H251N|I457T|I467V|L781P|M493I|P710R|R249Q|R403Q|R453C|R663H|R671C|R719W|Y115H,D382Y,,,Scaling recomputed in retained cohort; study deletion uses union of outcome sources.,0.442466310234,-0.0743848734431,estimated,estimated,,,1,1,"{""rigor_actin_min_heavy_distance_8efi_A"":13.69136830728627}","{""relay_landmark_min_ca_distance_8act_mean_ab"":12.991020839152402}"
C051,leave_one_variant_out,D778V,18,D239N|D382Y|E497D|G741R|G768R|H251N|I457T|I467V|L781P|M493I|P710R|R249Q|R403Q|R453C|R663H|R671C|R719W|Y115H,D778V,,,Scaling recomputed in retained cohort; study deletion uses union of outcome sources.,0.50196828897,0.0610607330354,estimated,estimated,,,1,1,"{""rigor_actin_min_heavy_distance_8efi_A"":13.721073864561356}","{""relay_landmark_min_ca_distance_8act_mean_ab"":16.082286153992186}"
C051,leave_one_variant_out,E497D,18,D239N|D382Y|D778V|G741R|G768R|H251N|I457T|I467V|L781P|M493I|P710R|R249Q|R403Q|R453C|R663H|R671C|R719W|Y115H,E497D,,,Scaling recomputed in retained cohort; study deletion uses union of outcome sources.,0.505712242769,0.0569857390436,estimated,estimated,,,1,1,"{""rigor_actin_min_heavy_distance_8efi_A"":14.086788709704333}","{""relay_landmark_min_ca_distance_8act_mean_ab"":14.846284587861584}"
C051,leave_one_variant_out,G741R,18,D239N|D382Y|D778V|E497D|G768R|H251N|I457T|I467V|L781P|M493I|P710R|R249Q|R403Q|R453C|R663H|R671C|R719W|Y115H,G741R,,,Scaling recomputed in retained cohort; study deletion uses union of outcome sources.,0.495087919544,0.0322690316656,estimated,estimated,,,1,1,"{""rigor_actin_min_heavy_distance_8efi_A"":12.84279530916223}","{""relay_landmark_min_ca_distance_8act_mean_ab"":16.004718339509147}"
C051,leave_one_variant_out,G768R,18,D239N|D382Y|D778V|E497D|G741R|H251N|I457T|I467V|L781P|M493I|P710R|R249Q|R403Q|R453C|R663H|R671C|R719W|Y115H,G768R,,,Scaling recomputed in retained cohort; study deletion uses union of outcome sources.,0.482841895186,0.0400032079969,estimated,estimated,,,1,1,"{""rigor_actin_min_heavy_distance_8efi_A"":14.040297914834849}","{""relay_landmark_min_ca_distance_8act_mean_ab"":15.99278756568649}"
C051,leave_one_variant_out,H251N,18,D239N|D382Y|D778V|E497D|G741R|G768R|I457T|I467V|L781P|M493I|P710R|R249Q|R403Q|R453C|R663H|R671C|R719W|Y115H,H251N,,,Scaling recomputed in retained cohort; study deletion uses union of outcome sources.,0.494201304335,0.051922586755,estimated,estimated,,,1,1,"{""rigor_actin_min_heavy_distance_8efi_A"":14.07156045686799}","{""relay_landmark_min_ca_distance_8act_mean_ab"":16.088599738488572}"
C051,leave_one_variant_out,I457T,18,D239N|D382Y|D778V|E497D|G741R|G768R|H251N|I467V|L781P|M493I|P710R|R249Q|R403Q|R453C|R663H|R671C|R719W|Y115H,I457T,,,Scaling recomputed in retained cohort; study deletion uses union of outcome sources.,0.491838733816,0.0518249206438,estimated,estimated,,,1,1,"{""rigor_actin_min_heavy_distance_8efi_A"":14.084160389698852}","{""relay_landmark_min_ca_distance_8act_mean_ab"":16.08915526628265}"
C051,leave_one_variant_out,I467V,18,D239N|D382Y|D778V|E497D|G741R|G768R|H251N|I457T|L781P|M493I|P710R|R249Q|R403Q|R453C|R663H|R671C|R719W|Y115H,I467V,,,Scaling recomputed in retained cohort; study deletion uses union of outcome sources.,0.509704702387,0.0602842030956,estimated,estimated,,,1,1,"{""rigor_actin_min_heavy_distance_8efi_A"":13.801952316082744}","{""relay_landmark_min_ca_distance_8act_mean_ab"":16.100300419835285}"
C051,leave_one_variant_out,L781P,18,D239N|D382Y|D778V|E497D|G741R|G768R|H251N|I457T|I467V|M493I|P710R|R249Q|R403Q|R453C|R663H|R671C|R719W|Y115H,L781P,,,Scaling recomputed in retained cohort; study deletion uses union of outcome sources.,0.526376674503,0.0904818922969,estimated,estimated,,,1,1,"{""rigor_actin_min_heavy_distance_8efi_A"":13.334590733469359}","{""relay_landmark_min_ca_distance_8act_mean_ab"":16.034350989838682}"
C051,leave_one_variant_out,M493I,18,D239N|D382Y|D778V|E497D|G741R|G768R|H251N|I457T|I467V|L781P|P710R|R249Q|R403Q|R453C|R663H|R671C|R719W|Y115H,M493I,,,Scaling recomputed in retained cohort; study deletion uses union of outcome sources.,0.514068244424,0.068313813956,estimated,estimated,,,1,1,"{""rigor_actin_min_heavy_distance_8efi_A"":14.026841969789823}","{""relay_landmark_min_ca_distance_8act_mean_ab"":15.404229912075023}"
C051,leave_one_variant_out,P710R,18,D239N|D382Y|D778V|E497D|G741R|G768R|H251N|I457T|I467V|L781P|M493I|R249Q|R403Q|R453C|R663H|R671C|R719W|Y115H,P710R,,,Scaling recomputed in retained cohort; study deletion uses union of outcome sources.,0.494920111317,0.0528597883409,estimated,estimated,,,1,1,"{""rigor_actin_min_heavy_distance_8efi_A"":14.0039623515773}","{""relay_landmark_min_ca_distance_8act_mean_ab"":15.573735499862075}"
C051,leave_one_variant_out,R249Q,18,D239N|D382Y|D778V|E497D|G741R|G768R|H251N|I457T|I467V|L781P|M493I|P710R|R403Q|R453C|R663H|R671C|R719W|Y115H,R249Q,,,Scaling recomputed in retained cohort; study deletion uses union of outcome sources.,0.499471087271,0.0548666901003,estimated,estimated,,,1,1,"{""rigor_actin_min_heavy_distance_8efi_A"":13.983568692230063}","{""relay_landmark_min_ca_distance_8act_mean_ab"":16.10243201605887}"
C051,leave_one_variant_out,R403Q,18,D239N|D382Y|D778V|E497D|G741R|G768R|H251N|I457T|I467V|L781P|M493I|P710R|R249Q|R453C|R663H|R671C|R719W|Y115H,R403Q,,,Scaling recomputed in retained cohort; study deletion uses union of outcome sources.,0.353023409836,-0.066461097445,estimated,estimated,,,1,1,"{""rigor_actin_min_heavy_distance_8efi_A"":11.990633181392843}","{""relay_landmark_min_ca_distance_8act_mean_ab"":13.71161502016391}"
C051,leave_one_variant_out,R453C,18,D239N|D382Y|D778V|E497D|G741R|G768R|H251N|I457T|I467V|L781P|M493I|P710R|R249Q|R403Q|R663H|R671C|R719W|Y115H,R453C,,,Scaling recomputed in retained cohort; study deletion uses union of outcome sources.,0.49531230084,0.0531037595136,estimated,estimated,,,1,1,"{""rigor_actin_min_heavy_distance_8efi_A"":14.087907610264201}","{""relay_landmark_min_ca_distance_8act_mean_ab"":16.04331972153336}"
C051,leave_one_variant_out,R663H,18,D239N|D382Y|D778V|E497D|G741R|G768R|H251N|I457T|I467V|L781P|M493I|P710R|R249Q|R403Q|R453C|R671C|R719W|Y115H,R663H,,,Scaling recomputed in retained cohort; study deletion uses union of outcome sources.,0.555633660509,0.123462930962,estimated,estimated,,,1,1,"{""rigor_actin_min_heavy_distance_8efi_A"":13.350340191697986}","{""relay_landmark_min_ca_distance_8act_mean_ab"":15.836262745761674}"
C051,leave_one_variant_out,R671C,18,D239N|D382Y|D778V|E497D|G741R|G768R|H251N|I457T|I467V|L781P|M493I|P710R|R249Q|R403Q|R453C|R663H|R719W|Y115H,R671C,,,Scaling recomputed in retained cohort; study deletion uses union of outcome sources.,0.504049082747,0.0629505796948,estimated,estimated,,,1,1,"{""rigor_actin_min_heavy_distance_8efi_A"":14.045467290511843}","{""relay_landmark_min_ca_distance_8act_mean_ab"":16.020146614215463}"
C051,leave_one_variant_out,R719W,18,D239N|D382Y|D778V|E497D|G741R|G768R|H251N|I457T|I467V|L781P|M493I|P710R|R249Q|R403Q|R453C|R663H|R671C|Y115H,R719W,,,Scaling recomputed in retained cohort; study deletion uses union of outcome sources.,0.494733329488,0.031623018357,estimated,estimated,,,1,1,"{""rigor_actin_min_heavy_distance_8efi_A"":12.88973136882818}","{""relay_landmark_min_ca_distance_8act_mean_ab"":16.014721891054787}"
C051,leave_one_variant_out,Y115H,18,D239N|D382Y|D778V|E497D|G741R|G768R|H251N|I457T|I467V|L781P|M493I|P710R|R249Q|R403Q|R453C|R663H|R671C|R719W,Y115H,,,Scaling recomputed in retained cohort; study deletion uses union of outcome sources.,0.49094140824,0.04972505245,estimated,estimated,,,1,1,"{""rigor_actin_min_heavy_distance_8efi_A"":13.849282606794084}","{""relay_landmark_min_ca_distance_8act_mean_ab"":16.10425828294957}"
C052,leave_one_variant_out,D239N,18,D382Y|D778V|E497D|G741R|G768R|H251N|I457T|I467V|L781P|M493I|P710R|R249Q|R403Q|R453C|R663H|R671C|R719W|Y115H,D239N,,,Scaling recomputed in retained cohort; study deletion uses union of outcome sources.,0.730468866585,0.43295990273,estimated,estimated,,,1,1,"{""rigor_actin_min_heavy_distance_8efi_A"":14.08711377018309}","{""elc_min_heavy_distance_8act_mean_ab"":16.187001879444033}"
C052,leave_one_variant_out,D382Y,18,D239N|D778V|E497D|G741R|G768R|H251N|I457T|I467V|L781P|M493I|P710R|R249Q|R403Q|R453C|R663H|R671C|R719W|Y115H,D382Y,,,Scaling recomputed in retained cohort; study deletion uses union of outcome sources.,0.694168769833,0.327082244096,estimated,estimated,,,1,1,"{""rigor_actin_min_heavy_distance_8efi_A"":13.69136830728627}","{""elc_min_heavy_distance_8act_mean_ab"":14.128071992238045}"
C052,leave_one_variant_out,D778V,18,D239N|D382Y|E497D|G741R|G768R|H251N|I457T|I467V|L781P|M493I|P710R|R249Q|R403Q|R453C|R663H|R671C|R719W|Y115H,D778V,,,Scaling recomputed in retained cohort; study deletion uses union of outcome sources.,0.686353521542,0.347316664036,estimated,estimated,,,1,1,"{""rigor_actin_min_heavy_distance_8efi_A"":13.721073864561356}","{""elc_min_heavy_distance_8act_mean_ab"":16.103098643143753}"
C052,leave_one_variant_out,E497D,18,D239N|D382Y|D778V|G741R|G768R|H251N|I457T|I467V|L781P|M493I|P710R|R249Q|R403Q|R453C|R663H|R671C|R719W|Y115H,E497D,,,Scaling recomputed in retained cohort; study deletion uses union of outcome sources.,0.707181749923,0.39338041658,estimated,estimated,,,1,1,"{""rigor_actin_min_heavy_distance_8efi_A"":14.086788709704333}","{""elc_min_heavy_distance_8act_mean_ab"":16.65198659208309}"
C052,leave_one_variant_out,G741R,18,D239N|D382Y|D778V|E497D|G768R|H251N|I457T|I467V|L781P|M493I|P710R|R249Q|R403Q|R453C|R663H|R671C|R719W|Y115H,G741R,,,Scaling recomputed in retained cohort; study deletion uses union of outcome sources.,0.7180140608,0.394096915151,estimated,estimated,,,1,1,"{""rigor_actin_min_heavy_distance_8efi_A"":12.84279530916223}","{""elc_min_heavy_distance_8act_mean_ab"":16.455916995856267}"
C052,leave_one_variant_out,G768R,18,D239N|D382Y|D778V|E497D|G741R|H251N|I457T|I467V|L781P|M493I|P710R|R249Q|R403Q|R453C|R663H|R671C|R719W|Y115H,G768R,,,Scaling recomputed in retained cohort; study deletion uses union of outcome sources.,0.703259865149,0.387305518123,estimated,estimated,,,1,1,"{""rigor_actin_min_heavy_distance_8efi_A"":14.040297914834849}","{""elc_min_heavy_distance_8act_mean_ab"":16.597260190299874}"
C052,leave_one_variant_out,H251N,18,D239N|D382Y|D778V|E497D|G741R|G768R|I457T|I467V|L781P|M493I|P710R|R249Q|R403Q|R453C|R663H|R671C|R719W|Y115H,H251N,,,Scaling recomputed in retained cohort; study deletion uses union of outcome sources.,0.723905710823,0.421244464145,estimated,estimated,,,1,1,"{""rigor_actin_min_heavy_distance_8efi_A"":14.07156045686799}","{""elc_min_heavy_distance_8act_mean_ab"":16.496207268231736}"
C052,leave_one_variant_out,I457T,18,D239N|D382Y|D778V|E497D|G741R|G768R|H251N|I467V|L781P|M493I|P710R|R249Q|R403Q|R453C|R663H|R671C|R719W|Y115H,I457T,,,Scaling recomputed in retained cohort; study deletion uses union of outcome sources.,0.723361033769,0.419793984298,estimated,estimated,,,1,1,"{""rigor_actin_min_heavy_distance_8efi_A"":14.084160389698852}","{""elc_min_heavy_distance_8act_mean_ab"":16.447837811535102}"
C052,leave_one_variant_out,I467V,18,D239N|D382Y|D778V|E497D|G741R|G768R|H251N|I457T|L781P|M493I|P710R|R249Q|R403Q|R453C|R663H|R671C|R719W|Y115H,I467V,,,Scaling recomputed in retained cohort; study deletion uses union of outcome sources.,0.689908467704,0.344628287202,estimated,estimated,,,1,1,"{""rigor_actin_min_heavy_distance_8efi_A"":13.801952316082744}","{""elc_min_heavy_distance_8act_mean_ab"":15.879636946789974}"
C052,leave_one_variant_out,L781P,18,D239N|D382Y|D778V|E497D|G741R|G768R|H251N|I457T|I467V|M493I|P710R|R249Q|R403Q|R453C|R663H|R671C|R719W|Y115H,L781P,,,Scaling recomputed in retained cohort; study deletion uses union of outcome sources.,0.679300990872,0.335669688385,estimated,estimated,,,1,1,"{""rigor_actin_min_heavy_distance_8efi_A"":13.334590733469359}","{""elc_min_heavy_distance_8act_mean_ab"":15.922112820364484}"
C052,leave_one_variant_out,M493I,18,D239N|D382Y|D778V|E497D|G741R|G768R|H251N|I457T|I467V|L781P|P710R|R249Q|R403Q|R453C|R663H|R671C|R719W|Y115H,M493I,,,Scaling recomputed in retained cohort; study deletion uses union of outcome sources.,0.707540149389,0.391416285511,estimated,estimated,,,1,1,"{""rigor_actin_min_heavy_distance_8efi_A"":14.026841969789823}","{""elc_min_heavy_distance_8act_mean_ab"":16.651350281220324}"
C052,leave_one_variant_out,P710R,18,D239N|D382Y|D778V|E497D|G741R|G768R|H251N|I457T|I467V|L781P|M493I|R249Q|R403Q|R453C|R663H|R671C|R719W|Y115H,P710R,,,Scaling recomputed in retained cohort; study deletion uses union of outcome sources.,0.706601490519,0.393806828757,estimated,estimated,,,1,1,"{""rigor_actin_min_heavy_distance_8efi_A"":14.0039623515773}","{""elc_min_heavy_distance_8act_mean_ab"":16.62151719879395}"
C052,leave_one_variant_out,R249Q,18,D239N|D382Y|D778V|E497D|G741R|G768R|H251N|I457T|I467V|L781P|M493I|P710R|R403Q|R453C|R663H|R671C|R719W|Y115H,R249Q,,,Scaling recomputed in retained cohort; study deletion uses union of outcome sources.,0.722202335946,0.416991712838,estimated,estimated,,,1,1,"{""rigor_actin_min_heavy_distance_8efi_A"":13.983568692230063}","{""elc_min_heavy_distance_8act_mean_ab"":16.623100285898595}"
C052,leave_one_variant_out,R403Q,18,D239N|D382Y|D778V|E497D|G741R|G768R|H251N|I457T|I467V|L781P|M493I|P710R|R249Q|R453C|R663H|R671C|R719W|Y115H,R403Q,,,Scaling recomputed in retained cohort; study deletion uses union of outcome sources.,0.652557620517,0.336787484379,estimated,estimated,,,1,1,"{""rigor_actin_min_heavy_distance_8efi_A"":11.990633181392843}","{""elc_min_heavy_distance_8act_mean_ab"":13.965952733908694}"
C052,leave_one_variant_out,R453C,18,D239N|D382Y|D778V|E497D|G741R|G768R|H251N|I457T|I467V|L781P|M493I|P710R|R249Q|R403Q|R663H|R671C|R719W|Y115H,R453C,,,Scaling recomputed in retained cohort; study deletion uses union of outcome sources.,0.726592991228,0.425192817451,estimated,estimated,,,1,1,"{""rigor_actin_min_heavy_distance_8efi_A"":14.087907610264201}","{""elc_min_heavy_distance_8act_mean_ab"":16.35459825778898}"
C052,leave_one_variant_out,R663H,18,D239N|D382Y|D778V|E497D|G741R|G768R|H251N|I457T|I467V|L781P|M493I|P710R|R249Q|R403Q|R453C|R671C|R719W|Y115H,R663H,,,Scaling recomputed in retained cohort; study deletion uses union of outcome sources.,0.746263533069,0.449967340687,estimated,estimated,,,1,1,"{""rigor_actin_min_heavy_distance_8efi_A"":13.350340191697986}","{""elc_min_heavy_distance_8act_mean_ab"":16.647363504972677}"
C052,leave_one_variant_out,R671C,18,D239N|D382Y|D778V|E497D|G741R|G768R|H251N|I457T|I467V|L781P|M493I|P710R|R249Q|R403Q|R453C|R663H|R719W|Y115H,R671C,,,Scaling recomputed in retained cohort; study deletion uses union of outcome sources.,0.704441029491,0.386766954463,estimated,estimated,,,1,1,"{""rigor_actin_min_heavy_distance_8efi_A"":14.045467290511843}","{""elc_min_heavy_distance_8act_mean_ab"":16.637325566757244}"
C052,leave_one_variant_out,R719W,18,D239N|D382Y|D778V|E497D|G741R|G768R|H251N|I457T|I467V|L781P|M493I|P710R|R249Q|R403Q|R453C|R663H|R671C|Y115H,R719W,,,Scaling recomputed in retained cohort; study deletion uses union of outcome sources.,0.686549034517,0.34147280395,estimated,estimated,,,1,1,"{""rigor_actin_min_heavy_distance_8efi_A"":12.88973136882818}","{""elc_min_heavy_distance_8act_mean_ab"":16.11173307553581}"
C052,leave_one_variant_out,Y115H,18,D239N|D382Y|D778V|E497D|G741R|G768R|H251N|I457T|I467V|L781P|M493I|P710R|R249Q|R403Q|R453C|R663H|R671C|R719W,Y115H,,,Scaling recomputed in retained cohort; study deletion uses union of outcome sources.,0.73112411815,0.441565021709,estimated,estimated,,,1,1,"{""rigor_actin_min_heavy_distance_8efi_A"":13.849282606794084}","{""elc_min_heavy_distance_8act_mean_ab"":16.6522457197487}"
C053,leave_one_variant_out,D239N,15,D382Y|D778V|E497D|G741R|G768R|H251N|I457T|L781P|P710R|R249Q|R403Q|R453C|R663H|R719W|Y115H,D239N,,,Scaling recomputed in retained cohort; study deletion uses union of outcome sources.,0.438603304937,0.0348138747477,estimated,estimated,,,1,1,"{""rigor_actin_min_heavy_distance_8efi_A"":15.018853310099178}","{""delta_charge"":0.8451542547285166}"
C053,leave_one_variant_out,D382Y,15,D239N|D778V|E497D|G741R|G768R|H251N|I457T|L781P|P710R|R249Q|R403Q|R453C|R663H|R719W|Y115H,D382Y,,,Scaling recomputed in retained cohort; study deletion uses union of outcome sources.,0.509682471431,0.122846623121,estimated,estimated,,,1,1,"{""rigor_actin_min_heavy_distance_8efi_A"":14.479149337355157}","{""delta_charge"":0.8451542547285166}"
C053,leave_one_variant_out,D778V,15,D239N|D382Y|E497D|G741R|G768R|H251N|I457T|L781P|P710R|R249Q|R403Q|R453C|R663H|R719W|Y115H,D778V,,,Scaling recomputed in retained cohort; study deletion uses union of outcome sources.,0.379577544402,-0.0270034758147,estimated,estimated,,,1,1,"{""rigor_actin_min_heavy_distance_8efi_A"":14.69721963701959}","{""delta_charge"":0.8451542547285166}"
C053,leave_one_variant_out,E497D,15,D239N|D382Y|D778V|G741R|G768R|H251N|I457T|L781P|P710R|R249Q|R403Q|R453C|R663H|R719W|Y115H,E497D,,,Scaling recomputed in retained cohort; study deletion uses union of outcome sources.,0.403035043714,0.00593791065387,estimated,estimated,,,1,1,"{""rigor_actin_min_heavy_distance_8efi_A"":15.018145794941324}","{""delta_charge"":0.8837151016885368}"
C053,leave_one_variant_out,G741R,15,D239N|D382Y|D778V|E497D|G768R|H251N|I457T|L781P|P710R|R249Q|R403Q|R453C|R663H|R719W|Y115H,G741R,,,Scaling recomputed in retained cohort; study deletion uses union of outcome sources.,0.413202611727,0.00423689226837,estimated,estimated,,,1,1,"{""rigor_actin_min_heavy_distance_8efi_A"":13.765926060037577}","{""delta_charge"":0.8451542547285166}"
C053,leave_one_variant_out,G768R,15,D239N|D382Y|D778V|E497D|G741R|H251N|I457T|L781P|P710R|R249Q|R403Q|R453C|R663H|R719W|Y115H,G768R,,,Scaling recomputed in retained cohort; study deletion uses union of outcome sources.,0.387319112662,-0.016351235939,estimated,estimated,,,1,1,"{""rigor_actin_min_heavy_distance_8efi_A"":15.007970043251534}","{""delta_charge"":0.8451542547285166}"
C053,leave_one_variant_out,H251N,15,D239N|D382Y|D778V|E497D|G741R|G768R|I457T|L781P|P710R|R249Q|R403Q|R453C|R663H|R719W|Y115H,H251N,,,Scaling recomputed in retained cohort; study deletion uses union of outcome sources.,0.404785502578,0.00731178621564,estimated,estimated,,,1,1,"{""rigor_actin_min_heavy_distance_8efi_A"":14.990327509397904}","{""delta_charge"":0.8837151016885368}"
C053,leave_one_variant_out,I457T,15,D239N|D382Y|D778V|E497D|G741R|G768R|H251N|L781P|P710R|R249Q|R403Q|R453C|R663H|R719W|Y115H,I457T,,,Scaling recomputed in retained cohort; study deletion uses union of outcome sources.,0.403019560049,0.0058051420052,estimated,estimated,,,1,1,"{""rigor_actin_min_heavy_distance_8efi_A"":15.01274054641278}","{""delta_charge"":0.8837151016885368}"
C053,leave_one_variant_out,L781P,15,D239N|D382Y|D778V|E497D|G741R|G768R|H251N|I457T|P710R|R249Q|R403Q|R453C|R663H|R719W|Y115H,L781P,,,Scaling recomputed in retained cohort; study deletion uses union of outcome sources.,0.431036464125,0.0252362584649,estimated,estimated,,,1,1,"{""rigor_actin_min_heavy_distance_8efi_A"":14.29264884616204}","{""delta_charge"":0.8837151016885368}"
C053,leave_one_variant_out,P710R,15,D239N|D382Y|D778V|E497D|G741R|G768R|H251N|I457T|L781P|R249Q|R403Q|R453C|R663H|R719W|Y115H,P710R,,,Scaling recomputed in retained cohort; study deletion uses union of outcome sources.,0.381139142187,-0.0226344795708,estimated,estimated,,,1,1,"{""rigor_actin_min_heavy_distance_8efi_A"":14.97629162180078}","{""delta_charge"":0.8451542547285166}"
C053,leave_one_variant_out,R249Q,15,D239N|D382Y|D778V|E497D|G741R|G768R|H251N|I457T|L781P|P710R|R403Q|R453C|R663H|R719W|Y115H,R249Q,,,Scaling recomputed in retained cohort; study deletion uses union of outcome sources.,0.387689202318,-0.034085915642,estimated,estimated,,,1,1,"{""rigor_actin_min_heavy_distance_8efi_A"":14.861778462724816}","{""delta_charge"":0.8338093878327919}"
C053,leave_one_variant_out,R403Q,15,D239N|D382Y|D778V|E497D|G741R|G768R|H251N|I457T|L781P|P710R|R249Q|R453C|R663H|R719W|Y115H,R403Q,,,Scaling recomputed in retained cohort; study deletion uses union of outcome sources.,0.304871437451,-0.0845749122197,estimated,estimated,,,1,1,"{""rigor_actin_min_heavy_distance_8efi_A"":12.35791487425307}","{""delta_charge"":0.8338093878327919}"
C053,leave_one_variant_out,R453C,15,D239N|D382Y|D778V|E497D|G741R|G768R|H251N|I457T|L781P|P710R|R249Q|R403Q|R663H|R719W|Y115H,R453C,,,Scaling recomputed in retained cohort; study deletion uses union of outcome sources.,0.430863770965,0.0104370807934,estimated,estimated,,,1,1,"{""rigor_actin_min_heavy_distance_8efi_A"":15.02063181144458}","{""delta_charge"":0.8338093878327919}"
C053,leave_one_variant_out,R663H,15,D239N|D382Y|D778V|E497D|G741R|G768R|H251N|I457T|L781P|P710R|R249Q|R403Q|R453C|R719W|Y115H,R663H,,,Scaling recomputed in retained cohort; study deletion uses union of outcome sources.,0.334002525767,-0.0845749122197,estimated,estimated,,,1,1,"{""rigor_actin_min_heavy_distance_8efi_A"":14.048741882875571}","{""delta_charge"":0.8338093878327919}"
C053,leave_one_variant_out,R719W,15,D239N|D382Y|D778V|E497D|G741R|G768R|H251N|I457T|L781P|P710R|R249Q|R403Q|R453C|R663H|Y115H,R719W,,,Scaling recomputed in retained cohort; study deletion uses union of outcome sources.,0.551972423433,0.172992841582,estimated,estimated,,,1,1,"{""rigor_actin_min_heavy_distance_8efi_A"":13.816536958462347}","{""delta_charge"":0.8338093878327919}"
C053,leave_one_variant_out,Y115H,15,D239N|D382Y|D778V|E497D|G741R|G768R|H251N|I457T|L781P|P710R|R249Q|R403Q|R453C|R663H|R719W,Y115H,,,Scaling recomputed in retained cohort; study deletion uses union of outcome sources.,0.412212639177,0.0143265805748,estimated,estimated,,,1,1,"{""rigor_actin_min_heavy_distance_8efi_A"":14.827264737735769}","{""delta_charge"":0.8837151016885368}"
C054,leave_one_variant_out,D239N,13,D778V|E497D|G741R|G768R|H251N|I457T|L781P|R249Q|R403Q|R453C|R663H|R719W|Y115H,D239N,,,Scaling recomputed in retained cohort; study deletion uses union of outcome sources.,0.698756869455,0.405753110619,estimated,estimated,,,1,1,"{""rigor_actin_min_heavy_distance_8efi_A"":15.558212077924221}","{""grantham_distance"":45.88726430765976}"
C054,leave_one_variant_out,D778V,13,D239N|E497D|G741R|G768R|H251N|I457T|L781P|R249Q|R403Q|R453C|R663H|R719W|Y115H,D778V,,,Scaling recomputed in retained cohort; study deletion uses union of outcome sources.,0.67656298092,0.401545576011,estimated,estimated,,,1,1,"{""rigor_actin_min_heavy_distance_8efi_A"":15.251145639725484}","{""grantham_distance"":45.50725498654315}"
C054,leave_one_variant_out,E497D,13,D239N|D778V|G741R|G768R|H251N|I457T|L781P|R249Q|R403Q|R453C|R663H|R719W|Y115H,E497D,,,Scaling recomputed in retained cohort; study deletion uses union of outcome sources.,0.68915565667,0.3945434336,estimated,estimated,,,1,1,"{""rigor_actin_min_heavy_distance_8efi_A"":15.557210341227293}","{""grantham_distance"":48.07259467695039}"
C054,leave_one_variant_out,G741R,13,D239N|D778V|E497D|G768R|H251N|I457T|L781P|R249Q|R403Q|R453C|R663H|R719W|Y115H,G741R,,,Scaling recomputed in retained cohort; study deletion uses union of outcome sources.,0.660353362507,0.374275326884,estimated,estimated,,,1,1,"{""rigor_actin_min_heavy_distance_8efi_A"":14.236371849814578}","{""grantham_distance"":48.22171018673367}"
C054,leave_one_variant_out,G768R,13,D239N|D778V|E497D|G741R|H251N|I457T|L781P|R249Q|R403Q|R453C|R663H|R719W|Y115H,G768R,,,Scaling recomputed in retained cohort; study deletion uses union of outcome sources.,0.691418577635,0.418098437719,estimated,estimated,,,1,1,"{""rigor_actin_min_heavy_distance_8efi_A"":15.571226126734858}","{""grantham_distance"":48.22171018673367}"
C054,leave_one_variant_out,H251N,13,D239N|D778V|E497D|G741R|G768R|I457T|L781P|R249Q|R403Q|R453C|R663H|R719W|Y115H,H251N,,,Scaling recomputed in retained cohort; study deletion uses union of outcome sources.,0.682492491894,0.394284668202,estimated,estimated,,,1,1,"{""rigor_actin_min_heavy_distance_8efi_A"":15.519483385007032}","{""grantham_distance"":49.32298054919643}"
C054,leave_one_variant_out,I457T,13,D239N|D778V|E497D|G741R|G768R|H251N|L781P|R249Q|R403Q|R453C|R663H|R719W|Y115H,I457T,,,Scaling recomputed in retained cohort; study deletion uses union of outcome sources.,0.70401958172,0.438790505548,estimated,estimated,,,1,1,"{""rigor_actin_min_heavy_distance_8efi_A"":15.549655642590933}","{""grantham_distance"":49.60872545254152}"
C054,leave_one_variant_out,L781P,13,D239N|D778V|E497D|G741R|G768R|H251N|I457T|R249Q|R403Q|R453C|R663H|R719W|Y115H,L781P,,,Scaling recomputed in retained cohort; study deletion uses union of outcome sources.,0.67079756838,0.3801355488,estimated,estimated,,,1,1,"{""rigor_actin_min_heavy_distance_8efi_A"":14.8141273124476}","{""grantham_distance"":49.48646538610589}"
C054,leave_one_variant_out,R249Q,13,D239N|D778V|E497D|G741R|G768R|H251N|I457T|L781P|R403Q|R453C|R663H|R719W|Y115H,R249Q,,,Scaling recomputed in retained cohort; study deletion uses union of outcome sources.,0.660704213812,0.343776107878,estimated,estimated,,,1,1,"{""rigor_actin_min_heavy_distance_8efi_A"":15.357046474951224}","{""grantham_distance"":47.9155239551592}"
C054,leave_one_variant_out,R403Q,13,D239N|D778V|E497D|G741R|G768R|H251N|I457T|L781P|R249Q|R453C|R663H|R719W|Y115H,R403Q,,,Scaling recomputed in retained cohort; study deletion uses union of outcome sources.,0.646038684952,0.31305095167,estimated,estimated,,,1,1,"{""rigor_actin_min_heavy_distance_8efi_A"":12.35798757824528}","{""grantham_distance"":47.9155239551592}"
C054,leave_one_variant_out,R453C,13,D239N|D778V|E497D|G741R|G768R|H251N|I457T|L781P|R249Q|R403Q|R663H|R719W|Y115H,R453C,,,Scaling recomputed in retained cohort; study deletion uses union of outcome sources.,0.788377509254,0.587457860405,estimated,estimated,,,1,1,"{""rigor_actin_min_heavy_distance_8efi_A"":15.56074596636433}","{""grantham_distance"":40.85167039863823}"
C054,leave_one_variant_out,R663H,13,D239N|D778V|E497D|G741R|G768R|H251N|I457T|L781P|R249Q|R403Q|R453C|R719W|Y115H,R663H,,,Scaling recomputed in retained cohort; study deletion uses union of outcome sources.,0.634158601865,0.314700325911,estimated,estimated,,,1,1,"{""rigor_actin_min_heavy_distance_8efi_A"":14.379263312087922}","{""grantham_distance"":46.586010885848665}"
C054,leave_one_variant_out,R719W,13,D239N|D778V|E497D|G741R|G768R|H251N|I457T|L781P|R249Q|R403Q|R453C|R663H|Y115H,R719W,,,Scaling recomputed in retained cohort; study deletion uses union of outcome sources.,0.672768909343,0.38231768931,estimated,estimated,,,1,1,"{""rigor_actin_min_heavy_distance_8efi_A"":14.292159863262127}","{""grantham_distance"":49.41296414546517}"
C054,leave_one_variant_out,Y115H,13,D239N|D778V|E497D|G741R|G768R|H251N|I457T|L781P|R249Q|R403Q|R453C|R663H|R719W,Y115H,,,Scaling recomputed in retained cohort; study deletion uses union of outcome sources.,0.688600429984,0.414140546656,estimated,estimated,,,1,1,"{""rigor_actin_min_heavy_distance_8efi_A"":15.388788154395646}","{""grantham_distance"":49.60872545254152}"
C055,leave_one_variant_out,D239N,13,D778V|E497D|G741R|G768R|H251N|I457T|L781P|R249Q|R403Q|R453C|R663H|R719W|Y115H,D239N,,,Scaling recomputed in retained cohort; study deletion uses union of outcome sources.,0.697358104966,0.379039367074,estimated,estimated,,,1,1,"{""rigor_actin_min_heavy_distance_8efi_A"":15.558212077924221}","{""catalytic_motif_min_ca_distance_8act_mean_ab"":11.513181094951724}"
C055,leave_one_variant_out,D778V,13,D239N|E497D|G741R|G768R|H251N|I457T|L781P|R249Q|R403Q|R453C|R663H|R719W|Y115H,D778V,,,Scaling recomputed in retained cohort; study deletion uses union of outcome sources.,0.693437129417,0.359307306826,estimated,estimated,,,1,1,"{""rigor_actin_min_heavy_distance_8efi_A"":15.251145639725484}","{""catalytic_motif_min_ca_distance_8act_mean_ab"":13.040214331404284}"
C055,leave_one_variant_out,E497D,13,D239N|D778V|G741R|G768R|H251N|I457T|L781P|R249Q|R403Q|R453C|R663H|R719W|Y115H,E497D,,,Scaling recomputed in retained cohort; study deletion uses union of outcome sources.,0.693330480067,0.388038776612,estimated,estimated,,,1,1,"{""rigor_actin_min_heavy_distance_8efi_A"":15.557210341227293}","{""catalytic_motif_min_ca_distance_8act_mean_ab"":13.480827603627258}"
C055,leave_one_variant_out,G741R,13,D239N|D778V|E497D|G768R|H251N|I457T|L781P|R249Q|R403Q|R453C|R663H|R719W|Y115H,G741R,,,Scaling recomputed in retained cohort; study deletion uses union of outcome sources.,0.624210686485,0.236363988499,estimated,estimated,,,1,1,"{""rigor_actin_min_heavy_distance_8efi_A"":14.236371849814578}","{""catalytic_motif_min_ca_distance_8act_mean_ab"":12.073350154010386}"
C055,leave_one_variant_out,G768R,13,D239N|D778V|E497D|G741R|H251N|I457T|L781P|R249Q|R403Q|R453C|R663H|R719W|Y115H,G768R,,,Scaling recomputed in retained cohort; study deletion uses union of outcome sources.,0.701637947221,0.399185710794,estimated,estimated,,,1,1,"{""rigor_actin_min_heavy_distance_8efi_A"":15.571226126734858}","{""catalytic_motif_min_ca_distance_8act_mean_ab"":13.427023025908388}"
C055,leave_one_variant_out,H251N,13,D239N|D778V|E497D|G741R|G768R|I457T|L781P|R249Q|R403Q|R453C|R663H|R719W|Y115H,H251N,,,Scaling recomputed in retained cohort; study deletion uses union of outcome sources.,0.679465277973,0.362455161295,estimated,estimated,,,1,1,"{""rigor_actin_min_heavy_distance_8efi_A"":15.519483385007032}","{""catalytic_motif_min_ca_distance_8act_mean_ab"":13.301322642687403}"
C055,leave_one_variant_out,I457T,13,D239N|D778V|E497D|G741R|G768R|H251N|L781P|R249Q|R403Q|R453C|R663H|R719W|Y115H,I457T,,,Scaling recomputed in retained cohort; study deletion uses union of outcome sources.,0.684192203163,0.369657299691,estimated,estimated,,,1,1,"{""rigor_actin_min_heavy_distance_8efi_A"":15.549655642590933}","{""catalytic_motif_min_ca_distance_8act_mean_ab"":13.131501511235449}"
C055,leave_one_variant_out,L781P,13,D239N|D778V|E497D|G741R|G768R|H251N|I457T|R249Q|R403Q|R453C|R663H|R719W|Y115H,L781P,,,Scaling recomputed in retained cohort; study deletion uses union of outcome sources.,0.650878639805,0.265373328331,estimated,estimated,,,1,1,"{""rigor_actin_min_heavy_distance_8efi_A"":14.8141273124476}","{""catalytic_motif_min_ca_distance_8act_mean_ab"":12.65097186471149}"
C055,leave_one_variant_out,R249Q,13,D239N|D778V|E497D|G741R|G768R|H251N|I457T|L781P|R403Q|R453C|R663H|R719W|Y115H,R249Q,,,Scaling recomputed in retained cohort; study deletion uses union of outcome sources.,0.685846524109,0.382077879284,estimated,estimated,,,1,1,"{""rigor_actin_min_heavy_distance_8efi_A"":15.357046474951224}","{""catalytic_motif_min_ca_distance_8act_mean_ab"":12.844764613090446}"
C055,leave_one_variant_out,R403Q,13,D239N|D778V|E497D|G741R|G768R|H251N|I457T|L781P|R249Q|R453C|R663H|R719W|Y115H,R403Q,,,Scaling recomputed in retained cohort; study deletion uses union of outcome sources.,0.839174324592,0.672154551422,estimated,estimated,,,1,1,"{""rigor_actin_min_heavy_distance_8efi_A"":12.35798757824528}","{""catalytic_motif_min_ca_distance_8act_mean_ab"":13.137725857777989}"
C055,leave_one_variant_out,R453C,13,D239N|D778V|E497D|G741R|G768R|H251N|I457T|L781P|R249Q|R403Q|R663H|R719W|Y115H,R453C,,,Scaling recomputed in retained cohort; study deletion uses union of outcome sources.,0.688284835307,0.379137104362,estimated,estimated,,,1,1,"{""rigor_actin_min_heavy_distance_8efi_A"":15.56074596636433}","{""catalytic_motif_min_ca_distance_8act_mean_ab"":13.468860691589796}"
C055,leave_one_variant_out,R663H,13,D239N|D778V|E497D|G741R|G768R|H251N|I457T|L781P|R249Q|R403Q|R453C|R719W|Y115H,R663H,,,Scaling recomputed in retained cohort; study deletion uses union of outcome sources.,0.712926982323,0.436450559089,estimated,estimated,,,1,1,"{""rigor_actin_min_heavy_distance_8efi_A"":14.379263312087922}","{""catalytic_motif_min_ca_distance_8act_mean_ab"":13.313019588128178}"
C055,leave_one_variant_out,R719W,13,D239N|D778V|E497D|G741R|G768R|H251N|I457T|L781P|R249Q|R403Q|R453C|R663H|Y115H,R719W,,,Scaling recomputed in retained cohort; study deletion uses union of outcome sources.,0.641834827932,0.245785185695,estimated,estimated,,,1,1,"{""rigor_actin_min_heavy_distance_8efi_A"":14.292159863262127}","{""catalytic_motif_min_ca_distance_8act_mean_ab"":12.759952471926498}"
C055,leave_one_variant_out,Y115H,13,D239N|D778V|E497D|G741R|G768R|H251N|I457T|L781P|R249Q|R403Q|R453C|R663H|R719W,Y115H,,,Scaling recomputed in retained cohort; study deletion uses union of outcome sources.,0.773987286403,0.560602406829,estimated,estimated,,,1,1,"{""rigor_actin_min_heavy_distance_8efi_A"":15.388788154395646}","{""catalytic_motif_min_ca_distance_8act_mean_ab"":13.042715151082986}"
C056,leave_one_variant_out,D382Y,12,D778V|E497D|G768R|H251N|I457T|L781P|P710R|R249Q|R403Q|R663H|R719W|Y115H,D382Y,,,Scaling recomputed in retained cohort; study deletion uses union of outcome sources.,0.395984867355,-0.0832509904661,estimated,estimated,,,1,1,"{""rigor_actin_min_heavy_distance_8efi_A"":14.932510837822733}","{""wt_site_rsa_8act_mean_ab"":0.20409600545057002}"
C056,leave_one_variant_out,D778V,12,D382Y|E497D|G768R|H251N|I457T|L781P|P710R|R249Q|R403Q|R663H|R719W|Y115H,D778V,,,Scaling recomputed in retained cohort; study deletion uses union of outcome sources.,0.436402567273,-0.00663795638941,estimated,estimated,,,1,1,"{""rigor_actin_min_heavy_distance_8efi_A"":14.988762932423453}","{""wt_site_rsa_8act_mean_ab"":0.2016711492427031}"
C056,leave_one_variant_out,E497D,12,D382Y|D778V|G768R|H251N|I457T|L781P|P710R|R249Q|R403Q|R663H|R719W|Y115H,E497D,,,Scaling recomputed in retained cohort; study deletion uses union of outcome sources.,0.387103591096,-0.0708542072013,estimated,estimated,,,1,1,"{""rigor_actin_min_heavy_distance_8efi_A"":15.51059892201156}","{""wt_site_rsa_8act_mean_ab"":0.20027972842256606}"
C056,leave_one_variant_out,G768R,12,D382Y|D778V|E497D|H251N|I457T|L781P|P710R|R249Q|R403Q|R663H|R719W|Y115H,G768R,,,Scaling recomputed in retained cohort; study deletion uses union of outcome sources.,0.534286831971,0.0531269504567,estimated,estimated,,,1,1,"{""rigor_actin_min_heavy_distance_8efi_A"":15.446663694396152}","{""wt_site_rsa_8act_mean_ab"":0.16131260919492255}"
C056,leave_one_variant_out,H251N,12,D382Y|D778V|E497D|G768R|I457T|L781P|P710R|R249Q|R403Q|R663H|R719W|Y115H,H251N,,,Scaling recomputed in retained cohort; study deletion uses union of outcome sources.,0.394209855512,-0.0630054267869,estimated,estimated,,,1,1,"{""rigor_actin_min_heavy_distance_8efi_A"":15.487931246568557}","{""wt_site_rsa_8act_mean_ab"":0.20073110152907025}"
C056,leave_one_variant_out,I457T,12,D382Y|D778V|E497D|G768R|H251N|L781P|P710R|R249Q|R403Q|R663H|R719W|Y115H,I457T,,,Scaling recomputed in retained cohort; study deletion uses union of outcome sources.,0.389788287006,-0.0665046050443,estimated,estimated,,,1,1,"{""rigor_actin_min_heavy_distance_8efi_A"":15.506644414541382}","{""wt_site_rsa_8act_mean_ab"":0.192796853442415}"
C056,leave_one_variant_out,L781P,12,D382Y|D778V|E497D|G768R|H251N|I457T|P710R|R249Q|R403Q|R663H|R719W|Y115H,L781P,,,Scaling recomputed in retained cohort; study deletion uses union of outcome sources.,0.394246934204,-0.0863502128189,estimated,estimated,,,1,1,"{""rigor_actin_min_heavy_distance_8efi_A"":14.42768510363547}","{""wt_site_rsa_8act_mean_ab"":0.20325941830923144}"
C056,leave_one_variant_out,P710R,12,D382Y|D778V|E497D|G768R|H251N|I457T|L781P|R249Q|R403Q|R663H|R719W|Y115H,P710R,,,Scaling recomputed in retained cohort; study deletion uses union of outcome sources.,0.394084637914,-0.064621105455,estimated,estimated,,,1,1,"{""rigor_actin_min_heavy_distance_8efi_A"":15.39496972204837}","{""wt_site_rsa_8act_mean_ab"":0.2015602955415079}"
C056,leave_one_variant_out,R249Q,12,D382Y|D778V|E497D|G768R|H251N|I457T|L781P|P710R|R403Q|R663H|R719W|Y115H,R249Q,,,Scaling recomputed in retained cohort; study deletion uses union of outcome sources.,0.400072110352,-0.0615374345207,estimated,estimated,,,1,1,"{""rigor_actin_min_heavy_distance_8efi_A"":15.359084130350524}","{""wt_site_rsa_8act_mean_ab"":0.20416443932963013}"
C056,leave_one_variant_out,R403Q,12,D382Y|D778V|E497D|G768R|H251N|I457T|L781P|P710R|R249Q|R663H|R719W|Y115H,R403Q,,,Scaling recomputed in retained cohort; study deletion uses union of outcome sources.,0.442184662986,-0.053154770285,estimated,estimated,,,1,1,"{""rigor_actin_min_heavy_distance_8efi_A"":12.387795332552304}","{""wt_site_rsa_8act_mean_ab"":0.20395390712449904}"
C056,leave_one_variant_out,R663H,12,D382Y|D778V|E497D|G768R|H251N|I457T|L781P|P710R|R249Q|R403Q|R719W|Y115H,R663H,,,Scaling recomputed in retained cohort; study deletion uses union of outcome sources.,0.418686860233,-0.00509055200573,estimated,estimated,,,1,1,"{""rigor_actin_min_heavy_distance_8efi_A"":14.4319919360836}","{""wt_site_rsa_8act_mean_ab"":0.16233262435088508}"
C056,leave_one_variant_out,R719W,12,D382Y|D778V|E497D|G768R|H251N|I457T|L781P|P710R|R249Q|R403Q|R663H|Y115H,R719W,,,Scaling recomputed in retained cohort; study deletion uses union of outcome sources.,0.397249195424,-0.0825512980887,estimated,estimated,,,1,1,"{""rigor_actin_min_heavy_distance_8efi_A"":13.773968136605246}","{""wt_site_rsa_8act_mean_ab"":0.20350527513566735}"
C056,leave_one_variant_out,Y115H,12,D382Y|D778V|E497D|G768R|H251N|I457T|L781P|P710R|R249Q|R403Q|R663H|R719W,Y115H,,,Scaling recomputed in retained cohort; study deletion uses union of outcome sources.,0.395303477724,-0.0603932175716,estimated,estimated,,,1,1,"{""rigor_actin_min_heavy_distance_8efi_A"":15.173438528646052}","{""wt_site_rsa_8act_mean_ab"":0.19467650731791766}"
C057,leave_one_variant_out,D382Y,12,D778V|E497D|G768R|H251N|I457T|L781P|P710R|R249Q|R403Q|R663H|R719W|Y115H,D382Y,,,Scaling recomputed in retained cohort; study deletion uses union of outcome sources.,0.663650166981,,estimated,zero_u_distance_variance,,,1,1,"{""rigor_actin_min_heavy_distance_8efi_A"":14.932510837822733}","{""ihm_interface_flag_8act"":0.28867513459481287}"
C057,leave_one_variant_out,D778V,12,D382Y|E497D|G768R|H251N|I457T|L781P|P710R|R249Q|R403Q|R663H|R719W|Y115H,D778V,,,Scaling recomputed in retained cohort; study deletion uses union of outcome sources.,0.650553297499,0.278433293978,estimated,estimated,,,1,1,"{""rigor_actin_min_heavy_distance_8efi_A"":14.988762932423453}","{""ihm_interface_flag_8act"":0.38924947208076144}"
C057,leave_one_variant_out,E497D,12,D382Y|D778V|G768R|H251N|I457T|L781P|P710R|R249Q|R403Q|R663H|R719W|Y115H,E497D,,,Scaling recomputed in retained cohort; study deletion uses union of outcome sources.,0.655188148565,0.283224793356,estimated,estimated,,,1,1,"{""rigor_actin_min_heavy_distance_8efi_A"":15.51059892201156}","{""ihm_interface_flag_8act"":0.38924947208076144}"
C057,leave_one_variant_out,G768R,12,D382Y|D778V|E497D|H251N|I457T|L781P|P710R|R249Q|R403Q|R663H|R719W|Y115H,G768R,,,Scaling recomputed in retained cohort; study deletion uses union of outcome sources.,0.642005943646,0.266497482697,estimated,estimated,,,1,1,"{""rigor_actin_min_heavy_distance_8efi_A"":15.446663694396152}","{""ihm_interface_flag_8act"":0.38924947208076144}"
C057,leave_one_variant_out,H251N,12,D382Y|D778V|E497D|G768R|I457T|L781P|P710R|R249Q|R403Q|R663H|R719W|Y115H,H251N,,,Scaling recomputed in retained cohort; study deletion uses union of outcome sources.,0.661109472974,0.291177928829,estimated,estimated,,,1,1,"{""rigor_actin_min_heavy_distance_8efi_A"":15.487931246568557}","{""ihm_interface_flag_8act"":0.38924947208076144}"
C057,leave_one_variant_out,I457T,12,D382Y|D778V|E497D|G768R|H251N|L781P|P710R|R249Q|R403Q|R663H|R719W|Y115H,I457T,,,Scaling recomputed in retained cohort; study deletion uses union of outcome sources.,0.65651733884,0.284985095749,estimated,estimated,,,1,1,"{""rigor_actin_min_heavy_distance_8efi_A"":15.506644414541382}","{""ihm_interface_flag_8act"":0.38924947208076144}"
C057,leave_one_variant_out,L781P,12,D382Y|D778V|E497D|G768R|H251N|I457T|P710R|R249Q|R403Q|R663H|R719W|Y115H,L781P,,,Scaling recomputed in retained cohort; study deletion uses union of outcome sources.,0.663266935669,0.293107071679,estimated,estimated,,,1,1,"{""rigor_actin_min_heavy_distance_8efi_A"":14.42768510363547}","{""ihm_interface_flag_8act"":0.38924947208076144}"
C057,leave_one_variant_out,P710R,12,D382Y|D778V|E497D|G768R|H251N|I457T|L781P|R249Q|R403Q|R663H|R719W|Y115H,P710R,,,Scaling recomputed in retained cohort; study deletion uses union of outcome sources.,0.641807756777,0.266391061216,estimated,estimated,,,1,1,"{""rigor_actin_min_heavy_distance_8efi_A"":15.39496972204837}","{""ihm_interface_flag_8act"":0.38924947208076144}"
C057,leave_one_variant_out,R249Q,12,D382Y|D778V|E497D|G768R|H251N|I457T|L781P|P710R|R403Q|R663H|R719W|Y115H,R249Q,,,Scaling recomputed in retained cohort; study deletion uses union of outcome sources.,0.680836284296,0.318680916484,estimated,estimated,,,1,1,"{""rigor_actin_min_heavy_distance_8efi_A"":15.359084130350524}","{""ihm_interface_flag_8act"":0.38924947208076144}"
C057,leave_one_variant_out,R403Q,12,D382Y|D778V|E497D|G768R|H251N|I457T|L781P|P710R|R249Q|R663H|R719W|Y115H,R403Q,,,Scaling recomputed in retained cohort; study deletion uses union of outcome sources.,0.466841311499,,estimated,zero_u_distance_variance,,,1,1,"{""rigor_actin_min_heavy_distance_8efi_A"":12.387795332552304}","{""ihm_interface_flag_8act"":0.28867513459481287}"
C057,leave_one_variant_out,R663H,12,D382Y|D778V|E497D|G768R|H251N|I457T|L781P|P710R|R249Q|R403Q|R719W|Y115H,R663H,,,Scaling recomputed in retained cohort; study deletion uses union of outcome sources.,0.752711414976,0.428074650163,estimated,estimated,,,1,1,"{""rigor_actin_min_heavy_distance_8efi_A"":14.4319919360836}","{""ihm_interface_flag_8act"":0.3892494720807615}"
C057,leave_one_variant_out,R719W,12,D382Y|D778V|E497D|G768R|H251N|I457T|L781P|P710R|R249Q|R403Q|R663H|Y115H,R719W,,,Scaling recomputed in retained cohort; study deletion uses union of outcome sources.,0.669810194066,0.293107071679,estimated,estimated,,,1,1,"{""rigor_actin_min_heavy_distance_8efi_A"":13.773968136605246}","{""ihm_interface_flag_8act"":0.3892494720807615}"
C057,leave_one_variant_out,Y115H,12,D382Y|D778V|E497D|G768R|H251N|I457T|L781P|P710R|R249Q|R403Q|R663H|R719W,Y115H,,,Scaling recomputed in retained cohort; study deletion uses union of outcome sources.,0.645837685548,0.272125650262,estimated,estimated,,,1,1,"{""rigor_actin_min_heavy_distance_8efi_A"":15.173438528646052}","{""ihm_interface_flag_8act"":0.3892494720807615}"
C058,leave_one_variant_out,A797T,21,D239N|D382Y|D778V|E497D|F834L|G741R|G768R|H251N|I457T|I467V|L781P|M493I|P710R|R249Q|R403Q|R453C|R663H|R671C|R719W|S782N|Y115H,A797T,,,Scaling recomputed in retained cohort; study deletion uses union of outcome sources.,0.649217300191,0.327715888172,estimated,estimated,,,1,1,"{""relay_landmark_min_ca_distance_8act_mean_ab"":20.830911631916866}","{""elc_min_heavy_distance_8act_mean_ab"":15.9421648257096}"
C058,leave_one_variant_out,D239N,21,A797T|D382Y|D778V|E497D|F834L|G741R|G768R|H251N|I457T|I467V|L781P|M493I|P710R|R249Q|R403Q|R453C|R663H|R671C|R719W|S782N|Y115H,D239N,,,Scaling recomputed in retained cohort; study deletion uses union of outcome sources.,0.598428890096,0.231397131879,estimated,estimated,,,1,1,"{""relay_landmark_min_ca_distance_8act_mean_ab"":21.427641498598454}","{""elc_min_heavy_distance_8act_mean_ab"":16.01142669696221}"
C058,leave_one_variant_out,D382Y,21,A797T|D239N|D778V|E497D|F834L|G741R|G768R|H251N|I457T|I467V|L781P|M493I|P710R|R249Q|R403Q|R453C|R663H|R671C|R719W|S782N|Y115H,D382Y,,,Scaling recomputed in retained cohort; study deletion uses union of outcome sources.,0.493836502946,0.0722324581282,estimated,estimated,,,1,1,"{""relay_landmark_min_ca_distance_8act_mean_ab"":20.05458282636247}","{""elc_min_heavy_distance_8act_mean_ab"":14.167359496862105}"
C058,leave_one_variant_out,D778V,21,A797T|D239N|D382Y|E497D|F834L|G741R|G768R|H251N|I457T|I467V|L781P|M493I|P710R|R249Q|R403Q|R453C|R663H|R671C|R719W|S782N|Y115H,D778V,,,Scaling recomputed in retained cohort; study deletion uses union of outcome sources.,0.583622467704,0.217964717351,estimated,estimated,,,1,1,"{""relay_landmark_min_ca_distance_8act_mean_ab"":21.468901551051996}","{""elc_min_heavy_distance_8act_mean_ab"":16.0953214618193}"
C058,leave_one_variant_out,E497D,21,A797T|D239N|D382Y|D778V|F834L|G741R|G768R|H251N|I457T|I467V|L781P|M493I|P710R|R249Q|R403Q|R453C|R663H|R671C|R719W|S782N|Y115H,E497D,,,Scaling recomputed in retained cohort; study deletion uses union of outcome sources.,0.577399781201,0.208422294738,estimated,estimated,,,1,1,"{""relay_landmark_min_ca_distance_8act_mean_ab"":20.36459509204374}","{""elc_min_heavy_distance_8act_mean_ab"":16.48350476924612}"
C058,leave_one_variant_out,F834L,21,A797T|D239N|D382Y|D778V|E497D|G741R|G768R|H251N|I457T|I467V|L781P|M493I|P710R|R249Q|R403Q|R453C|R663H|R671C|R719W|S782N|Y115H,F834L,,,Scaling recomputed in retained cohort; study deletion uses union of outcome sources.,0.629982378652,0.242828644117,estimated,estimated,,,1,1,"{""relay_landmark_min_ca_distance_8act_mean_ab"":16.087822050522806}","{""elc_min_heavy_distance_8act_mean_ab"":16.39187644178068}"
C058,leave_one_variant_out,G741R,21,A797T|D239N|D382Y|D778V|E497D|F834L|G768R|H251N|I457T|I467V|L781P|M493I|P710R|R249Q|R403Q|R453C|R663H|R671C|R719W|S782N|Y115H,G741R,,,Scaling recomputed in retained cohort; study deletion uses union of outcome sources.,0.577529146032,0.213314543637,estimated,estimated,,,1,1,"{""relay_landmark_min_ca_distance_8act_mean_ab"":21.29872726909575}","{""elc_min_heavy_distance_8act_mean_ab"":16.362063934364524}"
C058,leave_one_variant_out,G768R,21,A797T|D239N|D382Y|D778V|E497D|F834L|G741R|H251N|I457T|I467V|L781P|M493I|P710R|R249Q|R403Q|R453C|R663H|R671C|R719W|S782N|Y115H,G768R,,,Scaling recomputed in retained cohort; study deletion uses union of outcome sources.,0.573341961404,0.206606659072,estimated,estimated,,,1,1,"{""relay_landmark_min_ca_distance_8act_mean_ab"":21.286365503262587}","{""elc_min_heavy_distance_8act_mean_ab"":16.45987242986818}"
C058,leave_one_variant_out,H251N,21,A797T|D239N|D382Y|D778V|E497D|F834L|G741R|G768R|I457T|I467V|L781P|M493I|P710R|R249Q|R403Q|R453C|R663H|R671C|R719W|S782N|Y115H,H251N,,,Scaling recomputed in retained cohort; study deletion uses union of outcome sources.,0.579358240444,0.215129931033,estimated,estimated,,,1,1,"{""relay_landmark_min_ca_distance_8act_mean_ab"":21.466884989295075}","{""elc_min_heavy_distance_8act_mean_ab"":16.391128607879086}"
C058,leave_one_variant_out,I457T,21,A797T|D239N|D382Y|D778V|E497D|F834L|G741R|G768R|H251N|I467V|L781P|M493I|P710R|R249Q|R403Q|R453C|R663H|R671C|R719W|S782N|Y115H,I457T,,,Scaling recomputed in retained cohort; study deletion uses union of outcome sources.,0.576205639015,0.211198033213,estimated,estimated,,,1,1,"{""relay_landmark_min_ca_distance_8act_mean_ab"":21.402564298217598}","{""elc_min_heavy_distance_8act_mean_ab"":16.356172880332174}"
C058,leave_one_variant_out,I467V,21,A797T|D239N|D382Y|D778V|E497D|F834L|G741R|G768R|H251N|I457T|L781P|M493I|P710R|R249Q|R403Q|R453C|R663H|R671C|R719W|S782N|Y115H,I467V,,,Scaling recomputed in retained cohort; study deletion uses union of outcome sources.,0.629725667656,0.278505895569,estimated,estimated,,,1,1,"{""relay_landmark_min_ca_distance_8act_mean_ab"":21.458094022083426}","{""elc_min_heavy_distance_8act_mean_ab"":15.72820133046358}"
C058,leave_one_variant_out,L781P,21,A797T|D239N|D382Y|D778V|E497D|F834L|G741R|G768R|H251N|I457T|I467V|M493I|P710R|R249Q|R403Q|R453C|R663H|R671C|R719W|S782N|Y115H,L781P,,,Scaling recomputed in retained cohort; study deletion uses union of outcome sources.,0.585400479133,0.21924665274,estimated,estimated,,,1,1,"{""relay_landmark_min_ca_distance_8act_mean_ab"":21.468836162831444}","{""elc_min_heavy_distance_8act_mean_ab"":15.95487343638672}"
C058,leave_one_variant_out,M493I,21,A797T|D239N|D382Y|D778V|E497D|F834L|G741R|G768R|H251N|I457T|I467V|L781P|P710R|R249Q|R403Q|R453C|R663H|R671C|R719W|S782N|Y115H,M493I,,,Scaling recomputed in retained cohort; study deletion uses union of outcome sources.,0.58053118483,0.214036610332,estimated,estimated,,,1,1,"{""relay_landmark_min_ca_distance_8act_mean_ab"":20.78449590341043}","{""elc_min_heavy_distance_8act_mean_ab"":16.477380547533865}"
C058,leave_one_variant_out,P710R,21,A797T|D239N|D382Y|D778V|E497D|F834L|G741R|G768R|H251N|I457T|I467V|L781P|M493I|R249Q|R403Q|R453C|R663H|R671C|R719W|S782N|Y115H,P710R,,,Scaling recomputed in retained cohort; study deletion uses union of outcome sources.,0.574579637889,0.206676832705,estimated,estimated,,,1,1,"{""relay_landmark_min_ca_distance_8act_mean_ab"":20.91891263777926}","{""elc_min_heavy_distance_8act_mean_ab"":16.4741994925131}"
C058,leave_one_variant_out,R249Q,21,A797T|D239N|D382Y|D778V|E497D|F834L|G741R|G768R|H251N|I457T|I467V|L781P|M493I|P710R|R403Q|R453C|R663H|R671C|R719W|S782N|Y115H,R249Q,,,Scaling recomputed in retained cohort; study deletion uses union of outcome sources.,0.580519599682,0.216888744293,estimated,estimated,,,1,1,"{""relay_landmark_min_ca_distance_8act_mean_ab"":21.45419254715501}","{""elc_min_heavy_distance_8act_mean_ab"":16.4750592766658}"
C058,leave_one_variant_out,R403Q,21,A797T|D239N|D382Y|D778V|E497D|F834L|G741R|G768R|H251N|I457T|I467V|L781P|M493I|P710R|R249Q|R453C|R663H|R671C|R719W|S782N|Y115H,R403Q,,,Scaling recomputed in retained cohort; study deletion uses union of outcome sources.,0.50313260444,0.0776734790264,estimated,estimated,,,1,1,"{""relay_landmark_min_ca_distance_8act_mean_ab"":20.403648799656807}","{""elc_min_heavy_distance_8act_mean_ab"":14.025555975721359}"
C058,leave_one_variant_out,R453C,21,A797T|D239N|D382Y|D778V|E497D|F834L|G741R|G768R|H251N|I457T|I467V|L781P|M493I|P710R|R249Q|R403Q|R663H|R671C|R719W|S782N|Y115H,R453C,,,Scaling recomputed in retained cohort; study deletion uses union of outcome sources.,0.581905524992,0.217442480843,estimated,estimated,,,1,1,"{""relay_landmark_min_ca_distance_8act_mean_ab"":21.469935397530808}","{""elc_min_heavy_distance_8act_mean_ab"":16.28710758071592}"
C058,leave_one_variant_out,R663H,21,A797T|D239N|D382Y|D778V|E497D|F834L|G741R|G768R|H251N|I457T|I467V|L781P|M493I|P710R|R249Q|R403Q|R453C|R671C|R719W|S782N|Y115H,R663H,,,Scaling recomputed in retained cohort; study deletion uses union of outcome sources.,0.574570446384,0.206696467239,estimated,estimated,,,1,1,"{""relay_landmark_min_ca_distance_8act_mean_ab"":21.139284199506413}","{""elc_min_heavy_distance_8act_mean_ab"":16.485004918064963}"
C058,leave_one_variant_out,R671C,21,A797T|D239N|D382Y|D778V|E497D|F834L|G741R|G768R|H251N|I457T|I467V|L781P|M493I|P710R|R249Q|R403Q|R453C|R663H|R719W|S782N|Y115H,R671C,,,Scaling recomputed in retained cohort; study deletion uses union of outcome sources.,0.588726068198,0.227492262682,estimated,estimated,,,1,1,"{""relay_landmark_min_ca_distance_8act_mean_ab"":21.315163843729117}","{""elc_min_heavy_distance_8act_mean_ab"":16.455733498624745}"
C058,leave_one_variant_out,R719W,21,A797T|D239N|D382Y|D778V|E497D|F834L|G741R|G768R|H251N|I457T|I467V|L781P|M493I|P710R|R249Q|R403Q|R453C|R663H|R671C|S782N|Y115H,R719W,,,Scaling recomputed in retained cohort; study deletion uses union of outcome sources.,0.592148973288,0.234383030335,estimated,estimated,,,1,1,"{""relay_landmark_min_ca_distance_8act_mean_ab"":21.309319795862216}","{""elc_min_heavy_distance_8act_mean_ab"":16.1019850212409}"
C058,leave_one_variant_out,S782N,21,A797T|D239N|D382Y|D778V|E497D|F834L|G741R|G768R|H251N|I457T|I467V|L781P|M493I|P710R|R249Q|R403Q|R453C|R663H|R671C|R719W|Y115H,S782N,,,Scaling recomputed in retained cohort; study deletion uses union of outcome sources.,0.589919692065,0.226929659325,estimated,estimated,,,1,1,"{""relay_landmark_min_ca_distance_8act_mean_ab"":21.44992296514817}","{""elc_min_heavy_distance_8act_mean_ab"":16.023709626709227}"
C058,leave_one_variant_out,Y115H,21,A797T|D239N|D382Y|D778V|E497D|F834L|G741R|G768R|H251N|I457T|I467V|L781P|M493I|P710R|R249Q|R403Q|R453C|R663H|R671C|R719W|S782N,Y115H,,,Scaling recomputed in retained cohort; study deletion uses union of outcome sources.,0.585135570342,0.222372133424,estimated,estimated,,,1,1,"{""relay_landmark_min_ca_distance_8act_mean_ab"":21.44476355062161}","{""elc_min_heavy_distance_8act_mean_ab"":16.48031773264987}"
C059,leave_one_variant_out,A797T,18,D239N|D382Y|D778V|E497D|F834L|G741R|G768R|H251N|I457T|L781P|P710R|R249Q|R403Q|R453C|R663H|R719W|S782N|Y115H,A797T,,,Scaling recomputed in retained cohort; study deletion uses union of outcome sources.,0.177876603716,-0.120505136063,estimated,estimated,,,1,1,"{""relay_landmark_min_ca_distance_8act_mean_ab"":21.690930024794174}","{""delta_charge"":0.802365782965103}"
C059,leave_one_variant_out,D239N,18,A797T|D382Y|D778V|E497D|F834L|G741R|G768R|H251N|I457T|L781P|P710R|R249Q|R403Q|R453C|R663H|R719W|S782N|Y115H,D239N,,,Scaling recomputed in retained cohort; study deletion uses union of outcome sources.,0.206987930173,-0.0987390054795,estimated,estimated,,,1,1,"{""relay_landmark_min_ca_distance_8act_mean_ab"":22.2758609927028}","{""delta_charge"":0.7669649888473704}"
C059,leave_one_variant_out,D382Y,18,A797T|D239N|D778V|E497D|F834L|G741R|G768R|H251N|I457T|L781P|P710R|R249Q|R403Q|R453C|R663H|R719W|S782N|Y115H,D382Y,,,Scaling recomputed in retained cohort; study deletion uses union of outcome sources.,0.269674229683,-0.0595731166574,estimated,estimated,,,1,1,"{""relay_landmark_min_ca_distance_8act_mean_ab"":20.86988605251855}","{""delta_charge"":0.7669649888473704}"
C059,leave_one_variant_out,D778V,18,A797T|D239N|D382Y|E497D|F834L|G741R|G768R|H251N|I457T|L781P|P710R|R249Q|R403Q|R453C|R663H|R719W|S782N|Y115H,D778V,,,Scaling recomputed in retained cohort; study deletion uses union of outcome sources.,0.206206278332,-0.102076050137,estimated,estimated,,,1,1,"{""relay_landmark_min_ca_distance_8act_mean_ab"":22.282359886740302}","{""delta_charge"":0.7669649888473704}"
C059,leave_one_variant_out,E497D,18,A797T|D239N|D382Y|D778V|F834L|G741R|G768R|H251N|I457T|L781P|P710R|R249Q|R403Q|R453C|R663H|R719W|S782N|Y115H,E497D,,,Scaling recomputed in retained cohort; study deletion uses union of outcome sources.,0.217359131168,-0.0925639869449,estimated,estimated,,,1,1,"{""relay_landmark_min_ca_distance_8act_mean_ab"":20.848797703436446}","{""delta_charge"":0.802365782965103}"
C059,leave_one_variant_out,F834L,18,A797T|D239N|D382Y|D778V|E497D|G741R|G768R|H251N|I457T|L781P|P710R|R249Q|R403Q|R453C|R663H|R719W|S782N|Y115H,F834L,,,Scaling recomputed in retained cohort; study deletion uses union of outcome sources.,0.180458270911,-0.126440705161,estimated,estimated,,,1,1,"{""relay_landmark_min_ca_distance_8act_mean_ab"":16.51442391247207}","{""delta_charge"":0.802365782965103}"
C059,leave_one_variant_out,G741R,18,A797T|D239N|D382Y|D778V|E497D|F834L|G768R|H251N|I457T|L781P|P710R|R249Q|R403Q|R453C|R663H|R719W|S782N|Y115H,G741R,,,Scaling recomputed in retained cohort; study deletion uses union of outcome sources.,0.176761144149,-0.119492667127,estimated,estimated,,,1,1,"{""relay_landmark_min_ca_distance_8act_mean_ab"":22.028426005472706}","{""delta_charge"":0.7669649888473704}"
C059,leave_one_variant_out,G768R,18,A797T|D239N|D382Y|D778V|E497D|F834L|G741R|H251N|I457T|L781P|P710R|R249Q|R403Q|R453C|R663H|R719W|S782N|Y115H,G768R,,,Scaling recomputed in retained cohort; study deletion uses union of outcome sources.,0.175502672243,-0.120035801438,estimated,estimated,,,1,1,"{""relay_landmark_min_ca_distance_8act_mean_ab"":22.011904453512496}","{""delta_charge"":0.7669649888473704}"
C059,leave_one_variant_out,H251N,18,A797T|D239N|D382Y|D778V|E497D|F834L|G741R|G768R|I457T|L781P|P710R|R249Q|R403Q|R453C|R663H|R719W|S782N|Y115H,H251N,,,Scaling recomputed in retained cohort; study deletion uses union of outcome sources.,0.182958407697,-0.1062140351,estimated,estimated,,,1,1,"{""relay_landmark_min_ca_distance_8act_mean_ab"":22.277122438334715}","{""delta_charge"":0.802365782965103}"
C059,leave_one_variant_out,I457T,18,A797T|D239N|D382Y|D778V|E497D|F834L|G741R|G768R|H251N|L781P|P710R|R249Q|R403Q|R453C|R663H|R719W|S782N|Y115H,I457T,,,Scaling recomputed in retained cohort; study deletion uses union of outcome sources.,0.195107565625,-0.101849788926,estimated,estimated,,,1,1,"{""relay_landmark_min_ca_distance_8act_mean_ab"":22.1719701627512}","{""delta_charge"":0.802365782965103}"
C059,leave_one_variant_out,L781P,18,A797T|D239N|D382Y|D778V|E497D|F834L|G741R|G768R|H251N|I457T|P710R|R249Q|R403Q|R453C|R663H|R719W|S782N|Y115H,L781P,,,Scaling recomputed in retained cohort; study deletion uses union of outcome sources.,0.178502946834,-0.107936571385,estimated,estimated,,,1,1,"{""relay_landmark_min_ca_distance_8act_mean_ab"":22.297020930419237}","{""delta_charge"":0.802365782965103}"
C059,leave_one_variant_out,P710R,18,A797T|D239N|D382Y|D778V|E497D|F834L|G741R|G768R|H251N|I457T|L781P|R249Q|R403Q|R453C|R663H|R719W|S782N|Y115H,P710R,,,Scaling recomputed in retained cohort; study deletion uses union of outcome sources.,0.17859554131,-0.113565766848,estimated,estimated,,,1,1,"{""relay_landmark_min_ca_distance_8act_mean_ab"":21.539171268986404}","{""delta_charge"":0.7669649888473704}"
C059,leave_one_variant_out,R249Q,18,A797T|D239N|D382Y|D778V|E497D|F834L|G741R|G768R|H251N|I457T|L781P|P710R|R403Q|R453C|R663H|R719W|S782N|Y115H,R249Q,,,Scaling recomputed in retained cohort; study deletion uses union of outcome sources.,0.186788766267,-0.112679672371,estimated,estimated,,,1,1,"{""relay_landmark_min_ca_distance_8act_mean_ab"":22.25214294749323}","{""delta_charge"":0.7583952786593614}"
C059,leave_one_variant_out,R403Q,18,A797T|D239N|D382Y|D778V|E497D|F834L|G741R|G768R|H251N|I457T|L781P|P710R|R249Q|R453C|R663H|R719W|S782N|Y115H,R403Q,,,Scaling recomputed in retained cohort; study deletion uses union of outcome sources.,0.253891797726,-0.0661099820308,estimated,estimated,,,1,1,"{""relay_landmark_min_ca_distance_8act_mean_ab"":21.242017561349066}","{""delta_charge"":0.7583952786593614}"
C059,leave_one_variant_out,R453C,18,A797T|D239N|D382Y|D778V|E497D|F834L|G741R|G768R|H251N|I457T|L781P|P710R|R249Q|R403Q|R663H|R719W|S782N|Y115H,R453C,,,Scaling recomputed in retained cohort; study deletion uses union of outcome sources.,0.193714674747,-0.107984461479,estimated,estimated,,,1,1,"{""relay_landmark_min_ca_distance_8act_mean_ab"":22.296053291249926}","{""delta_charge"":0.7583952786593614}"
C059,leave_one_variant_out,R663H,18,A797T|D239N|D382Y|D778V|E497D|F834L|G741R|G768R|H251N|I457T|L781P|P710R|R249Q|R403Q|R453C|R719W|S782N|Y115H,R663H,,,Scaling recomputed in retained cohort; study deletion uses union of outcome sources.,0.210551257565,-0.0983999939652,estimated,estimated,,,1,1,"{""relay_landmark_min_ca_distance_8act_mean_ab"":21.81959003774372}","{""delta_charge"":0.7583952786593614}"
C059,leave_one_variant_out,R719W,18,A797T|D239N|D382Y|D778V|E497D|F834L|G741R|G768R|H251N|I457T|L781P|P710R|R249Q|R403Q|R453C|R663H|S782N|Y115H,R719W,,,Scaling recomputed in retained cohort; study deletion uses union of outcome sources.,0.201836933305,-0.105946735305,estimated,estimated,,,1,1,"{""relay_landmark_min_ca_distance_8act_mean_ab"":22.042648494187354}","{""delta_charge"":0.7583952786593614}"
C059,leave_one_variant_out,S782N,18,A797T|D239N|D382Y|D778V|E497D|F834L|G741R|G768R|H251N|I457T|L781P|P710R|R249Q|R403Q|R453C|R663H|R719W|Y115H,S782N,,,Scaling recomputed in retained cohort; study deletion uses union of outcome sources.,0.176539705925,-0.108692958273,estimated,estimated,,,1,1,"{""relay_landmark_min_ca_distance_8act_mean_ab"":22.291204344665033}","{""delta_charge"":0.802365782965103}"
C059,leave_one_variant_out,Y115H,18,A797T|D239N|D382Y|D778V|E497D|F834L|G741R|G768R|H251N|I457T|L781P|P710R|R249Q|R403Q|R453C|R663H|R719W|S782N,Y115H,,,Scaling recomputed in retained cohort; study deletion uses union of outcome sources.,0.187573463994,-0.104580406279,estimated,estimated,,,1,1,"{""relay_landmark_min_ca_distance_8act_mean_ab"":22.236191147283463}","{""delta_charge"":0.802365782965103}"
C060,leave_one_variant_out,A797T,16,D239N|D778V|E497D|F834L|G741R|G768R|H251N|I457T|L781P|R249Q|R403Q|R453C|R663H|R719W|S782N|Y115H,A797T,,,Scaling recomputed in retained cohort; study deletion uses union of outcome sources.,0.485044392562,0.100371872473,estimated,estimated,,,1,1,"{""relay_landmark_min_ca_distance_8act_mean_ab"":20.72244253164021}","{""grantham_distance"":48.00138886879559}"
C060,leave_one_variant_out,D239N,16,A797T|D778V|E497D|F834L|G741R|G768R|H251N|I457T|L781P|R249Q|R403Q|R453C|R663H|R719W|S782N|Y115H,D239N,,,Scaling recomputed in retained cohort; study deletion uses union of outcome sources.,0.502645860677,0.10898334132,estimated,estimated,,,1,1,"{""relay_landmark_min_ca_distance_8act_mean_ab"":21.445919397719827}","{""grantham_distance"":46.01118523431739}"
C060,leave_one_variant_out,D778V,16,A797T|D239N|E497D|F834L|G741R|G768R|H251N|I457T|L781P|R249Q|R403Q|R453C|R663H|R719W|S782N|Y115H,D778V,,,Scaling recomputed in retained cohort; study deletion uses union of outcome sources.,0.500139488846,0.123569366804,estimated,estimated,,,1,1,"{""relay_landmark_min_ca_distance_8act_mean_ab"":21.46542575347549}","{""grantham_distance"":44.13294309998673}"
C060,leave_one_variant_out,E497D,16,A797T|D239N|D778V|F834L|G741R|G768R|H251N|I457T|L781P|R249Q|R403Q|R453C|R663H|R719W|S782N|Y115H,E497D,,,Scaling recomputed in retained cohort; study deletion uses union of outcome sources.,0.540251761699,0.184767470444,estimated,estimated,,,1,1,"{""relay_landmark_min_ca_distance_8act_mean_ab"":19.80426791858011}","{""grantham_distance"":47.48574347457701}"
C060,leave_one_variant_out,F834L,16,A797T|D239N|D778V|E497D|G741R|G768R|H251N|I457T|L781P|R249Q|R403Q|R453C|R663H|R719W|S782N|Y115H,F834L,,,Scaling recomputed in retained cohort; study deletion uses union of outcome sources.,0.437924566036,0.049698890215,estimated,estimated,,,1,1,"{""relay_landmark_min_ca_distance_8act_mean_ab"":14.179540803182622}","{""grantham_distance"":45.92530166839771}"
C060,leave_one_variant_out,G741R,16,A797T|D239N|D778V|E497D|F834L|G768R|H251N|I457T|L781P|R249Q|R403Q|R453C|R663H|R719W|S782N|Y115H,G741R,,,Scaling recomputed in retained cohort; study deletion uses union of outcome sources.,0.470338752343,0.0893390200667,estimated,estimated,,,1,1,"{""relay_landmark_min_ca_distance_8act_mean_ab"":21.181684663115643}","{""grantham_distance"":46.67150272561048}"
C060,leave_one_variant_out,G768R,16,A797T|D239N|D778V|E497D|F834L|G741R|H251N|I457T|L781P|R249Q|R403Q|R453C|R663H|R719W|S782N|Y115H,G768R,,,Scaling recomputed in retained cohort; study deletion uses union of outcome sources.,0.471315270589,0.0913425717848,estimated,estimated,,,1,1,"{""relay_landmark_min_ca_distance_8act_mean_ab"":21.162767685880336}","{""grantham_distance"":46.67150272561048}"
C060,leave_one_variant_out,H251N,16,A797T|D239N|D778V|E497D|F834L|G741R|G768R|I457T|L781P|R249Q|R403Q|R453C|R663H|R719W|S782N|Y115H,H251N,,,Scaling recomputed in retained cohort; study deletion uses union of outcome sources.,0.495328955482,0.123514914757,estimated,estimated,,,1,1,"{""relay_landmark_min_ca_distance_8act_mean_ab"":21.460076884772818}","{""grantham_distance"":48.22568471952126}"
C060,leave_one_variant_out,I457T,16,A797T|D239N|D778V|E497D|F834L|G741R|G768R|H251N|L781P|R249Q|R403Q|R453C|R663H|R719W|S782N|Y115H,I457T,,,Scaling recomputed in retained cohort; study deletion uses union of outcome sources.,0.478785916087,0.105146812383,estimated,estimated,,,1,1,"{""relay_landmark_min_ca_distance_8act_mean_ab"":21.344711140592693}","{""grantham_distance"":48.21751929191989}"
C060,leave_one_variant_out,L781P,16,A797T|D239N|D778V|E497D|F834L|G741R|G768R|H251N|I457T|R249Q|R403Q|R453C|R663H|R719W|S782N|Y115H,L781P,,,Scaling recomputed in retained cohort; study deletion uses union of outcome sources.,0.49370058495,0.128343940917,estimated,estimated,,,1,1,"{""relay_landmark_min_ca_distance_8act_mean_ab"":21.47850195036587}","{""grantham_distance"":48.01527534719203}"
C060,leave_one_variant_out,R249Q,16,A797T|D239N|D778V|E497D|F834L|G741R|G768R|H251N|I457T|L781P|R403Q|R453C|R663H|R719W|S782N|Y115H,R249Q,,,Scaling recomputed in retained cohort; study deletion uses union of outcome sources.,0.526803716657,0.154775597304,estimated,estimated,,,1,1,"{""relay_landmark_min_ca_distance_8act_mean_ab"":21.433541444445144}","{""grantham_distance"":47.38349747890433}"
C060,leave_one_variant_out,R403Q,16,A797T|D239N|D778V|E497D|F834L|G741R|G768R|H251N|I457T|L781P|R249Q|R453C|R663H|R719W|S782N|Y115H,R403Q,,,Scaling recomputed in retained cohort; study deletion uses union of outcome sources.,0.467721032018,0.0536275887337,estimated,estimated,,,1,1,"{""relay_landmark_min_ca_distance_8act_mean_ab"":20.17378688354791}","{""grantham_distance"":47.38349747890433}"
C060,leave_one_variant_out,R453C,16,A797T|D239N|D778V|E497D|F834L|G741R|G768R|H251N|I457T|L781P|R249Q|R403Q|R663H|R719W|S782N|Y115H,R453C,,,Scaling recomputed in retained cohort; study deletion uses union of outcome sources.,0.515025457284,0.141884768258,estimated,estimated,,,1,1,"{""relay_landmark_min_ca_distance_8act_mean_ab"":21.478002397802953}","{""grantham_distance"":39.99479132753831}"
C060,leave_one_variant_out,R663H,16,A797T|D239N|D778V|E497D|F834L|G741R|G768R|H251N|I457T|L781P|R249Q|R403Q|R453C|R719W|S782N|Y115H,R663H,,,Scaling recomputed in retained cohort; study deletion uses union of outcome sources.,0.559337776544,0.210763054507,estimated,estimated,,,1,1,"{""relay_landmark_min_ca_distance_8act_mean_ab"":20.941247652656354}","{""grantham_distance"":46.491172997319254}"
C060,leave_one_variant_out,R719W,16,A797T|D239N|D778V|E497D|F834L|G741R|G768R|H251N|I457T|L781P|R249Q|R403Q|R453C|R663H|S782N|Y115H,R719W,,,Scaling recomputed in retained cohort; study deletion uses union of outcome sources.,0.473858081504,0.097448659792,estimated,estimated,,,1,1,"{""relay_landmark_min_ca_distance_8act_mean_ab"":21.197950142788887}","{""grantham_distance"":47.921072261236674}"
C060,leave_one_variant_out,S782N,16,A797T|D239N|D778V|E497D|F834L|G741R|G768R|H251N|I457T|L781P|R249Q|R403Q|R453C|R663H|R719W|Y115H,S782N,,,Scaling recomputed in retained cohort; study deletion uses union of outcome sources.,0.500914362224,0.117141131544,estimated,estimated,,,1,1,"{""relay_landmark_min_ca_distance_8act_mean_ab"":21.467027076764403}","{""grantham_distance"":47.53454883906371}"
C060,leave_one_variant_out,Y115H,16,A797T|D239N|D778V|E497D|F834L|G741R|G768R|H251N|I457T|L781P|R249Q|R403Q|R453C|R663H|R719W|S782N,Y115H,,,Scaling recomputed in retained cohort; study deletion uses union of outcome sources.,0.483349289362,0.111146617298,estimated,estimated,,,1,1,"{""relay_landmark_min_ca_distance_8act_mean_ab"":21.416153031898972}","{""grantham_distance"":48.28591064344408}"
C061,leave_one_variant_out,A797T,16,D239N|D778V|E497D|F834L|G741R|G768R|H251N|I457T|L781P|R249Q|R403Q|R453C|R663H|R719W|S782N|Y115H,A797T,,,Scaling recomputed in retained cohort; study deletion uses union of outcome sources.,0.659475823177,0.0157466314175,estimated,estimated,,,1,1,"{""relay_landmark_min_ca_distance_8act_mean_ab"":20.72244253164021}","{""catalytic_motif_min_ca_distance_8act_mean_ab"":19.974048462950332}"
C061,leave_one_variant_out,D239N,16,A797T|D778V|E497D|F834L|G741R|G768R|H251N|I457T|L781P|R249Q|R403Q|R453C|R663H|R719W|S782N|Y115H,D239N,,,Scaling recomputed in retained cohort; study deletion uses union of outcome sources.,0.712376016507,0.221745149782,estimated,estimated,,,1,1,"{""relay_landmark_min_ca_distance_8act_mean_ab"":21.445919397719827}","{""catalytic_motif_min_ca_distance_8act_mean_ab"":19.323448102307275}"
C061,leave_one_variant_out,D778V,16,A797T|D239N|E497D|F834L|G741R|G768R|H251N|I457T|L781P|R249Q|R403Q|R453C|R663H|R719W|S782N|Y115H,D778V,,,Scaling recomputed in retained cohort; study deletion uses union of outcome sources.,0.686639173393,0.175521473578,estimated,estimated,,,1,1,"{""relay_landmark_min_ca_distance_8act_mean_ab"":21.46542575347549}","{""catalytic_motif_min_ca_distance_8act_mean_ab"":20.83724285918141}"
C061,leave_one_variant_out,E497D,16,A797T|D239N|D778V|F834L|G741R|G768R|H251N|I457T|L781P|R249Q|R403Q|R453C|R663H|R719W|S782N|Y115H,E497D,,,Scaling recomputed in retained cohort; study deletion uses union of outcome sources.,0.677006758272,0.147508107806,estimated,estimated,,,1,1,"{""relay_landmark_min_ca_distance_8act_mean_ab"":19.80426791858011}","{""catalytic_motif_min_ca_distance_8act_mean_ab"":20.800221744118687}"
C061,leave_one_variant_out,F834L,16,A797T|D239N|D778V|E497D|G741R|G768R|H251N|I457T|L781P|R249Q|R403Q|R453C|R663H|R719W|S782N|Y115H,F834L,,,Scaling recomputed in retained cohort; study deletion uses union of outcome sources.,0.446156188833,0.00607738201316,estimated,estimated,,,1,1,"{""relay_landmark_min_ca_distance_8act_mean_ab"":14.179540803182622}","{""catalytic_motif_min_ca_distance_8act_mean_ab"":14.485008840570595}"
C061,leave_one_variant_out,G741R,16,A797T|D239N|D778V|E497D|F834L|G768R|H251N|I457T|L781P|R249Q|R403Q|R453C|R663H|R719W|S782N|Y115H,G741R,,,Scaling recomputed in retained cohort; study deletion uses union of outcome sources.,0.726759424887,0.249261349165,estimated,estimated,,,1,1,"{""relay_landmark_min_ca_distance_8act_mean_ab"":21.181684663115643}","{""catalytic_motif_min_ca_distance_8act_mean_ab"":20.56036079865603}"
C061,leave_one_variant_out,G768R,16,A797T|D239N|D778V|E497D|F834L|G741R|H251N|I457T|L781P|R249Q|R403Q|R453C|R663H|R719W|S782N|Y115H,G768R,,,Scaling recomputed in retained cohort; study deletion uses union of outcome sources.,0.677989706165,0.160896687543,estimated,estimated,,,1,1,"{""relay_landmark_min_ca_distance_8act_mean_ab"":21.162767685880336}","{""catalytic_motif_min_ca_distance_8act_mean_ab"":20.872827204519783}"
C061,leave_one_variant_out,H251N,16,A797T|D239N|D778V|E497D|F834L|G741R|G768R|I457T|L781P|R249Q|R403Q|R453C|R663H|R719W|S782N|Y115H,H251N,,,Scaling recomputed in retained cohort; study deletion uses union of outcome sources.,0.676500538063,0.151253913504,estimated,estimated,,,1,1,"{""relay_landmark_min_ca_distance_8act_mean_ab"":21.460076884772818}","{""catalytic_motif_min_ca_distance_8act_mean_ab"":20.562379148510246}"
C061,leave_one_variant_out,I457T,16,A797T|D239N|D778V|E497D|F834L|G741R|G768R|H251N|L781P|R249Q|R403Q|R453C|R663H|R719W|S782N|Y115H,I457T,,,Scaling recomputed in retained cohort; study deletion uses union of outcome sources.,0.674286926112,0.139144748366,estimated,estimated,,,1,1,"{""relay_landmark_min_ca_distance_8act_mean_ab"":21.344711140592693}","{""catalytic_motif_min_ca_distance_8act_mean_ab"":20.413588069085513}"
C061,leave_one_variant_out,L781P,16,A797T|D239N|D778V|E497D|F834L|G741R|G768R|H251N|I457T|R249Q|R403Q|R453C|R663H|R719W|S782N|Y115H,L781P,,,Scaling recomputed in retained cohort; study deletion uses union of outcome sources.,0.691436266985,0.173237678123,estimated,estimated,,,1,1,"{""relay_landmark_min_ca_distance_8act_mean_ab"":21.47850195036587}","{""catalytic_motif_min_ca_distance_8act_mean_ab"":20.736340669174833}"
C061,leave_one_variant_out,R249Q,16,A797T|D239N|D778V|E497D|F834L|G741R|G768R|H251N|I457T|L781P|R403Q|R453C|R663H|R719W|S782N|Y115H,R249Q,,,Scaling recomputed in retained cohort; study deletion uses union of outcome sources.,0.677580645746,0.141588819057,estimated,estimated,,,1,1,"{""relay_landmark_min_ca_distance_8act_mean_ab"":21.433541444445144}","{""catalytic_motif_min_ca_distance_8act_mean_ab"":20.19212229711602}"
C061,leave_one_variant_out,R403Q,16,A797T|D239N|D778V|E497D|F834L|G741R|G768R|H251N|I457T|L781P|R249Q|R453C|R663H|R719W|S782N|Y115H,R403Q,,,Scaling recomputed in retained cohort; study deletion uses union of outcome sources.,0.720506682581,0.174506510565,estimated,estimated,,,1,1,"{""relay_landmark_min_ca_distance_8act_mean_ab"":20.17378688354791}","{""catalytic_motif_min_ca_distance_8act_mean_ab"":20.85719343455025}"
C061,leave_one_variant_out,R453C,16,A797T|D239N|D778V|E497D|F834L|G741R|G768R|H251N|I457T|L781P|R249Q|R403Q|R663H|R719W|S782N|Y115H,R453C,,,Scaling recomputed in retained cohort; study deletion uses union of outcome sources.,0.678438804033,0.164959452934,estimated,estimated,,,1,1,"{""relay_landmark_min_ca_distance_8act_mean_ab"":21.478002397802953}","{""catalytic_motif_min_ca_distance_8act_mean_ab"":20.76410478120334}"
C061,leave_one_variant_out,R663H,16,A797T|D239N|D778V|E497D|F834L|G741R|G768R|H251N|I457T|L781P|R249Q|R403Q|R453C|R719W|S782N|Y115H,R663H,,,Scaling recomputed in retained cohort; study deletion uses union of outcome sources.,0.678453868512,0.149594933512,estimated,estimated,,,1,1,"{""relay_landmark_min_ca_distance_8act_mean_ab"":20.941247652656354}","{""catalytic_motif_min_ca_distance_8act_mean_ab"":20.573579382549823}"
C061,leave_one_variant_out,R719W,16,A797T|D239N|D778V|E497D|F834L|G741R|G768R|H251N|I457T|L781P|R249Q|R403Q|R453C|R663H|S782N|Y115H,R719W,,,Scaling recomputed in retained cohort; study deletion uses union of outcome sources.,0.70847313122,0.215168451951,estimated,estimated,,,1,1,"{""relay_landmark_min_ca_distance_8act_mean_ab"":21.197950142788887}","{""catalytic_motif_min_ca_distance_8act_mean_ab"":20.766876328770955}"
C061,leave_one_variant_out,S782N,16,A797T|D239N|D778V|E497D|F834L|G741R|G768R|H251N|I457T|L781P|R249Q|R403Q|R453C|R663H|R719W|Y115H,S782N,,,Scaling recomputed in retained cohort; study deletion uses union of outcome sources.,0.688033575935,0.163079697247,estimated,estimated,,,1,1,"{""relay_landmark_min_ca_distance_8act_mean_ab"":21.467027076764403}","{""catalytic_motif_min_ca_distance_8act_mean_ab"":20.740447684320163}"
C061,leave_one_variant_out,Y115H,16,A797T|D239N|D778V|E497D|F834L|G741R|G768R|H251N|I457T|L781P|R249Q|R403Q|R453C|R663H|R719W|S782N,Y115H,,,Scaling recomputed in retained cohort; study deletion uses union of outcome sources.,0.674285354463,0.137149987913,estimated,estimated,,,1,1,"{""relay_landmark_min_ca_distance_8act_mean_ab"":21.416153031898972}","{""catalytic_motif_min_ca_distance_8act_mean_ab"":20.34222928682121}"
C062,leave_one_variant_out,A797T,15,D382Y|D778V|E497D|F834L|G768R|H251N|I457T|L781P|P710R|R249Q|R403Q|R663H|R719W|S782N|Y115H,A797T,,,Scaling recomputed in retained cohort; study deletion uses union of outcome sources.,0.437355432081,0.0912066913265,estimated,estimated,,,1,1,"{""relay_landmark_min_ca_distance_8act_mean_ab"":23.614449625750822}","{""wt_site_rsa_8act_mean_ab"":0.18399885430644372}"
C062,leave_one_variant_out,D382Y,15,A797T|D778V|E497D|F834L|G768R|H251N|I457T|L781P|P710R|R249Q|R403Q|R663H|R719W|S782N|Y115H,D382Y,,,Scaling recomputed in retained cohort; study deletion uses union of outcome sources.,0.382988044668,0.00150242198767,estimated,estimated,,,1,1,"{""relay_landmark_min_ca_distance_8act_mean_ab"":22.713207452158002}","{""wt_site_rsa_8act_mean_ab"":0.1906365592599791}"
C062,leave_one_variant_out,D778V,15,A797T|D382Y|E497D|F834L|G768R|H251N|I457T|L781P|P710R|R249Q|R403Q|R663H|R719W|S782N|Y115H,D778V,,,Scaling recomputed in retained cohort; study deletion uses union of outcome sources.,0.406958257134,0.0368899058108,estimated,estimated,,,1,1,"{""relay_landmark_min_ca_distance_8act_mean_ab"":24.22891339270871}","{""wt_site_rsa_8act_mean_ab"":0.18850110859140243}"
C062,leave_one_variant_out,E497D,15,A797T|D382Y|D778V|F834L|G768R|H251N|I457T|L781P|P710R|R249Q|R403Q|R663H|R719W|S782N|Y115H,E497D,,,Scaling recomputed in retained cohort; study deletion uses union of outcome sources.,0.414346029761,0.0384327807665,estimated,estimated,,,1,1,"{""relay_landmark_min_ca_distance_8act_mean_ab"":22.543240112087965}","{""wt_site_rsa_8act_mean_ab"":0.18770595229121828}"
C062,leave_one_variant_out,F834L,15,A797T|D382Y|D778V|E497D|G768R|H251N|I457T|L781P|P710R|R249Q|R403Q|R663H|R719W|S782N|Y115H,F834L,,,Scaling recomputed in retained cohort; study deletion uses union of outcome sources.,0.384938323811,-0.00757291539882,estimated,estimated,,,1,1,"{""relay_landmark_min_ca_distance_8act_mean_ab"":17.862922774343197}","{""wt_site_rsa_8act_mean_ab"":0.19073985894618609}"
C062,leave_one_variant_out,G768R,15,A797T|D382Y|D778V|E497D|F834L|H251N|I457T|L781P|P710R|R249Q|R403Q|R663H|R719W|S782N|Y115H,G768R,,,Scaling recomputed in retained cohort; study deletion uses union of outcome sources.,0.399424062974,-0.0138326429744,estimated,estimated,,,1,1,"{""relay_landmark_min_ca_distance_8act_mean_ab"":23.89965859919051}","{""wt_site_rsa_8act_mean_ab"":0.15500209630715522}"
C062,leave_one_variant_out,H251N,15,A797T|D382Y|D778V|E497D|F834L|G768R|I457T|L781P|P710R|R249Q|R403Q|R663H|R719W|S782N|Y115H,H251N,,,Scaling recomputed in retained cohort; study deletion uses union of outcome sources.,0.406461849168,0.0335908954117,estimated,estimated,,,1,1,"{""relay_landmark_min_ca_distance_8act_mean_ab"":24.22186868031235}","{""wt_site_rsa_8act_mean_ab"":0.1880669578427393}"
C062,leave_one_variant_out,I457T,15,A797T|D382Y|D778V|E497D|F834L|G768R|H251N|L781P|P710R|R249Q|R403Q|R663H|R719W|S782N|Y115H,I457T,,,Scaling recomputed in retained cohort; study deletion uses union of outcome sources.,0.411866398748,0.0342997236983,estimated,estimated,,,1,1,"{""relay_landmark_min_ca_distance_8act_mean_ab"":24.090932684553447}","{""wt_site_rsa_8act_mean_ab"":0.18168454305830953}"
C062,leave_one_variant_out,L781P,15,A797T|D382Y|D778V|E497D|F834L|G768R|H251N|I457T|P710R|R249Q|R403Q|R663H|R719W|S782N|Y115H,L781P,,,Scaling recomputed in retained cohort; study deletion uses union of outcome sources.,0.40249328424,0.0331371581344,estimated,estimated,,,1,1,"{""relay_landmark_min_ca_distance_8act_mean_ab"":24.251151042766043}","{""wt_site_rsa_8act_mean_ab"":0.19006800299460927}"
C062,leave_one_variant_out,P710R,15,A797T|D382Y|D778V|E497D|F834L|G768R|H251N|I457T|L781P|R249Q|R403Q|R663H|R719W|S782N|Y115H,P710R,,,Scaling recomputed in retained cohort; study deletion uses union of outcome sources.,0.417935755546,0.0373348706618,estimated,estimated,,,1,1,"{""relay_landmark_min_ca_distance_8act_mean_ab"":23.345324782057382}","{""wt_site_rsa_8act_mean_ab"":0.18872828084093593}"
C062,leave_one_variant_out,R249Q,15,A797T|D382Y|D778V|E497D|F834L|G768R|H251N|I457T|L781P|P710R|R403Q|R663H|R719W|S782N|Y115H,R249Q,,,Scaling recomputed in retained cohort; study deletion uses union of outcome sources.,0.415048376368,0.0432498187528,estimated,estimated,,,1,1,"{""relay_landmark_min_ca_distance_8act_mean_ab"":24.18962468289306}","{""wt_site_rsa_8act_mean_ab"":0.19073538105110788}"
C062,leave_one_variant_out,R403Q,15,A797T|D382Y|D778V|E497D|F834L|G768R|H251N|I457T|L781P|P710R|R249Q|R663H|R719W|S782N|Y115H,R403Q,,,Scaling recomputed in retained cohort; study deletion uses union of outcome sources.,0.389475196726,0.00768829962104,estimated,estimated,,,1,1,"{""relay_landmark_min_ca_distance_8act_mean_ab"":23.122929332070495}","{""wt_site_rsa_8act_mean_ab"":0.19059507948029447}"
C062,leave_one_variant_out,R663H,15,A797T|D382Y|D778V|E497D|F834L|G768R|H251N|I457T|L781P|P710R|R249Q|R403Q|R719W|S782N|Y115H,R663H,,,Scaling recomputed in retained cohort; study deletion uses union of outcome sources.,0.394698896404,-0.000615946862794,estimated,estimated,,,1,1,"{""relay_landmark_min_ca_distance_8act_mean_ab"":23.67311132376466}","{""wt_site_rsa_8act_mean_ab"":0.15583167934311914}"
C062,leave_one_variant_out,R719W,15,A797T|D382Y|D778V|E497D|F834L|G768R|H251N|I457T|L781P|P710R|R249Q|R403Q|R663H|S782N|Y115H,R719W,,,Scaling recomputed in retained cohort; study deletion uses union of outcome sources.,0.424435019941,0.0485512866318,estimated,estimated,,,1,1,"{""relay_landmark_min_ca_distance_8act_mean_ab"":23.936118451200297}","{""wt_site_rsa_8act_mean_ab"":0.19025781541744846}"
C062,leave_one_variant_out,S782N,15,A797T|D382Y|D778V|E497D|F834L|G768R|H251N|I457T|L781P|P710R|R249Q|R403Q|R663H|R719W|Y115H,S782N,,,Scaling recomputed in retained cohort; study deletion uses union of outcome sources.,0.403751269941,0.0387699483663,estimated,estimated,,,1,1,"{""relay_landmark_min_ca_distance_8act_mean_ab"":24.25068029156536}","{""wt_site_rsa_8act_mean_ab"":0.18723186330424393}"
C062,leave_one_variant_out,Y115H,15,A797T|D382Y|D778V|E497D|F834L|G768R|H251N|I457T|L781P|P710R|R249Q|R403Q|R663H|R719W|S782N,Y115H,,,Scaling recomputed in retained cohort; study deletion uses union of outcome sources.,0.408962442364,0.0316494587605,estimated,estimated,,,1,1,"{""relay_landmark_min_ca_distance_8act_mean_ab"":24.169616944627233}","{""wt_site_rsa_8act_mean_ab"":0.1831998356752289}"
C063,leave_one_variant_out,A797T,15,D382Y|D778V|E497D|F834L|G768R|H251N|I457T|L781P|P710R|R249Q|R403Q|R663H|R719W|S782N|Y115H,A797T,,,Scaling recomputed in retained cohort; study deletion uses union of outcome sources.,0.683539157428,0.430995774669,estimated,estimated,,,1,1,"{""relay_landmark_min_ca_distance_8act_mean_ab"":23.614449625750822}","{""ihm_interface_flag_8act"":0.35186577527449836}"
C063,leave_one_variant_out,D382Y,15,A797T|D778V|E497D|F834L|G768R|H251N|I457T|L781P|P710R|R249Q|R403Q|R663H|R719W|S782N|Y115H,D382Y,,,Scaling recomputed in retained cohort; study deletion uses union of outcome sources.,0.486792942746,,estimated,zero_u_distance_variance,,,1,1,"{""relay_landmark_min_ca_distance_8act_mean_ab"":22.713207452158002}","{""ihm_interface_flag_8act"":0.25819888974716115}"
C063,leave_one_variant_out,D778V,15,A797T|D382Y|E497D|F834L|G768R|H251N|I457T|L781P|P710R|R249Q|R403Q|R663H|R719W|S782N|Y115H,D778V,,,Scaling recomputed in retained cohort; study deletion uses union of outcome sources.,0.62195256682,0.333673852233,estimated,estimated,,,1,1,"{""relay_landmark_min_ca_distance_8act_mean_ab"":24.22891339270871}","{""ihm_interface_flag_8act"":0.35186577527449836}"
C063,leave_one_variant_out,E497D,15,A797T|D382Y|D778V|F834L|G768R|H251N|I457T|L781P|P710R|R249Q|R403Q|R663H|R719W|S782N|Y115H,E497D,,,Scaling recomputed in retained cohort; study deletion uses union of outcome sources.,0.630697877375,0.344974341673,estimated,estimated,,,1,1,"{""relay_landmark_min_ca_distance_8act_mean_ab"":22.543240112087965}","{""ihm_interface_flag_8act"":0.35186577527449836}"
C063,leave_one_variant_out,F834L,15,A797T|D382Y|D778V|E497D|G768R|H251N|I457T|L781P|P710R|R249Q|R403Q|R663H|R719W|S782N|Y115H,F834L,,,Scaling recomputed in retained cohort; study deletion uses union of outcome sources.,0.772553581267,0.514092453172,estimated,estimated,,,1,1,"{""relay_landmark_min_ca_distance_8act_mean_ab"":17.862922774343197}","{""ihm_interface_flag_8act"":0.35186577527449836}"
C063,leave_one_variant_out,G768R,15,A797T|D382Y|D778V|E497D|F834L|H251N|I457T|L781P|P710R|R249Q|R403Q|R663H|R719W|S782N|Y115H,G768R,,,Scaling recomputed in retained cohort; study deletion uses union of outcome sources.,0.621129113564,0.33552803246,estimated,estimated,,,1,1,"{""relay_landmark_min_ca_distance_8act_mean_ab"":23.89965859919051}","{""ihm_interface_flag_8act"":0.35186577527449836}"
C063,leave_one_variant_out,H251N,15,A797T|D382Y|D778V|E497D|F834L|G768R|I457T|L781P|P710R|R249Q|R403Q|R663H|R719W|S782N|Y115H,H251N,,,Scaling recomputed in retained cohort; study deletion uses union of outcome sources.,0.621519214655,0.333159763533,estimated,estimated,,,1,1,"{""relay_landmark_min_ca_distance_8act_mean_ab"":24.22186868031235}","{""ihm_interface_flag_8act"":0.35186577527449836}"
C063,leave_one_variant_out,I457T,15,A797T|D382Y|D778V|E497D|F834L|G768R|H251N|L781P|P710R|R249Q|R403Q|R663H|R719W|S782N|Y115H,I457T,,,Scaling recomputed in retained cohort; study deletion uses union of outcome sources.,0.619364642087,0.331430398205,estimated,estimated,,,1,1,"{""relay_landmark_min_ca_distance_8act_mean_ab"":24.090932684553447}","{""ihm_interface_flag_8act"":0.35186577527449836}"
C063,leave_one_variant_out,L781P,15,A797T|D382Y|D778V|E497D|F834L|G768R|H251N|I457T|P710R|R249Q|R403Q|R663H|R719W|S782N|Y115H,L781P,,,Scaling recomputed in retained cohort; study deletion uses union of outcome sources.,0.624701069257,0.337126961561,estimated,estimated,,,1,1,"{""relay_landmark_min_ca_distance_8act_mean_ab"":24.251151042766043}","{""ihm_interface_flag_8act"":0.35186577527449836}"
C063,leave_one_variant_out,P710R,15,A797T|D382Y|D778V|E497D|F834L|G768R|H251N|I457T|L781P|R249Q|R403Q|R663H|R719W|S782N|Y115H,P710R,,,Scaling recomputed in retained cohort; study deletion uses union of outcome sources.,0.627085000081,0.344974341673,estimated,estimated,,,1,1,"{""relay_landmark_min_ca_distance_8act_mean_ab"":23.345324782057382}","{""ihm_interface_flag_8act"":0.35186577527449836}"
C063,leave_one_variant_out,R249Q,15,A797T|D382Y|D778V|E497D|F834L|G768R|H251N|I457T|L781P|P710R|R403Q|R663H|R719W|S782N|Y115H,R249Q,,,Scaling recomputed in retained cohort; study deletion uses union of outcome sources.,0.620281519963,0.331786298643,estimated,estimated,,,1,1,"{""relay_landmark_min_ca_distance_8act_mean_ab"":24.18962468289306}","{""ihm_interface_flag_8act"":0.35186577527449836}"
C063,leave_one_variant_out,R403Q,15,A797T|D382Y|D778V|E497D|F834L|G768R|H251N|I457T|L781P|P710R|R249Q|R663H|R719W|S782N|Y115H,R403Q,,,Scaling recomputed in retained cohort; study deletion uses union of outcome sources.,0.514084434248,,estimated,zero_u_distance_variance,,,1,1,"{""relay_landmark_min_ca_distance_8act_mean_ab"":23.122929332070495}","{""ihm_interface_flag_8act"":0.25819888974716115}"
C063,leave_one_variant_out,R663H,15,A797T|D382Y|D778V|E497D|F834L|G768R|H251N|I457T|L781P|P710R|R249Q|R403Q|R719W|S782N|Y115H,R663H,,,Scaling recomputed in retained cohort; study deletion uses union of outcome sources.,0.623763346332,0.340220697188,estimated,estimated,,,1,1,"{""relay_landmark_min_ca_distance_8act_mean_ab"":23.67311132376466}","{""ihm_interface_flag_8act"":0.35186577527449836}"
C063,leave_one_variant_out,R719W,15,A797T|D382Y|D778V|E497D|F834L|G768R|H251N|I457T|L781P|P710R|R249Q|R403Q|R663H|S782N|Y115H,R719W,,,Scaling recomputed in retained cohort; study deletion uses union of outcome sources.,0.620698030138,0.334664297857,estimated,estimated,,,1,1,"{""relay_landmark_min_ca_distance_8act_mean_ab"":23.936118451200297}","{""ihm_interface_flag_8act"":0.35186577527449836}"
C063,leave_one_variant_out,S782N,15,A797T|D382Y|D778V|E497D|F834L|G768R|H251N|I457T|L781P|P710R|R249Q|R403Q|R663H|R719W|Y115H,S782N,,,Scaling recomputed in retained cohort; study deletion uses union of outcome sources.,0.628665458248,0.342418108967,estimated,estimated,,,1,1,"{""relay_landmark_min_ca_distance_8act_mean_ab"":24.25068029156536}","{""ihm_interface_flag_8act"":0.35186577527449836}"
C063,leave_one_variant_out,Y115H,15,A797T|D382Y|D778V|E497D|F834L|G768R|H251N|I457T|L781P|P710R|R249Q|R403Q|R663H|R719W|S782N,Y115H,,,Scaling recomputed in retained cohort; study deletion uses union of outcome sources.,0.619860879496,0.331397919848,estimated,estimated,,,1,1,"{""relay_landmark_min_ca_distance_8act_mean_ab"":24.169616944627233}","{""ihm_interface_flag_8act"":0.35186577527449836}"
C064,leave_one_variant_out,A797T,18,D239N|D382Y|D778V|E497D|F834L|G741R|G768R|H251N|I457T|L781P|P710R|R249Q|R403Q|R453C|R663H|R719W|S782N|Y115H,A797T,,,Scaling recomputed in retained cohort; study deletion uses union of outcome sources.,0.219261137799,-0.110684840637,estimated,estimated,,,1,1,"{""elc_min_heavy_distance_8act_mean_ab"":16.45861311765713}","{""delta_charge"":0.802365782965103}"
C064,leave_one_variant_out,D239N,18,A797T|D382Y|D778V|E497D|F834L|G741R|G768R|H251N|I457T|L781P|P710R|R249Q|R403Q|R453C|R663H|R719W|S782N|Y115H,D239N,,,Scaling recomputed in retained cohort; study deletion uses union of outcome sources.,0.213697999697,-0.122427196134,estimated,estimated,,,1,1,"{""elc_min_heavy_distance_8act_mean_ab"":16.340187049759923}","{""delta_charge"":0.7669649888473704}"
C064,leave_one_variant_out,D382Y,18,A797T|D239N|D778V|E497D|F834L|G741R|G768R|H251N|I457T|L781P|P710R|R249Q|R403Q|R453C|R663H|R719W|S782N|Y115H,D382Y,,,Scaling recomputed in retained cohort; study deletion uses union of outcome sources.,0.256699340848,-0.10832761615,estimated,estimated,,,1,1,"{""elc_min_heavy_distance_8act_mean_ab"":14.050685426029183}","{""delta_charge"":0.7669649888473704}"
C064,leave_one_variant_out,D778V,18,A797T|D239N|D382Y|E497D|F834L|G741R|G768R|H251N|I457T|L781P|P710R|R249Q|R403Q|R453C|R663H|R719W|S782N|Y115H,D778V,,,Scaling recomputed in retained cohort; study deletion uses union of outcome sources.,0.306745995903,-0.0609765165365,estimated,estimated,,,1,1,"{""elc_min_heavy_distance_8act_mean_ab"":16.619129113808825}","{""delta_charge"":0.7669649888473704}"
C064,leave_one_variant_out,E497D,18,A797T|D239N|D382Y|D778V|F834L|G741R|G768R|H251N|I457T|L781P|P710R|R249Q|R403Q|R453C|R663H|R719W|S782N|Y115H,E497D,,,Scaling recomputed in retained cohort; study deletion uses union of outcome sources.,0.246821433254,-0.0896783591843,estimated,estimated,,,1,1,"{""elc_min_heavy_distance_8act_mean_ab"":16.974942865064897}","{""delta_charge"":0.802365782965103}"
C064,leave_one_variant_out,F834L,18,A797T|D239N|D382Y|D778V|E497D|G741R|G768R|H251N|I457T|L781P|P710R|R249Q|R403Q|R453C|R663H|R719W|S782N|Y115H,F834L,,,Scaling recomputed in retained cohort; study deletion uses union of outcome sources.,0.261249596782,-0.0829986923439,estimated,estimated,,,1,1,"{""elc_min_heavy_distance_8act_mean_ab"":16.833198031631518}","{""delta_charge"":0.802365782965103}"
C064,leave_one_variant_out,G741R,18,A797T|D239N|D382Y|D778V|E497D|F834L|G768R|H251N|I457T|L781P|P710R|R249Q|R403Q|R453C|R663H|R719W|S782N|Y115H,G741R,,,Scaling recomputed in retained cohort; study deletion uses union of outcome sources.,0.275367480551,-0.0839775630358,estimated,estimated,,,1,1,"{""elc_min_heavy_distance_8act_mean_ab"":16.888253457642445}","{""delta_charge"":0.7669649888473704}"
C064,leave_one_variant_out,G768R,18,A797T|D239N|D382Y|D778V|E497D|F834L|G741R|H251N|I457T|L781P|P710R|R249Q|R403Q|R453C|R663H|R719W|S782N|Y115H,G768R,,,Scaling recomputed in retained cohort; study deletion uses union of outcome sources.,0.257584257757,-0.095661984752,estimated,estimated,,,1,1,"{""elc_min_heavy_distance_8act_mean_ab"":16.97461550019732}","{""delta_charge"":0.7669649888473704}"
C064,leave_one_variant_out,H251N,18,A797T|D239N|D382Y|D778V|E497D|F834L|G741R|G768R|I457T|L781P|P710R|R249Q|R403Q|R453C|R663H|R719W|S782N|Y115H,H251N,,,Scaling recomputed in retained cohort; study deletion uses union of outcome sources.,0.23513853079,-0.0962464800599,estimated,estimated,,,1,1,"{""elc_min_heavy_distance_8act_mean_ab"":16.915643729129364}","{""delta_charge"":0.802365782965103}"
C064,leave_one_variant_out,I457T,18,A797T|D239N|D382Y|D778V|E497D|F834L|G741R|G768R|H251N|L781P|P710R|R249Q|R403Q|R453C|R663H|R719W|S782N|Y115H,I457T,,,Scaling recomputed in retained cohort; study deletion uses union of outcome sources.,0.233535454123,-0.0978010673698,estimated,estimated,,,1,1,"{""elc_min_heavy_distance_8act_mean_ab"":16.88261269702519}","{""delta_charge"":0.802365782965103}"
C064,leave_one_variant_out,L781P,18,A797T|D239N|D382Y|D778V|E497D|F834L|G741R|G768R|H251N|I457T|P710R|R249Q|R403Q|R453C|R663H|R719W|S782N|Y115H,L781P,,,Scaling recomputed in retained cohort; study deletion uses union of outcome sources.,0.219401874708,-0.110684840637,estimated,estimated,,,1,1,"{""elc_min_heavy_distance_8act_mean_ab"":16.472022221171997}","{""delta_charge"":0.802365782965103}"
C064,leave_one_variant_out,P710R,18,A797T|D239N|D382Y|D778V|E497D|F834L|G741R|G768R|H251N|I457T|L781P|R249Q|R403Q|R453C|R663H|R719W|S782N|Y115H,P710R,,,Scaling recomputed in retained cohort; study deletion uses union of outcome sources.,0.258440307876,-0.095346927946,estimated,estimated,,,1,1,"{""elc_min_heavy_distance_8act_mean_ab"":16.983707113274228}","{""delta_charge"":0.7669649888473704}"
C064,leave_one_variant_out,R249Q,18,A797T|D239N|D382Y|D778V|E497D|F834L|G741R|G768R|H251N|I457T|L781P|P710R|R403Q|R453C|R663H|R719W|S782N|Y115H,R249Q,,,Scaling recomputed in retained cohort; study deletion uses union of outcome sources.,0.260820331134,-0.0939991216911,estimated,estimated,,,1,1,"{""elc_min_heavy_distance_8act_mean_ab"":16.984125586023087}","{""delta_charge"":0.7583952786593614}"
C064,leave_one_variant_out,R403Q,18,A797T|D239N|D382Y|D778V|E497D|F834L|G741R|G768R|H251N|I457T|L781P|P710R|R249Q|R453C|R663H|R719W|S782N|Y115H,R403Q,,,Scaling recomputed in retained cohort; study deletion uses union of outcome sources.,0.363679009397,-0.00258601943183,estimated,estimated,,,1,1,"{""elc_min_heavy_distance_8act_mean_ab"":13.874266898426647}","{""delta_charge"":0.7583952786593614}"
C064,leave_one_variant_out,R453C,18,A797T|D239N|D382Y|D778V|E497D|F834L|G741R|G768R|H251N|I457T|L781P|P710R|R249Q|R403Q|R663H|R719W|S782N|Y115H,R453C,,,Scaling recomputed in retained cohort; study deletion uses union of outcome sources.,0.259617905403,-0.0946337619682,estimated,estimated,,,1,1,"{""elc_min_heavy_distance_8act_mean_ab"":16.814952002741492}","{""delta_charge"":0.7583952786593614}"
C064,leave_one_variant_out,R663H,18,A797T|D239N|D382Y|D778V|E497D|F834L|G741R|G768R|H251N|I457T|L781P|P710R|R249Q|R403Q|R453C|R719W|S782N|Y115H,R663H,,,Scaling recomputed in retained cohort; study deletion uses union of outcome sources.,0.259449217931,-0.0942978064547,estimated,estimated,,,1,1,"{""elc_min_heavy_distance_8act_mean_ab"":16.983033763377918}","{""delta_charge"":0.7583952786593614}"
C064,leave_one_variant_out,R719W,18,A797T|D239N|D382Y|D778V|E497D|F834L|G741R|G768R|H251N|I457T|L781P|P710R|R249Q|R403Q|R453C|R663H|S782N|Y115H,R719W,,,Scaling recomputed in retained cohort; study deletion uses union of outcome sources.,0.269501988427,-0.08771854054,estimated,estimated,,,1,1,"{""elc_min_heavy_distance_8act_mean_ab"":16.626050108768176}","{""delta_charge"":0.7583952786593614}"
C064,leave_one_variant_out,S782N,18,A797T|D239N|D382Y|D778V|E497D|F834L|G741R|G768R|H251N|I457T|L781P|P710R|R249Q|R403Q|R453C|R663H|R719W|Y115H,S782N,,,Scaling recomputed in retained cohort; study deletion uses union of outcome sources.,0.221797210686,-0.109266406363,estimated,estimated,,,1,1,"{""elc_min_heavy_distance_8act_mean_ab"":16.544391102263795}","{""delta_charge"":0.802365782965103}"
C064,leave_one_variant_out,Y115H,18,A797T|D239N|D382Y|D778V|E497D|F834L|G741R|G768R|H251N|I457T|L781P|P710R|R249Q|R403Q|R453C|R663H|R719W|S782N,Y115H,,,Scaling recomputed in retained cohort; study deletion uses union of outcome sources.,0.247469710712,-0.0894027352964,estimated,estimated,,,1,1,"{""elc_min_heavy_distance_8act_mean_ab"":16.9672851284949}","{""delta_charge"":0.802365782965103}"
C065,leave_one_variant_out,A797T,16,D239N|D778V|E497D|F834L|G741R|G768R|H251N|I457T|L781P|R249Q|R403Q|R453C|R663H|R719W|S782N|Y115H,A797T,,,Scaling recomputed in retained cohort; study deletion uses union of outcome sources.,0.637180468538,0.359593203868,estimated,estimated,,,1,1,"{""elc_min_heavy_distance_8act_mean_ab"":14.437215062063546}","{""grantham_distance"":48.00138886879559}"
C065,leave_one_variant_out,D239N,16,A797T|D778V|E497D|F834L|G741R|G768R|H251N|I457T|L781P|R249Q|R403Q|R453C|R663H|R719W|S782N|Y115H,D239N,,,Scaling recomputed in retained cohort; study deletion uses union of outcome sources.,0.533567543497,0.198011650605,estimated,estimated,,,1,1,"{""elc_min_heavy_distance_8act_mean_ab"":13.89296672232512}","{""grantham_distance"":46.01118523431739}"
C065,leave_one_variant_out,D778V,16,A797T|D239N|E497D|F834L|G741R|G768R|H251N|I457T|L781P|R249Q|R403Q|R453C|R663H|R719W|S782N|Y115H,D778V,,,Scaling recomputed in retained cohort; study deletion uses union of outcome sources.,0.579102731083,0.269002154324,estimated,estimated,,,1,1,"{""elc_min_heavy_distance_8act_mean_ab"":14.616237478747987}","{""grantham_distance"":44.13294309998673}"
C065,leave_one_variant_out,E497D,16,A797T|D239N|D778V|F834L|G741R|G768R|H251N|I457T|L781P|R249Q|R403Q|R453C|R663H|R719W|S782N|Y115H,E497D,,,Scaling recomputed in retained cohort; study deletion uses union of outcome sources.,0.58530608028,0.264855526491,estimated,estimated,,,1,1,"{""elc_min_heavy_distance_8act_mean_ab"":14.904413123434196}","{""grantham_distance"":47.48574347457701}"
C065,leave_one_variant_out,F834L,16,A797T|D239N|D778V|E497D|G741R|G768R|H251N|I457T|L781P|R249Q|R403Q|R453C|R663H|R719W|S782N|Y115H,F834L,,,Scaling recomputed in retained cohort; study deletion uses union of outcome sources.,0.546340795003,0.205949936526,estimated,estimated,,,1,1,"{""elc_min_heavy_distance_8act_mean_ab"":14.649660174081713}","{""grantham_distance"":45.92530166839771}"
C065,leave_one_variant_out,G741R,16,A797T|D239N|D778V|E497D|F834L|G768R|H251N|I457T|L781P|R249Q|R403Q|R453C|R663H|R719W|S782N|Y115H,G741R,,,Scaling recomputed in retained cohort; study deletion uses union of outcome sources.,0.584683509608,0.274177261259,estimated,estimated,,,1,1,"{""elc_min_heavy_distance_8act_mean_ab"":14.893602322883824}","{""grantham_distance"":46.67150272561048}"
C065,leave_one_variant_out,G768R,16,A797T|D239N|D778V|E497D|F834L|G741R|H251N|I457T|L781P|R249Q|R403Q|R453C|R663H|R719W|S782N|Y115H,G768R,,,Scaling recomputed in retained cohort; study deletion uses union of outcome sources.,0.620990196155,0.342757189258,estimated,estimated,,,1,1,"{""elc_min_heavy_distance_8act_mean_ab"":14.955541948735197}","{""grantham_distance"":46.67150272561048}"
C065,leave_one_variant_out,H251N,16,A797T|D239N|D778V|E497D|F834L|G741R|G768R|I457T|L781P|R249Q|R403Q|R453C|R663H|R719W|S782N|Y115H,H251N,,,Scaling recomputed in retained cohort; study deletion uses union of outcome sources.,0.597731346384,0.292933478661,estimated,estimated,,,1,1,"{""elc_min_heavy_distance_8act_mean_ab"":14.917562656405627}","{""grantham_distance"":48.22568471952126}"
C065,leave_one_variant_out,I457T,16,A797T|D239N|D778V|E497D|F834L|G741R|G768R|H251N|L781P|R249Q|R403Q|R453C|R663H|R719W|S782N|Y115H,I457T,,,Scaling recomputed in retained cohort; study deletion uses union of outcome sources.,0.584111731939,0.273585761462,estimated,estimated,,,1,1,"{""elc_min_heavy_distance_8act_mean_ab"":14.88845888974336}","{""grantham_distance"":48.21751929191989}"
C065,leave_one_variant_out,L781P,16,A797T|D239N|D778V|E497D|F834L|G741R|G768R|H251N|I457T|R249Q|R403Q|R453C|R663H|R719W|S782N|Y115H,L781P,,,Scaling recomputed in retained cohort; study deletion uses union of outcome sources.,0.581734120883,0.271666061843,estimated,estimated,,,1,1,"{""elc_min_heavy_distance_8act_mean_ab"":14.452375680433175}","{""grantham_distance"":48.01527534719203}"
C065,leave_one_variant_out,R249Q,16,A797T|D239N|D778V|E497D|F834L|G741R|G768R|H251N|I457T|L781P|R403Q|R453C|R663H|R719W|S782N|Y115H,R249Q,,,Scaling recomputed in retained cohort; study deletion uses union of outcome sources.,0.599546509713,0.286213153904,estimated,estimated,,,1,1,"{""elc_min_heavy_distance_8act_mean_ab"":14.952620750095203}","{""grantham_distance"":47.38349747890433}"
C065,leave_one_variant_out,R403Q,16,A797T|D239N|D778V|E497D|F834L|G741R|G768R|H251N|I457T|L781P|R249Q|R453C|R663H|R719W|S782N|Y115H,R403Q,,,Scaling recomputed in retained cohort; study deletion uses union of outcome sources.,0.595596745373,0.241497636236,estimated,estimated,,,1,1,"{""elc_min_heavy_distance_8act_mean_ab"":10.07990185698698}","{""grantham_distance"":47.38349747890433}"
C065,leave_one_variant_out,R453C,16,A797T|D239N|D778V|E497D|F834L|G741R|G768R|H251N|I457T|L781P|R249Q|R403Q|R663H|R719W|S782N|Y115H,R453C,,,Scaling recomputed in retained cohort; study deletion uses union of outcome sources.,0.585843733,0.263093495184,estimated,estimated,,,1,1,"{""elc_min_heavy_distance_8act_mean_ab"":14.823219908914027}","{""grantham_distance"":39.99479132753831}"
C065,leave_one_variant_out,R663H,16,A797T|D239N|D778V|E497D|F834L|G741R|G768R|H251N|I457T|L781P|R249Q|R403Q|R453C|R719W|S782N|Y115H,R663H,,,Scaling recomputed in retained cohort; study deletion uses union of outcome sources.,0.585951940183,0.261498838573,estimated,estimated,,,1,1,"{""elc_min_heavy_distance_8act_mean_ab"":14.927152004415223}","{""grantham_distance"":46.491172997319254}"
C065,leave_one_variant_out,R719W,16,A797T|D239N|D778V|E497D|F834L|G741R|G768R|H251N|I457T|L781P|R249Q|R403Q|R453C|R663H|S782N|Y115H,R719W,,,Scaling recomputed in retained cohort; study deletion uses union of outcome sources.,0.575360422412,0.25948258825,estimated,estimated,,,1,1,"{""elc_min_heavy_distance_8act_mean_ab"":14.623815081798567}","{""grantham_distance"":47.921072261236674}"
C065,leave_one_variant_out,S782N,16,A797T|D239N|D778V|E497D|F834L|G741R|G768R|H251N|I457T|L781P|R249Q|R403Q|R453C|R663H|R719W|Y115H,S782N,,,Scaling recomputed in retained cohort; study deletion uses union of outcome sources.,0.666308982711,0.409629911302,estimated,estimated,,,1,1,"{""elc_min_heavy_distance_8act_mean_ab"":14.533597832601066}","{""grantham_distance"":47.53454883906371}"
C065,leave_one_variant_out,Y115H,16,A797T|D239N|D778V|E497D|F834L|G741R|G768R|H251N|I457T|L781P|R249Q|R403Q|R453C|R663H|R719W|S782N,Y115H,,,Scaling recomputed in retained cohort; study deletion uses union of outcome sources.,0.614227176634,0.332858111405,estimated,estimated,,,1,1,"{""elc_min_heavy_distance_8act_mean_ab"":14.886786993779708}","{""grantham_distance"":48.28591064344408}"
C066,leave_one_variant_out,A797T,16,D239N|D778V|E497D|F834L|G741R|G768R|H251N|I457T|L781P|R249Q|R403Q|R453C|R663H|R719W|S782N|Y115H,A797T,,,Scaling recomputed in retained cohort; study deletion uses union of outcome sources.,0.510320576278,0.0905921371317,estimated,estimated,,,1,1,"{""elc_min_heavy_distance_8act_mean_ab"":14.437215062063546}","{""catalytic_motif_min_ca_distance_8act_mean_ab"":19.974048462950332}"
C066,leave_one_variant_out,D239N,16,A797T|D778V|E497D|F834L|G741R|G768R|H251N|I457T|L781P|R249Q|R403Q|R453C|R663H|R719W|S782N|Y115H,D239N,,,Scaling recomputed in retained cohort; study deletion uses union of outcome sources.,0.530813355554,0.15511669151,estimated,estimated,,,1,1,"{""elc_min_heavy_distance_8act_mean_ab"":13.89296672232512}","{""catalytic_motif_min_ca_distance_8act_mean_ab"":19.323448102307275}"
C066,leave_one_variant_out,D778V,16,A797T|D239N|E497D|F834L|G741R|G768R|H251N|I457T|L781P|R249Q|R403Q|R453C|R663H|R719W|S782N|Y115H,D778V,,,Scaling recomputed in retained cohort; study deletion uses union of outcome sources.,0.515289441047,0.0953793656096,estimated,estimated,,,1,1,"{""elc_min_heavy_distance_8act_mean_ab"":14.616237478747987}","{""catalytic_motif_min_ca_distance_8act_mean_ab"":20.83724285918141}"
C066,leave_one_variant_out,E497D,16,A797T|D239N|D778V|F834L|G741R|G768R|H251N|I457T|L781P|R249Q|R403Q|R453C|R663H|R719W|S782N|Y115H,E497D,,,Scaling recomputed in retained cohort; study deletion uses union of outcome sources.,0.525375878709,0.116194671636,estimated,estimated,,,1,1,"{""elc_min_heavy_distance_8act_mean_ab"":14.904413123434196}","{""catalytic_motif_min_ca_distance_8act_mean_ab"":20.800221744118687}"
C066,leave_one_variant_out,F834L,16,A797T|D239N|D778V|E497D|G741R|G768R|H251N|I457T|L781P|R249Q|R403Q|R453C|R663H|R719W|S782N|Y115H,F834L,,,Scaling recomputed in retained cohort; study deletion uses union of outcome sources.,0.627185972681,0.307636817179,estimated,estimated,,,1,1,"{""elc_min_heavy_distance_8act_mean_ab"":14.649660174081713}","{""catalytic_motif_min_ca_distance_8act_mean_ab"":14.485008840570595}"
C066,leave_one_variant_out,G741R,16,A797T|D239N|D778V|E497D|F834L|G768R|H251N|I457T|L781P|R249Q|R403Q|R453C|R663H|R719W|S782N|Y115H,G741R,,,Scaling recomputed in retained cohort; study deletion uses union of outcome sources.,0.544298034944,0.146301229829,estimated,estimated,,,1,1,"{""elc_min_heavy_distance_8act_mean_ab"":14.893602322883824}","{""catalytic_motif_min_ca_distance_8act_mean_ab"":20.56036079865603}"
C066,leave_one_variant_out,G768R,16,A797T|D239N|D778V|E497D|F834L|G741R|H251N|I457T|L781P|R249Q|R403Q|R453C|R663H|R719W|S782N|Y115H,G768R,,,Scaling recomputed in retained cohort; study deletion uses union of outcome sources.,0.529548042621,0.130315183393,estimated,estimated,,,1,1,"{""elc_min_heavy_distance_8act_mean_ab"":14.955541948735197}","{""catalytic_motif_min_ca_distance_8act_mean_ab"":20.872827204519783}"
C066,leave_one_variant_out,H251N,16,A797T|D239N|D778V|E497D|F834L|G741R|G768R|I457T|L781P|R249Q|R403Q|R453C|R663H|R719W|S782N|Y115H,H251N,,,Scaling recomputed in retained cohort; study deletion uses union of outcome sources.,0.536163464261,0.13836702619,estimated,estimated,,,1,1,"{""elc_min_heavy_distance_8act_mean_ab"":14.917562656405627}","{""catalytic_motif_min_ca_distance_8act_mean_ab"":20.562379148510246}"
C066,leave_one_variant_out,I457T,16,A797T|D239N|D778V|E497D|F834L|G741R|G768R|H251N|L781P|R249Q|R403Q|R453C|R663H|R719W|S782N|Y115H,I457T,,,Scaling recomputed in retained cohort; study deletion uses union of outcome sources.,0.551243433739,0.162133577538,estimated,estimated,,,1,1,"{""elc_min_heavy_distance_8act_mean_ab"":14.88845888974336}","{""catalytic_motif_min_ca_distance_8act_mean_ab"":20.413588069085513}"
C066,leave_one_variant_out,L781P,16,A797T|D239N|D778V|E497D|F834L|G741R|G768R|H251N|I457T|R249Q|R403Q|R453C|R663H|R719W|S782N|Y115H,L781P,,,Scaling recomputed in retained cohort; study deletion uses union of outcome sources.,0.496030472421,0.0588932879294,estimated,estimated,,,1,1,"{""elc_min_heavy_distance_8act_mean_ab"":14.452375680433175}","{""catalytic_motif_min_ca_distance_8act_mean_ab"":20.736340669174833}"
C066,leave_one_variant_out,R249Q,16,A797T|D239N|D778V|E497D|F834L|G741R|G768R|H251N|I457T|L781P|R403Q|R453C|R663H|R719W|S782N|Y115H,R249Q,,,Scaling recomputed in retained cohort; study deletion uses union of outcome sources.,0.518282401566,0.0989819851836,estimated,estimated,,,1,1,"{""elc_min_heavy_distance_8act_mean_ab"":14.952620750095203}","{""catalytic_motif_min_ca_distance_8act_mean_ab"":20.19212229711602}"
C066,leave_one_variant_out,R403Q,16,A797T|D239N|D778V|E497D|F834L|G741R|G768R|H251N|I457T|L781P|R249Q|R453C|R663H|R719W|S782N|Y115H,R403Q,,,Scaling recomputed in retained cohort; study deletion uses union of outcome sources.,0.644642812085,0.242239348952,estimated,estimated,,,1,1,"{""elc_min_heavy_distance_8act_mean_ab"":10.07990185698698}","{""catalytic_motif_min_ca_distance_8act_mean_ab"":20.85719343455025}"
C066,leave_one_variant_out,R453C,16,A797T|D239N|D778V|E497D|F834L|G741R|G768R|H251N|I457T|L781P|R249Q|R403Q|R663H|R719W|S782N|Y115H,R453C,,,Scaling recomputed in retained cohort; study deletion uses union of outcome sources.,0.543762485067,0.155310385376,estimated,estimated,,,1,1,"{""elc_min_heavy_distance_8act_mean_ab"":14.823219908914027}","{""catalytic_motif_min_ca_distance_8act_mean_ab"":20.76410478120334}"
C066,leave_one_variant_out,R663H,16,A797T|D239N|D778V|E497D|F834L|G741R|G768R|H251N|I457T|L781P|R249Q|R403Q|R453C|R719W|S782N|Y115H,R663H,,,Scaling recomputed in retained cohort; study deletion uses union of outcome sources.,0.514391534313,0.0949141030513,estimated,estimated,,,1,1,"{""elc_min_heavy_distance_8act_mean_ab"":14.927152004415223}","{""catalytic_motif_min_ca_distance_8act_mean_ab"":20.573579382549823}"
C066,leave_one_variant_out,R719W,16,A797T|D239N|D778V|E497D|F834L|G741R|G768R|H251N|I457T|L781P|R249Q|R403Q|R453C|R663H|S782N|Y115H,R719W,,,Scaling recomputed in retained cohort; study deletion uses union of outcome sources.,0.504339129562,0.0750646589156,estimated,estimated,,,1,1,"{""elc_min_heavy_distance_8act_mean_ab"":14.623815081798567}","{""catalytic_motif_min_ca_distance_8act_mean_ab"":20.766876328770955}"
C066,leave_one_variant_out,S782N,16,A797T|D239N|D778V|E497D|F834L|G741R|G768R|H251N|I457T|L781P|R249Q|R403Q|R453C|R663H|R719W|Y115H,S782N,,,Scaling recomputed in retained cohort; study deletion uses union of outcome sources.,0.497970034101,0.0624331278292,estimated,estimated,,,1,1,"{""elc_min_heavy_distance_8act_mean_ab"":14.533597832601066}","{""catalytic_motif_min_ca_distance_8act_mean_ab"":20.740447684320163}"
C066,leave_one_variant_out,Y115H,16,A797T|D239N|D778V|E497D|F834L|G741R|G768R|H251N|I457T|L781P|R249Q|R403Q|R453C|R663H|R719W|S782N,Y115H,,,Scaling recomputed in retained cohort; study deletion uses union of outcome sources.,0.514143446413,0.0878885717764,estimated,estimated,,,1,1,"{""elc_min_heavy_distance_8act_mean_ab"":14.886786993779708}","{""catalytic_motif_min_ca_distance_8act_mean_ab"":20.34222928682121}"
C067,leave_one_variant_out,A797T,15,D382Y|D778V|E497D|F834L|G768R|H251N|I457T|L781P|P710R|R249Q|R403Q|R663H|R719W|S782N|Y115H,A797T,,,Scaling recomputed in retained cohort; study deletion uses union of outcome sources.,0.344146744231,0.00645557646322,estimated,estimated,,,1,1,"{""elc_min_heavy_distance_8act_mean_ab"":17.13866825390733}","{""wt_site_rsa_8act_mean_ab"":0.18399885430644372}"
C067,leave_one_variant_out,D382Y,15,A797T|D778V|E497D|F834L|G768R|H251N|I457T|L781P|P710R|R249Q|R403Q|R663H|R719W|S782N|Y115H,D382Y,,,Scaling recomputed in retained cohort; study deletion uses union of outcome sources.,0.319081081764,-0.0490085752473,estimated,estimated,,,1,1,"{""elc_min_heavy_distance_8act_mean_ab"":14.23780800188961}","{""wt_site_rsa_8act_mean_ab"":0.1906365592599791}"
C067,leave_one_variant_out,D778V,15,A797T|D382Y|E497D|F834L|G768R|H251N|I457T|L781P|P710R|R249Q|R403Q|R663H|R719W|S782N|Y115H,D778V,,,Scaling recomputed in retained cohort; study deletion uses union of outcome sources.,0.344906129574,0.00240869192216,estimated,estimated,,,1,1,"{""elc_min_heavy_distance_8act_mean_ab"":17.32643446855296}","{""wt_site_rsa_8act_mean_ab"":0.18850110859140243}"
C067,leave_one_variant_out,E497D,15,A797T|D382Y|D778V|F834L|G768R|H251N|I457T|L781P|P710R|R249Q|R403Q|R663H|R719W|S782N|Y115H,E497D,,,Scaling recomputed in retained cohort; study deletion uses union of outcome sources.,0.342395602238,-0.000621050158961,estimated,estimated,,,1,1,"{""elc_min_heavy_distance_8act_mean_ab"":17.737265962131037}","{""wt_site_rsa_8act_mean_ab"":0.18770595229121828}"
C067,leave_one_variant_out,F834L,15,A797T|D382Y|D778V|E497D|G768R|H251N|I457T|L781P|P710R|R249Q|R403Q|R663H|R719W|S782N|Y115H,F834L,,,Scaling recomputed in retained cohort; study deletion uses union of outcome sources.,0.327073423933,-0.0157516203988,estimated,estimated,,,1,1,"{""elc_min_heavy_distance_8act_mean_ab"":17.567724236510898}","{""wt_site_rsa_8act_mean_ab"":0.19073985894618609}"
C067,leave_one_variant_out,G768R,15,A797T|D382Y|D778V|E497D|F834L|H251N|I457T|L781P|P710R|R249Q|R403Q|R663H|R719W|S782N|Y115H,G768R,,,Scaling recomputed in retained cohort; study deletion uses union of outcome sources.,0.362140961702,-0.01440974842,estimated,estimated,,,1,1,"{""elc_min_heavy_distance_8act_mean_ab"":17.739099393738197}","{""wt_site_rsa_8act_mean_ab"":0.15500209630715522}"
C067,leave_one_variant_out,H251N,15,A797T|D382Y|D778V|E497D|F834L|G768R|I457T|L781P|P710R|R249Q|R403Q|R663H|R719W|S782N|Y115H,H251N,,,Scaling recomputed in retained cohort; study deletion uses union of outcome sources.,0.332260997612,-0.0105466356112,estimated,estimated,,,1,1,"{""elc_min_heavy_distance_8act_mean_ab"":17.67149714683986}","{""wt_site_rsa_8act_mean_ab"":0.1880669578427393}"
C067,leave_one_variant_out,I457T,15,A797T|D382Y|D778V|E497D|F834L|G768R|H251N|L781P|P710R|R249Q|R403Q|R663H|R719W|S782N|Y115H,I457T,,,Scaling recomputed in retained cohort; study deletion uses union of outcome sources.,0.328683728911,-0.0131627566012,estimated,estimated,,,1,1,"{""elc_min_heavy_distance_8act_mean_ab"":17.633283311399957}","{""wt_site_rsa_8act_mean_ab"":0.18168454305830953}"
C067,leave_one_variant_out,L781P,15,A797T|D382Y|D778V|E497D|F834L|G768R|H251N|I457T|P710R|R249Q|R403Q|R663H|R719W|S782N|Y115H,L781P,,,Scaling recomputed in retained cohort; study deletion uses union of outcome sources.,0.344794942128,-0.00210945519303,estimated,estimated,,,1,1,"{""elc_min_heavy_distance_8act_mean_ab"":17.154370443082893}","{""wt_site_rsa_8act_mean_ab"":0.19006800299460927}"
C067,leave_one_variant_out,P710R,15,A797T|D382Y|D778V|E497D|F834L|G768R|H251N|I457T|L781P|R249Q|R403Q|R663H|R719W|S782N|Y115H,P710R,,,Scaling recomputed in retained cohort; study deletion uses union of outcome sources.,0.341010555806,-0.00280160942694,estimated,estimated,,,1,1,"{""elc_min_heavy_distance_8act_mean_ab"":17.749165115323446}","{""wt_site_rsa_8act_mean_ab"":0.18872828084093593}"
C067,leave_one_variant_out,R249Q,15,A797T|D382Y|D778V|E497D|F834L|G768R|H251N|I457T|L781P|P710R|R403Q|R663H|R719W|S782N|Y115H,R249Q,,,Scaling recomputed in retained cohort; study deletion uses union of outcome sources.,0.347842736925,0.0016136406991,estimated,estimated,,,1,1,"{""elc_min_heavy_distance_8act_mean_ab"":17.74960938471955}","{""wt_site_rsa_8act_mean_ab"":0.19073538105110788}"
C067,leave_one_variant_out,R403Q,15,A797T|D382Y|D778V|E497D|F834L|G768R|H251N|I457T|L781P|P710R|R249Q|R663H|R719W|S782N|Y115H,R403Q,,,Scaling recomputed in retained cohort; study deletion uses union of outcome sources.,0.334970137381,-0.0455806430369,estimated,estimated,,,1,1,"{""elc_min_heavy_distance_8act_mean_ab"":14.023333191469314}","{""wt_site_rsa_8act_mean_ab"":0.19059507948029447}"
C067,leave_one_variant_out,R663H,15,A797T|D382Y|D778V|E497D|F834L|G768R|H251N|I457T|L781P|P710R|R249Q|R403Q|R719W|S782N|Y115H,R663H,,,Scaling recomputed in retained cohort; study deletion uses union of outcome sources.,0.365024871206,-0.00426831889564,estimated,estimated,,,1,1,"{""elc_min_heavy_distance_8act_mean_ab"":17.74729253403323}","{""wt_site_rsa_8act_mean_ab"":0.15583167934311914}"
C067,leave_one_variant_out,R719W,15,A797T|D382Y|D778V|E497D|F834L|G768R|H251N|I457T|L781P|P710R|R249Q|R403Q|R663H|S782N|Y115H,R719W,,,Scaling recomputed in retained cohort; study deletion uses union of outcome sources.,0.345796965222,-0.000966783694503,estimated,estimated,,,1,1,"{""elc_min_heavy_distance_8act_mean_ab"":17.334519774946987}","{""wt_site_rsa_8act_mean_ab"":0.19025781541744846}"
C067,leave_one_variant_out,S782N,15,A797T|D382Y|D778V|E497D|F834L|G768R|H251N|I457T|L781P|P710R|R249Q|R403Q|R663H|R719W|Y115H,S782N,,,Scaling recomputed in retained cohort; study deletion uses union of outcome sources.,0.348696713741,0.00918586971463,estimated,estimated,,,1,1,"{""elc_min_heavy_distance_8act_mean_ab"":17.23906456275322}","{""wt_site_rsa_8act_mean_ab"":0.18723186330424393}"
C067,leave_one_variant_out,Y115H,15,A797T|D382Y|D778V|E497D|F834L|G768R|H251N|I457T|L781P|P710R|R249Q|R403Q|R663H|R719W|S782N,Y115H,,,Scaling recomputed in retained cohort; study deletion uses union of outcome sources.,0.351910510416,0.0106838551962,estimated,estimated,,,1,1,"{""elc_min_heavy_distance_8act_mean_ab"":17.72794347798123}","{""wt_site_rsa_8act_mean_ab"":0.1831998356752289}"
C068,leave_one_variant_out,A797T,15,D382Y|D778V|E497D|F834L|G768R|H251N|I457T|L781P|P710R|R249Q|R403Q|R663H|R719W|S782N|Y115H,A797T,,,Scaling recomputed in retained cohort; study deletion uses union of outcome sources.,0.90484526075,0.756395488788,estimated,estimated,,,1,1,"{""elc_min_heavy_distance_8act_mean_ab"":17.13866825390733}","{""ihm_interface_flag_8act"":0.35186577527449836}"
C068,leave_one_variant_out,D382Y,15,A797T|D778V|E497D|F834L|G768R|H251N|I457T|L781P|P710R|R249Q|R403Q|R663H|R719W|S782N|Y115H,D382Y,,,Scaling recomputed in retained cohort; study deletion uses union of outcome sources.,0.776483507383,,estimated,zero_u_distance_variance,,,1,1,"{""elc_min_heavy_distance_8act_mean_ab"":14.23780800188961}","{""ihm_interface_flag_8act"":0.25819888974716115}"
C068,leave_one_variant_out,D778V,15,A797T|D382Y|E497D|F834L|G768R|H251N|I457T|L781P|P710R|R249Q|R403Q|R663H|R719W|S782N|Y115H,D778V,,,Scaling recomputed in retained cohort; study deletion uses union of outcome sources.,0.900087180454,0.746322244235,estimated,estimated,,,1,1,"{""elc_min_heavy_distance_8act_mean_ab"":17.32643446855296}","{""ihm_interface_flag_8act"":0.35186577527449836}"
C068,leave_one_variant_out,E497D,15,A797T|D382Y|D778V|F834L|G768R|H251N|I457T|L781P|P710R|R249Q|R403Q|R663H|R719W|S782N|Y115H,E497D,,,Scaling recomputed in retained cohort; study deletion uses union of outcome sources.,0.898003334542,0.737013572639,estimated,estimated,,,1,1,"{""elc_min_heavy_distance_8act_mean_ab"":17.737265962131037}","{""ihm_interface_flag_8act"":0.35186577527449836}"
C068,leave_one_variant_out,F834L,15,A797T|D382Y|D778V|E497D|G768R|H251N|I457T|L781P|P710R|R249Q|R403Q|R663H|R719W|S782N|Y115H,F834L,,,Scaling recomputed in retained cohort; study deletion uses union of outcome sources.,0.915564939264,0.775438223741,estimated,estimated,,,1,1,"{""elc_min_heavy_distance_8act_mean_ab"":17.567724236510898}","{""ihm_interface_flag_8act"":0.35186577527449836}"
C068,leave_one_variant_out,G768R,15,A797T|D382Y|D778V|E497D|F834L|H251N|I457T|L781P|P710R|R249Q|R403Q|R663H|R719W|S782N|Y115H,G768R,,,Scaling recomputed in retained cohort; study deletion uses union of outcome sources.,0.889148964315,0.71718055329,estimated,estimated,,,1,1,"{""elc_min_heavy_distance_8act_mean_ab"":17.739099393738197}","{""ihm_interface_flag_8act"":0.35186577527449836}"
C068,leave_one_variant_out,H251N,15,A797T|D382Y|D778V|E497D|F834L|G768R|I457T|L781P|P710R|R249Q|R403Q|R663H|R719W|S782N|Y115H,H251N,,,Scaling recomputed in retained cohort; study deletion uses union of outcome sources.,0.887487774444,0.714217306068,estimated,estimated,,,1,1,"{""elc_min_heavy_distance_8act_mean_ab"":17.67149714683986}","{""ihm_interface_flag_8act"":0.35186577527449836}"
C068,leave_one_variant_out,I457T,15,A797T|D382Y|D778V|E497D|F834L|G768R|H251N|L781P|P710R|R249Q|R403Q|R663H|R719W|S782N|Y115H,I457T,,,Scaling recomputed in retained cohort; study deletion uses union of outcome sources.,0.88804867643,0.715874176908,estimated,estimated,,,1,1,"{""elc_min_heavy_distance_8act_mean_ab"":17.633283311399957}","{""ihm_interface_flag_8act"":0.35186577527449836}"
C068,leave_one_variant_out,L781P,15,A797T|D382Y|D778V|E497D|F834L|G768R|H251N|I457T|P710R|R249Q|R403Q|R663H|R719W|S782N|Y115H,L781P,,,Scaling recomputed in retained cohort; study deletion uses union of outcome sources.,0.90472752407,0.756395488788,estimated,estimated,,,1,1,"{""elc_min_heavy_distance_8act_mean_ab"":17.154370443082893}","{""ihm_interface_flag_8act"":0.35186577527449836}"
C068,leave_one_variant_out,P710R,15,A797T|D382Y|D778V|E497D|F834L|G768R|H251N|I457T|L781P|R249Q|R403Q|R663H|R719W|S782N|Y115H,P710R,,,Scaling recomputed in retained cohort; study deletion uses union of outcome sources.,0.891085784408,0.721459031801,estimated,estimated,,,1,1,"{""elc_min_heavy_distance_8act_mean_ab"":17.749165115323446}","{""ihm_interface_flag_8act"":0.35186577527449836}"
C068,leave_one_variant_out,R249Q,15,A797T|D382Y|D778V|E497D|F834L|G768R|H251N|I457T|L781P|P710R|R403Q|R663H|R719W|S782N|Y115H,R249Q,,,Scaling recomputed in retained cohort; study deletion uses union of outcome sources.,0.891244432211,0.721809819802,estimated,estimated,,,1,1,"{""elc_min_heavy_distance_8act_mean_ab"":17.74960938471955}","{""ihm_interface_flag_8act"":0.35186577527449836}"
C068,leave_one_variant_out,R403Q,15,A797T|D382Y|D778V|E497D|F834L|G768R|H251N|I457T|L781P|P710R|R249Q|R663H|R719W|S782N|Y115H,R403Q,,,Scaling recomputed in retained cohort; study deletion uses union of outcome sources.,0.770108979387,,estimated,zero_u_distance_variance,,,1,1,"{""elc_min_heavy_distance_8act_mean_ab"":14.023333191469314}","{""ihm_interface_flag_8act"":0.25819888974716115}"
C068,leave_one_variant_out,R663H,15,A797T|D382Y|D778V|E497D|F834L|G768R|H251N|I457T|L781P|P710R|R249Q|R403Q|R719W|S782N|Y115H,R663H,,,Scaling recomputed in retained cohort; study deletion uses union of outcome sources.,0.895388277807,0.731087641555,estimated,estimated,,,1,1,"{""elc_min_heavy_distance_8act_mean_ab"":17.74729253403323}","{""ihm_interface_flag_8act"":0.35186577527449836}"
C068,leave_one_variant_out,R719W,15,A797T|D382Y|D778V|E497D|F834L|G768R|H251N|I457T|L781P|P710R|R249Q|R403Q|R663H|S782N|Y115H,R719W,,,Scaling recomputed in retained cohort; study deletion uses union of outcome sources.,0.899738403091,0.745460634782,estimated,estimated,,,1,1,"{""elc_min_heavy_distance_8act_mean_ab"":17.334519774946987}","{""ihm_interface_flag_8act"":0.35186577527449836}"
C068,leave_one_variant_out,S782N,15,A797T|D382Y|D778V|E497D|F834L|G768R|H251N|I457T|L781P|P710R|R249Q|R403Q|R663H|R719W|Y115H,S782N,,,Scaling recomputed in retained cohort; study deletion uses union of outcome sources.,0.902916720118,0.752881711309,estimated,estimated,,,1,1,"{""elc_min_heavy_distance_8act_mean_ab"":17.23906456275322}","{""ihm_interface_flag_8act"":0.35186577527449836}"
C068,leave_one_variant_out,Y115H,15,A797T|D382Y|D778V|E497D|F834L|G768R|H251N|I457T|L781P|P710R|R249Q|R403Q|R663H|R719W|S782N,Y115H,,,Scaling recomputed in retained cohort; study deletion uses union of outcome sources.,0.89961014309,0.740581921752,estimated,estimated,,,1,1,"{""elc_min_heavy_distance_8act_mean_ab"":17.72794347798123}","{""ihm_interface_flag_8act"":0.35186577527449836}"
C069,leave_one_variant_out,A797T,16,D239N|D778V|E497D|F834L|G741R|G768R|H251N|I457T|L781P|R249Q|R403Q|R453C|R663H|R719W|S782N|Y115H,A797T,,,Scaling recomputed in retained cohort; study deletion uses union of outcome sources.,0.408584951429,0.00941968351438,estimated,estimated,,,1,1,"{""delta_charge"":0.7719024117939607}","{""grantham_distance"":48.00138886879559}"
C069,leave_one_variant_out,D239N,16,A797T|D778V|E497D|F834L|G741R|G768R|H251N|I457T|L781P|R249Q|R403Q|R453C|R663H|R719W|S782N|Y115H,D239N,,,Scaling recomputed in retained cohort; study deletion uses union of outcome sources.,0.536686962389,0.146279142017,estimated,estimated,,,1,1,"{""delta_charge"":0.7187952884282609}","{""grantham_distance"":46.01118523431739}"
C069,leave_one_variant_out,D778V,16,A797T|D239N|E497D|F834L|G741R|G768R|H251N|I457T|L781P|R249Q|R403Q|R453C|R663H|R719W|S782N|Y115H,D778V,,,Scaling recomputed in retained cohort; study deletion uses union of outcome sources.,0.360710107357,-0.0572899745156,estimated,estimated,,,1,1,"{""delta_charge"":0.7187952884282609}","{""grantham_distance"":44.13294309998673}"
C069,leave_one_variant_out,E497D,16,A797T|D239N|D778V|F834L|G741R|G768R|H251N|I457T|L781P|R249Q|R403Q|R453C|R663H|R719W|S782N|Y115H,E497D,,,Scaling recomputed in retained cohort; study deletion uses union of outcome sources.,0.417970876386,0.0139981025803,estimated,estimated,,,1,1,"{""delta_charge"":0.7719024117939607}","{""grantham_distance"":47.48574347457701}"
C069,leave_one_variant_out,F834L,16,A797T|D239N|D778V|E497D|G741R|G768R|H251N|I457T|L781P|R249Q|R403Q|R453C|R663H|R719W|S782N|Y115H,F834L,,,Scaling recomputed in retained cohort; study deletion uses union of outcome sources.,0.431589549984,0.0226827561761,estimated,estimated,,,1,1,"{""delta_charge"":0.7719024117939607}","{""grantham_distance"":45.92530166839771}"
C069,leave_one_variant_out,G741R,16,A797T|D239N|D778V|E497D|F834L|G768R|H251N|I457T|L781P|R249Q|R403Q|R453C|R663H|R719W|S782N|Y115H,G741R,,,Scaling recomputed in retained cohort; study deletion uses union of outcome sources.,0.350915071507,-0.0729851757535,estimated,estimated,,,1,1,"{""delta_charge"":0.7187952884282609}","{""grantham_distance"":46.67150272561048}"
C069,leave_one_variant_out,G768R,16,A797T|D239N|D778V|E497D|F834L|G741R|H251N|I457T|L781P|R249Q|R403Q|R453C|R663H|R719W|S782N|Y115H,G768R,,,Scaling recomputed in retained cohort; study deletion uses union of outcome sources.,0.350915071507,-0.0729851757535,estimated,estimated,,,1,1,"{""delta_charge"":0.7187952884282609}","{""grantham_distance"":46.67150272561048}"
C069,leave_one_variant_out,H251N,16,A797T|D239N|D778V|E497D|F834L|G741R|G768R|I457T|L781P|R249Q|R403Q|R453C|R663H|R719W|S782N|Y115H,H251N,,,Scaling recomputed in retained cohort; study deletion uses union of outcome sources.,0.406736097482,0.00921693770699,estimated,estimated,,,1,1,"{""delta_charge"":0.7719024117939607}","{""grantham_distance"":48.22568471952126}"
C069,leave_one_variant_out,I457T,16,A797T|D239N|D778V|E497D|F834L|G741R|G768R|H251N|L781P|R249Q|R403Q|R453C|R663H|R719W|S782N|Y115H,I457T,,,Scaling recomputed in retained cohort; study deletion uses union of outcome sources.,0.416818895933,0.0168690929564,estimated,estimated,,,1,1,"{""delta_charge"":0.7719024117939607}","{""grantham_distance"":48.21751929191989}"
C069,leave_one_variant_out,L781P,16,A797T|D239N|D778V|E497D|F834L|G741R|G768R|H251N|I457T|R249Q|R403Q|R453C|R663H|R719W|S782N|Y115H,L781P,,,Scaling recomputed in retained cohort; study deletion uses union of outcome sources.,0.427596002097,0.0249507822601,estimated,estimated,,,1,1,"{""delta_charge"":0.7719024117939607}","{""grantham_distance"":48.01527534719203}"
C069,leave_one_variant_out,R249Q,16,A797T|D239N|D778V|E497D|F834L|G741R|G768R|H251N|I457T|L781P|R403Q|R453C|R663H|R719W|S782N|Y115H,R249Q,,,Scaling recomputed in retained cohort; study deletion uses union of outcome sources.,0.419681210918,0.000185680859903,estimated,estimated,,,1,1,"{""delta_charge"":0.7302967433402214}","{""grantham_distance"":47.38349747890433}"
C069,leave_one_variant_out,R403Q,16,A797T|D239N|D778V|E497D|F834L|G741R|G768R|H251N|I457T|L781P|R249Q|R453C|R663H|R719W|S782N|Y115H,R403Q,,,Scaling recomputed in retained cohort; study deletion uses union of outcome sources.,0.419681210918,0.000185680859903,estimated,estimated,,,1,1,"{""delta_charge"":0.7302967433402214}","{""grantham_distance"":47.38349747890433}"
C069,leave_one_variant_out,R453C,16,A797T|D239N|D778V|E497D|F834L|G741R|G768R|H251N|I457T|L781P|R249Q|R403Q|R663H|R719W|S782N|Y115H,R453C,,,Scaling recomputed in retained cohort; study deletion uses union of outcome sources.,0.542104884631,0.158334723723,estimated,estimated,,,1,1,"{""delta_charge"":0.7302967433402214}","{""grantham_distance"":39.99479132753831}"
C069,leave_one_variant_out,R663H,16,A797T|D239N|D778V|E497D|F834L|G741R|G768R|H251N|I457T|L781P|R249Q|R403Q|R453C|R719W|S782N|Y115H,R663H,,,Scaling recomputed in retained cohort; study deletion uses union of outcome sources.,0.429874352479,0.0130816899705,estimated,estimated,,,1,1,"{""delta_charge"":0.7302967433402214}","{""grantham_distance"":46.491172997319254}"
C069,leave_one_variant_out,R719W,16,A797T|D239N|D778V|E497D|F834L|G741R|G768R|H251N|I457T|L781P|R249Q|R403Q|R453C|R663H|S782N|Y115H,R719W,,,Scaling recomputed in retained cohort; study deletion uses union of outcome sources.,0.480761756574,0.0717775576641,estimated,estimated,,,1,1,"{""delta_charge"":0.7302967433402214}","{""grantham_distance"":47.921072261236674}"
C069,leave_one_variant_out,S782N,16,A797T|D239N|D778V|E497D|F834L|G741R|G768R|H251N|I457T|L781P|R249Q|R403Q|R453C|R663H|R719W|Y115H,S782N,,,Scaling recomputed in retained cohort; study deletion uses union of outcome sources.,0.416895001566,0.0133572634159,estimated,estimated,,,1,1,"{""delta_charge"":0.7719024117939607}","{""grantham_distance"":47.53454883906371}"
C069,leave_one_variant_out,Y115H,16,A797T|D239N|D778V|E497D|F834L|G741R|G768R|H251N|I457T|L781P|R249Q|R403Q|R453C|R663H|R719W|S782N,Y115H,,,Scaling recomputed in retained cohort; study deletion uses union of outcome sources.,0.411920952218,0.0133769109794,estimated,estimated,,,1,1,"{""delta_charge"":0.7719024117939607}","{""grantham_distance"":48.28591064344408}"
C070,leave_one_variant_out,A797T,16,D239N|D778V|E497D|F834L|G741R|G768R|H251N|I457T|L781P|R249Q|R403Q|R453C|R663H|R719W|S782N|Y115H,A797T,,,Scaling recomputed in retained cohort; study deletion uses union of outcome sources.,0.259497028018,-0.0906409411778,estimated,estimated,,,1,1,"{""delta_charge"":0.7719024117939607}","{""catalytic_motif_min_ca_distance_8act_mean_ab"":19.974048462950332}"
C070,leave_one_variant_out,D239N,16,A797T|D778V|E497D|F834L|G741R|G768R|H251N|I457T|L781P|R249Q|R403Q|R453C|R663H|R719W|S782N|Y115H,D239N,,,Scaling recomputed in retained cohort; study deletion uses union of outcome sources.,0.337399925397,0.00107521021069,estimated,estimated,,,1,1,"{""delta_charge"":0.7187952884282609}","{""catalytic_motif_min_ca_distance_8act_mean_ab"":19.323448102307275}"
C070,leave_one_variant_out,D778V,16,A797T|D239N|E497D|F834L|G741R|G768R|H251N|I457T|L781P|R249Q|R403Q|R453C|R663H|R719W|S782N|Y115H,D778V,,,Scaling recomputed in retained cohort; study deletion uses union of outcome sources.,0.274614522491,-0.0803204478944,estimated,estimated,,,1,1,"{""delta_charge"":0.7187952884282609}","{""catalytic_motif_min_ca_distance_8act_mean_ab"":20.83724285918141}"
C070,leave_one_variant_out,E497D,16,A797T|D239N|D778V|F834L|G741R|G768R|H251N|I457T|L781P|R249Q|R403Q|R453C|R663H|R719W|S782N|Y115H,E497D,,,Scaling recomputed in retained cohort; study deletion uses union of outcome sources.,0.28715792282,-0.0598703539253,estimated,estimated,,,1,1,"{""delta_charge"":0.7719024117939607}","{""catalytic_motif_min_ca_distance_8act_mean_ab"":20.800221744118687}"
C070,leave_one_variant_out,F834L,16,A797T|D239N|D778V|E497D|G741R|G768R|H251N|I457T|L781P|R249Q|R403Q|R453C|R663H|R719W|S782N|Y115H,F834L,,,Scaling recomputed in retained cohort; study deletion uses union of outcome sources.,0.253723130266,-0.0906409411778,estimated,estimated,,,1,1,"{""delta_charge"":0.7719024117939607}","{""catalytic_motif_min_ca_distance_8act_mean_ab"":14.485008840570595}"
C070,leave_one_variant_out,G741R,16,A797T|D239N|D778V|E497D|F834L|G768R|H251N|I457T|L781P|R249Q|R403Q|R453C|R663H|R719W|S782N|Y115H,G741R,,,Scaling recomputed in retained cohort; study deletion uses union of outcome sources.,0.273275749596,-0.0756934804856,estimated,estimated,,,1,1,"{""delta_charge"":0.7187952884282609}","{""catalytic_motif_min_ca_distance_8act_mean_ab"":20.56036079865603}"
C070,leave_one_variant_out,G768R,16,A797T|D239N|D778V|E497D|F834L|G741R|H251N|I457T|L781P|R249Q|R403Q|R453C|R663H|R719W|S782N|Y115H,G768R,,,Scaling recomputed in retained cohort; study deletion uses union of outcome sources.,0.28701382836,-0.0689220454618,estimated,estimated,,,1,1,"{""delta_charge"":0.7187952884282609}","{""catalytic_motif_min_ca_distance_8act_mean_ab"":20.872827204519783}"
C070,leave_one_variant_out,H251N,16,A797T|D239N|D778V|E497D|F834L|G741R|G768R|I457T|L781P|R249Q|R403Q|R453C|R663H|R719W|S782N|Y115H,H251N,,,Scaling recomputed in retained cohort; study deletion uses union of outcome sources.,0.292861949235,-0.0611371787212,estimated,estimated,,,1,1,"{""delta_charge"":0.7719024117939607}","{""catalytic_motif_min_ca_distance_8act_mean_ab"":20.562379148510246}"
C070,leave_one_variant_out,I457T,16,A797T|D239N|D778V|E497D|F834L|G741R|G768R|H251N|L781P|R249Q|R403Q|R453C|R663H|R719W|S782N|Y115H,I457T,,,Scaling recomputed in retained cohort; study deletion uses union of outcome sources.,0.29522171666,-0.0619011166493,estimated,estimated,,,1,1,"{""delta_charge"":0.7719024117939607}","{""catalytic_motif_min_ca_distance_8act_mean_ab"":20.413588069085513}"
C070,leave_one_variant_out,L781P,16,A797T|D239N|D778V|E497D|F834L|G741R|G768R|H251N|I457T|R249Q|R403Q|R453C|R663H|R719W|S782N|Y115H,L781P,,,Scaling recomputed in retained cohort; study deletion uses union of outcome sources.,0.275201705778,-0.073573609478,estimated,estimated,,,1,1,"{""delta_charge"":0.7719024117939607}","{""catalytic_motif_min_ca_distance_8act_mean_ab"":20.736340669174833}"
C070,leave_one_variant_out,R249Q,16,A797T|D239N|D778V|E497D|F834L|G741R|G768R|H251N|I457T|L781P|R403Q|R453C|R663H|R719W|S782N|Y115H,R249Q,,,Scaling recomputed in retained cohort; study deletion uses union of outcome sources.,0.264902702133,-0.0795403393917,estimated,estimated,,,1,1,"{""delta_charge"":0.7302967433402214}","{""catalytic_motif_min_ca_distance_8act_mean_ab"":20.19212229711602}"
C070,leave_one_variant_out,R403Q,16,A797T|D239N|D778V|E497D|F834L|G741R|G768R|H251N|I457T|L781P|R249Q|R453C|R663H|R719W|S782N|Y115H,R403Q,,,Scaling recomputed in retained cohort; study deletion uses union of outcome sources.,0.302819582096,-0.0502145940925,estimated,estimated,,,1,1,"{""delta_charge"":0.7302967433402214}","{""catalytic_motif_min_ca_distance_8act_mean_ab"":20.85719343455025}"
C070,leave_one_variant_out,R453C,16,A797T|D239N|D778V|E497D|F834L|G741R|G768R|H251N|I457T|L781P|R249Q|R403Q|R663H|R719W|S782N|Y115H,R453C,,,Scaling recomputed in retained cohort; study deletion uses union of outcome sources.,0.253909372085,-0.0881139837473,estimated,estimated,,,1,1,"{""delta_charge"":0.7302967433402214}","{""catalytic_motif_min_ca_distance_8act_mean_ab"":20.76410478120334}"
C070,leave_one_variant_out,R663H,16,A797T|D239N|D778V|E497D|F834L|G741R|G768R|H251N|I457T|L781P|R249Q|R403Q|R453C|R719W|S782N|Y115H,R663H,,,Scaling recomputed in retained cohort; study deletion uses union of outcome sources.,0.248662930581,-0.0940868034766,estimated,estimated,,,1,1,"{""delta_charge"":0.7302967433402214}","{""catalytic_motif_min_ca_distance_8act_mean_ab"":20.573579382549823}"
C070,leave_one_variant_out,R719W,16,A797T|D239N|D778V|E497D|F834L|G741R|G768R|H251N|I457T|L781P|R249Q|R403Q|R453C|R663H|S782N|Y115H,R719W,,,Scaling recomputed in retained cohort; study deletion uses union of outcome sources.,0.326999705615,-0.0293244304208,estimated,estimated,,,1,1,"{""delta_charge"":0.7302967433402214}","{""catalytic_motif_min_ca_distance_8act_mean_ab"":20.766876328770955}"
C070,leave_one_variant_out,S782N,16,A797T|D239N|D778V|E497D|F834L|G741R|G768R|H251N|I457T|L781P|R249Q|R403Q|R453C|R663H|R719W|Y115H,S782N,,,Scaling recomputed in retained cohort; study deletion uses union of outcome sources.,0.275438162616,-0.0733287434975,estimated,estimated,,,1,1,"{""delta_charge"":0.7719024117939607}","{""catalytic_motif_min_ca_distance_8act_mean_ab"":20.740447684320163}"
C070,leave_one_variant_out,Y115H,16,A797T|D239N|D778V|E497D|F834L|G741R|G768R|H251N|I457T|L781P|R249Q|R403Q|R453C|R663H|R719W|S782N,Y115H,,,Scaling recomputed in retained cohort; study deletion uses union of outcome sources.,0.29748544388,-0.0610419356873,estimated,estimated,,,1,1,"{""delta_charge"":0.7719024117939607}","{""catalytic_motif_min_ca_distance_8act_mean_ab"":20.34222928682121}"
C071,leave_one_variant_out,A797T,15,D382Y|D778V|E497D|F834L|G768R|H251N|I457T|L781P|P710R|R249Q|R403Q|R663H|R719W|S782N|Y115H,A797T,,,Scaling recomputed in retained cohort; study deletion uses union of outcome sources.,0.365893750222,-0.0447597241594,estimated,estimated,,,1,1,"{""delta_charge"":0.7559289460184544}","{""wt_site_rsa_8act_mean_ab"":0.18399885430644372}"
C071,leave_one_variant_out,D382Y,15,A797T|D778V|E497D|F834L|G768R|H251N|I457T|L781P|P710R|R249Q|R403Q|R663H|R719W|S782N|Y115H,D382Y,,,Scaling recomputed in retained cohort; study deletion uses union of outcome sources.,0.415215633926,-0.0145109333842,estimated,estimated,,,1,1,"{""delta_charge"":0.7037315505489968}","{""wt_site_rsa_8act_mean_ab"":0.1906365592599791}"
C071,leave_one_variant_out,D778V,15,A797T|D382Y|E497D|F834L|G768R|H251N|I457T|L781P|P710R|R249Q|R403Q|R663H|R719W|S782N|Y115H,D778V,,,Scaling recomputed in retained cohort; study deletion uses union of outcome sources.,0.385365878181,-0.0439105977416,estimated,estimated,,,1,1,"{""delta_charge"":0.7037315505489968}","{""wt_site_rsa_8act_mean_ab"":0.18850110859140243}"
C071,leave_one_variant_out,E497D,15,A797T|D382Y|D778V|F834L|G768R|H251N|I457T|L781P|P710R|R249Q|R403Q|R663H|R719W|S782N|Y115H,E497D,,,Scaling recomputed in retained cohort; study deletion uses union of outcome sources.,0.375071276911,-0.0327548601361,estimated,estimated,,,1,1,"{""delta_charge"":0.7559289460184544}","{""wt_site_rsa_8act_mean_ab"":0.18770595229121828}"
C071,leave_one_variant_out,F834L,15,A797T|D382Y|D778V|E497D|G768R|H251N|I457T|L781P|P710R|R249Q|R403Q|R663H|R719W|S782N|Y115H,F834L,,,Scaling recomputed in retained cohort; study deletion uses union of outcome sources.,0.409441423919,0.00283277825065,estimated,estimated,,,1,1,"{""delta_charge"":0.7559289460184544}","{""wt_site_rsa_8act_mean_ab"":0.19073985894618609}"
C071,leave_one_variant_out,G768R,15,A797T|D382Y|D778V|E497D|F834L|H251N|I457T|L781P|P710R|R249Q|R403Q|R663H|R719W|S782N|Y115H,G768R,,,Scaling recomputed in retained cohort; study deletion uses union of outcome sources.,0.44492101048,0.0309789165249,estimated,estimated,,,1,1,"{""delta_charge"":0.7037315505489968}","{""wt_site_rsa_8act_mean_ab"":0.15500209630715522}"
C071,leave_one_variant_out,H251N,15,A797T|D382Y|D778V|E497D|F834L|G768R|I457T|L781P|P710R|R249Q|R403Q|R663H|R719W|S782N|Y115H,H251N,,,Scaling recomputed in retained cohort; study deletion uses union of outcome sources.,0.376948943279,-0.0306568167,estimated,estimated,,,1,1,"{""delta_charge"":0.7559289460184544}","{""wt_site_rsa_8act_mean_ab"":0.1880669578427393}"
C071,leave_one_variant_out,I457T,15,A797T|D382Y|D778V|E497D|F834L|G768R|H251N|L781P|P710R|R249Q|R403Q|R663H|R719W|S782N|Y115H,I457T,,,Scaling recomputed in retained cohort; study deletion uses union of outcome sources.,0.364753967901,-0.0459111471294,estimated,estimated,,,1,1,"{""delta_charge"":0.7559289460184544}","{""wt_site_rsa_8act_mean_ab"":0.18168454305830953}"
C071,leave_one_variant_out,L781P,15,A797T|D382Y|D778V|E497D|F834L|G768R|H251N|I457T|P710R|R249Q|R403Q|R663H|R719W|S782N|Y115H,L781P,,,Scaling recomputed in retained cohort; study deletion uses union of outcome sources.,0.393100720109,-0.0130112739791,estimated,estimated,,,1,1,"{""delta_charge"":0.7559289460184544}","{""wt_site_rsa_8act_mean_ab"":0.19006800299460927}"
C071,leave_one_variant_out,P710R,15,A797T|D382Y|D778V|E497D|F834L|G768R|H251N|I457T|L781P|R249Q|R403Q|R663H|R719W|S782N|Y115H,P710R,,,Scaling recomputed in retained cohort; study deletion uses union of outcome sources.,0.463860959349,0.0465976728607,estimated,estimated,,,1,1,"{""delta_charge"":0.7037315505489968}","{""wt_site_rsa_8act_mean_ab"":0.18872828084093593}"
C071,leave_one_variant_out,R249Q,15,A797T|D382Y|D778V|E497D|F834L|G768R|H251N|I457T|L781P|P710R|R403Q|R663H|R719W|S782N|Y115H,R249Q,,,Scaling recomputed in retained cohort; study deletion uses union of outcome sources.,0.406440494736,-0.0214849938162,estimated,estimated,,,1,1,"{""delta_charge"":0.7037315505489968}","{""wt_site_rsa_8act_mean_ab"":0.19073538105110788}"
C071,leave_one_variant_out,R403Q,15,A797T|D382Y|D778V|E497D|F834L|G768R|H251N|I457T|L781P|P710R|R249Q|R663H|R719W|S782N|Y115H,R403Q,,,Scaling recomputed in retained cohort; study deletion uses union of outcome sources.,0.403742423904,-0.024299060746,estimated,estimated,,,1,1,"{""delta_charge"":0.7037315505489968}","{""wt_site_rsa_8act_mean_ab"":0.19059507948029447}"
C071,leave_one_variant_out,R663H,15,A797T|D382Y|D778V|E497D|F834L|G768R|H251N|I457T|L781P|P710R|R249Q|R403Q|R719W|S782N|Y115H,R663H,,,Scaling recomputed in retained cohort; study deletion uses union of outcome sources.,0.520148220508,0.146571593234,estimated,estimated,,,1,1,"{""delta_charge"":0.7037315505489968}","{""wt_site_rsa_8act_mean_ab"":0.15583167934311914}"
C071,leave_one_variant_out,R719W,15,A797T|D382Y|D778V|E497D|F834L|G768R|H251N|I457T|L781P|P710R|R249Q|R403Q|R663H|S782N|Y115H,R719W,,,Scaling recomputed in retained cohort; study deletion uses union of outcome sources.,0.41206891999,-0.0143404095599,estimated,estimated,,,1,1,"{""delta_charge"":0.7037315505489968}","{""wt_site_rsa_8act_mean_ab"":0.19025781541744846}"
C071,leave_one_variant_out,S782N,15,A797T|D382Y|D778V|E497D|F834L|G768R|H251N|I457T|L781P|P710R|R249Q|R403Q|R663H|R719W|Y115H,S782N,,,Scaling recomputed in retained cohort; study deletion uses union of outcome sources.,0.441047500414,0.029676136944,estimated,estimated,,,1,1,"{""delta_charge"":0.7559289460184544}","{""wt_site_rsa_8act_mean_ab"":0.18723186330424393}"
C071,leave_one_variant_out,Y115H,15,A797T|D382Y|D778V|E497D|F834L|G768R|H251N|I457T|L781P|P710R|R249Q|R403Q|R663H|R719W|S782N,Y115H,,,Scaling recomputed in retained cohort; study deletion uses union of outcome sources.,0.365138436106,-0.0459111471294,estimated,estimated,,,1,1,"{""delta_charge"":0.7559289460184544}","{""wt_site_rsa_8act_mean_ab"":0.1831998356752289}"
C072,leave_one_variant_out,A797T,15,D382Y|D778V|E497D|F834L|G768R|H251N|I457T|L781P|P710R|R249Q|R403Q|R663H|R719W|S782N|Y115H,A797T,,,Scaling recomputed in retained cohort; study deletion uses union of outcome sources.,0.238593565638,-0.125550490238,estimated,estimated,,,1,1,"{""delta_charge"":0.7559289460184544}","{""ihm_interface_flag_8act"":0.35186577527449836}"
C072,leave_one_variant_out,D382Y,15,A797T|D778V|E497D|F834L|G768R|H251N|I457T|L781P|P710R|R249Q|R403Q|R663H|R719W|S782N|Y115H,D382Y,,,Scaling recomputed in retained cohort; study deletion uses union of outcome sources.,0.395614310102,,estimated,zero_u_distance_variance,,,1,1,"{""delta_charge"":0.7037315505489968}","{""ihm_interface_flag_8act"":0.25819888974716115}"
C072,leave_one_variant_out,D778V,15,A797T|D382Y|E497D|F834L|G768R|H251N|I457T|L781P|P710R|R249Q|R403Q|R663H|R719W|S782N|Y115H,D778V,,,Scaling recomputed in retained cohort; study deletion uses union of outcome sources.,0.290301537729,-0.123961406333,estimated,estimated,,,1,1,"{""delta_charge"":0.7037315505489968}","{""ihm_interface_flag_8act"":0.35186577527449836}"
C072,leave_one_variant_out,E497D,15,A797T|D382Y|D778V|F834L|G768R|H251N|I457T|L781P|P710R|R249Q|R403Q|R663H|R719W|S782N|Y115H,E497D,,,Scaling recomputed in retained cohort; study deletion uses union of outcome sources.,0.238593565638,-0.125550490238,estimated,estimated,,,1,1,"{""delta_charge"":0.7559289460184544}","{""ihm_interface_flag_8act"":0.35186577527449836}"
C072,leave_one_variant_out,F834L,15,A797T|D382Y|D778V|E497D|G768R|H251N|I457T|L781P|P710R|R249Q|R403Q|R663H|R719W|S782N|Y115H,F834L,,,Scaling recomputed in retained cohort; study deletion uses union of outcome sources.,0.238593565638,-0.125550490238,estimated,estimated,,,1,1,"{""delta_charge"":0.7559289460184544}","{""ihm_interface_flag_8act"":0.35186577527449836}"
C072,leave_one_variant_out,G768R,15,A797T|D382Y|D778V|E497D|F834L|H251N|I457T|L781P|P710R|R249Q|R403Q|R663H|R719W|S782N|Y115H,G768R,,,Scaling recomputed in retained cohort; study deletion uses union of outcome sources.,0.290301537729,-0.123961406333,estimated,estimated,,,1,1,"{""delta_charge"":0.7037315505489968}","{""ihm_interface_flag_8act"":0.35186577527449836}"
C072,leave_one_variant_out,H251N,15,A797T|D382Y|D778V|E497D|F834L|G768R|I457T|L781P|P710R|R249Q|R403Q|R663H|R719W|S782N|Y115H,H251N,,,Scaling recomputed in retained cohort; study deletion uses union of outcome sources.,0.238593565638,-0.125550490238,estimated,estimated,,,1,1,"{""delta_charge"":0.7559289460184544}","{""ihm_interface_flag_8act"":0.35186577527449836}"
C072,leave_one_variant_out,I457T,15,A797T|D382Y|D778V|E497D|F834L|G768R|H251N|L781P|P710R|R249Q|R403Q|R663H|R719W|S782N|Y115H,I457T,,,Scaling recomputed in retained cohort; study deletion uses union of outcome sources.,0.238593565638,-0.125550490238,estimated,estimated,,,1,1,"{""delta_charge"":0.7559289460184544}","{""ihm_interface_flag_8act"":0.35186577527449836}"
C072,leave_one_variant_out,L781P,15,A797T|D382Y|D778V|E497D|F834L|G768R|H251N|I457T|P710R|R249Q|R403Q|R663H|R719W|S782N|Y115H,L781P,,,Scaling recomputed in retained cohort; study deletion uses union of outcome sources.,0.238593565638,-0.125550490238,estimated,estimated,,,1,1,"{""delta_charge"":0.7559289460184544}","{""ihm_interface_flag_8act"":0.35186577527449836}"
C072,leave_one_variant_out,P710R,15,A797T|D382Y|D778V|E497D|F834L|G768R|H251N|I457T|L781P|R249Q|R403Q|R663H|R719W|S782N|Y115H,P710R,,,Scaling recomputed in retained cohort; study deletion uses union of outcome sources.,0.290301537729,-0.123961406333,estimated,estimated,,,1,1,"{""delta_charge"":0.7037315505489968}","{""ihm_interface_flag_8act"":0.35186577527449836}"
C072,leave_one_variant_out,R249Q,15,A797T|D382Y|D778V|E497D|F834L|G768R|H251N|I457T|L781P|P710R|R403Q|R663H|R719W|S782N|Y115H,R249Q,,,Scaling recomputed in retained cohort; study deletion uses union of outcome sources.,0.290301537729,-0.123961406333,estimated,estimated,,,1,1,"{""delta_charge"":0.7037315505489968}","{""ihm_interface_flag_8act"":0.35186577527449836}"
C072,leave_one_variant_out,R403Q,15,A797T|D382Y|D778V|E497D|F834L|G768R|H251N|I457T|L781P|P710R|R249Q|R663H|R719W|S782N|Y115H,R403Q,,,Scaling recomputed in retained cohort; study deletion uses union of outcome sources.,0.395614310102,,estimated,zero_u_distance_variance,,,1,1,"{""delta_charge"":0.7037315505489968}","{""ihm_interface_flag_8act"":0.25819888974716115}"
C072,leave_one_variant_out,R663H,15,A797T|D382Y|D778V|E497D|F834L|G768R|H251N|I457T|L781P|P710R|R249Q|R403Q|R719W|S782N|Y115H,R663H,,,Scaling recomputed in retained cohort; study deletion uses union of outcome sources.,0.290301537729,-0.123961406333,estimated,estimated,,,1,1,"{""delta_charge"":0.7037315505489968}","{""ihm_interface_flag_8act"":0.35186577527449836}"
C072,leave_one_variant_out,R719W,15,A797T|D382Y|D778V|E497D|F834L|G768R|H251N|I457T|L781P|P710R|R249Q|R403Q|R663H|S782N|Y115H,R719W,,,Scaling recomputed in retained cohort; study deletion uses union of outcome sources.,0.290301537729,-0.123961406333,estimated,estimated,,,1,1,"{""delta_charge"":0.7037315505489968}","{""ihm_interface_flag_8act"":0.35186577527449836}"
C072,leave_one_variant_out,S782N,15,A797T|D382Y|D778V|E497D|F834L|G768R|H251N|I457T|L781P|P710R|R249Q|R403Q|R663H|R719W|Y115H,S782N,,,Scaling recomputed in retained cohort; study deletion uses union of outcome sources.,0.238593565638,-0.125550490238,estimated,estimated,,,1,1,"{""delta_charge"":0.7559289460184544}","{""ihm_interface_flag_8act"":0.35186577527449836}"
C072,leave_one_variant_out,Y115H,15,A797T|D382Y|D778V|E497D|F834L|G768R|H251N|I457T|L781P|P710R|R249Q|R403Q|R663H|R719W|S782N,Y115H,,,Scaling recomputed in retained cohort; study deletion uses union of outcome sources.,0.238593565638,-0.125550490238,estimated,estimated,,,1,1,"{""delta_charge"":0.7559289460184544}","{""ihm_interface_flag_8act"":0.35186577527449836}"
C073,leave_one_variant_out,A797T,16,D239N|D778V|E497D|F834L|G741R|G768R|H251N|I457T|L781P|R249Q|R403Q|R453C|R663H|R719W|S782N|Y115H,A797T,,,Scaling recomputed in retained cohort; study deletion uses union of outcome sources.,0.40863757083,-0.0217890095352,estimated,estimated,,,1,1,"{""grantham_distance"":48.00138886879559}","{""catalytic_motif_min_ca_distance_8act_mean_ab"":19.974048462950332}"
C073,leave_one_variant_out,D239N,16,A797T|D778V|E497D|F834L|G741R|G768R|H251N|I457T|L781P|R249Q|R403Q|R453C|R663H|R719W|S782N|Y115H,D239N,,,Scaling recomputed in retained cohort; study deletion uses union of outcome sources.,0.374140731726,-0.0588309136894,estimated,estimated,,,1,1,"{""grantham_distance"":46.01118523431739}","{""catalytic_motif_min_ca_distance_8act_mean_ab"":19.323448102307275}"
C073,leave_one_variant_out,D778V,16,A797T|D239N|E497D|F834L|G741R|G768R|H251N|I457T|L781P|R249Q|R403Q|R453C|R663H|R719W|S782N|Y115H,D778V,,,Scaling recomputed in retained cohort; study deletion uses union of outcome sources.,0.369478809418,-0.0640624197314,estimated,estimated,,,1,1,"{""grantham_distance"":44.13294309998673}","{""catalytic_motif_min_ca_distance_8act_mean_ab"":20.83724285918141}"
C073,leave_one_variant_out,E497D,16,A797T|D239N|D778V|F834L|G741R|G768R|H251N|I457T|L781P|R249Q|R403Q|R453C|R663H|R719W|S782N|Y115H,E497D,,,Scaling recomputed in retained cohort; study deletion uses union of outcome sources.,0.399687829587,-0.0310926231772,estimated,estimated,,,1,1,"{""grantham_distance"":47.48574347457701}","{""catalytic_motif_min_ca_distance_8act_mean_ab"":20.800221744118687}"
C073,leave_one_variant_out,F834L,16,A797T|D239N|D778V|E497D|G741R|G768R|H251N|I457T|L781P|R249Q|R403Q|R453C|R663H|R719W|S782N|Y115H,F834L,,,Scaling recomputed in retained cohort; study deletion uses union of outcome sources.,0.413866385038,0.0198282413274,estimated,estimated,,,1,1,"{""grantham_distance"":45.92530166839771}","{""catalytic_motif_min_ca_distance_8act_mean_ab"":14.485008840570595}"
C073,leave_one_variant_out,G741R,16,A797T|D239N|D778V|E497D|F834L|G768R|H251N|I457T|L781P|R249Q|R403Q|R453C|R663H|R719W|S782N|Y115H,G741R,,,Scaling recomputed in retained cohort; study deletion uses union of outcome sources.,0.376607046102,-0.0489895484976,estimated,estimated,,,1,1,"{""grantham_distance"":46.67150272561048}","{""catalytic_motif_min_ca_distance_8act_mean_ab"":20.56036079865603}"
C073,leave_one_variant_out,G768R,16,A797T|D239N|D778V|E497D|F834L|G741R|H251N|I457T|L781P|R249Q|R403Q|R453C|R663H|R719W|S782N|Y115H,G768R,,,Scaling recomputed in retained cohort; study deletion uses union of outcome sources.,0.376318520073,-0.0475651128996,estimated,estimated,,,1,1,"{""grantham_distance"":46.67150272561048}","{""catalytic_motif_min_ca_distance_8act_mean_ab"":20.872827204519783}"
C073,leave_one_variant_out,H251N,16,A797T|D239N|D778V|E497D|F834L|G741R|G768R|I457T|L781P|R249Q|R403Q|R453C|R663H|R719W|S782N|Y115H,H251N,,,Scaling recomputed in retained cohort; study deletion uses union of outcome sources.,0.382849765485,-0.0421192636442,estimated,estimated,,,1,1,"{""grantham_distance"":48.22568471952126}","{""catalytic_motif_min_ca_distance_8act_mean_ab"":20.562379148510246}"
C073,leave_one_variant_out,I457T,16,A797T|D239N|D778V|E497D|F834L|G741R|G768R|H251N|L781P|R249Q|R403Q|R453C|R663H|R719W|S782N|Y115H,I457T,,,Scaling recomputed in retained cohort; study deletion uses union of outcome sources.,0.397947461047,-0.0237703132435,estimated,estimated,,,1,1,"{""grantham_distance"":48.21751929191989}","{""catalytic_motif_min_ca_distance_8act_mean_ab"":20.413588069085513}"
C073,leave_one_variant_out,L781P,16,A797T|D239N|D778V|E497D|F834L|G741R|G768R|H251N|I457T|R249Q|R403Q|R453C|R663H|R719W|S782N|Y115H,L781P,,,Scaling recomputed in retained cohort; study deletion uses union of outcome sources.,0.372551920374,-0.0496224106205,estimated,estimated,,,1,1,"{""grantham_distance"":48.01527534719203}","{""catalytic_motif_min_ca_distance_8act_mean_ab"":20.736340669174833}"
C073,leave_one_variant_out,R249Q,16,A797T|D239N|D778V|E497D|F834L|G741R|G768R|H251N|I457T|L781P|R403Q|R453C|R663H|R719W|S782N|Y115H,R249Q,,,Scaling recomputed in retained cohort; study deletion uses union of outcome sources.,0.383433682216,-0.0603793802122,estimated,estimated,,,1,1,"{""grantham_distance"":47.38349747890433}","{""catalytic_motif_min_ca_distance_8act_mean_ab"":20.19212229711602}"
C073,leave_one_variant_out,R403Q,16,A797T|D239N|D778V|E497D|F834L|G741R|G768R|H251N|I457T|L781P|R249Q|R453C|R663H|R719W|S782N|Y115H,R403Q,,,Scaling recomputed in retained cohort; study deletion uses union of outcome sources.,0.41857417403,-0.0101429148339,estimated,estimated,,,1,1,"{""grantham_distance"":47.38349747890433}","{""catalytic_motif_min_ca_distance_8act_mean_ab"":20.85719343455025}"
C073,leave_one_variant_out,R453C,16,A797T|D239N|D778V|E497D|F834L|G741R|G768R|H251N|I457T|L781P|R249Q|R403Q|R663H|R719W|S782N|Y115H,R453C,,,Scaling recomputed in retained cohort; study deletion uses union of outcome sources.,0.416033152683,-0.00950403352253,estimated,estimated,,,1,1,"{""grantham_distance"":39.99479132753831}","{""catalytic_motif_min_ca_distance_8act_mean_ab"":20.76410478120334}"
C073,leave_one_variant_out,R663H,16,A797T|D239N|D778V|E497D|F834L|G741R|G768R|H251N|I457T|L781P|R249Q|R403Q|R453C|R719W|S782N|Y115H,R663H,,,Scaling recomputed in retained cohort; study deletion uses union of outcome sources.,0.393467317816,-0.052295402464,estimated,estimated,,,1,1,"{""grantham_distance"":46.491172997319254}","{""catalytic_motif_min_ca_distance_8act_mean_ab"":20.573579382549823}"
C073,leave_one_variant_out,R719W,16,A797T|D239N|D778V|E497D|F834L|G741R|G768R|H251N|I457T|L781P|R249Q|R403Q|R453C|R663H|S782N|Y115H,R719W,,,Scaling recomputed in retained cohort; study deletion uses union of outcome sources.,0.368427694581,-0.0536332844003,estimated,estimated,,,1,1,"{""grantham_distance"":47.921072261236674}","{""catalytic_motif_min_ca_distance_8act_mean_ab"":20.766876328770955}"
C073,leave_one_variant_out,S782N,16,A797T|D239N|D778V|E497D|F834L|G741R|G768R|H251N|I457T|L781P|R249Q|R403Q|R453C|R663H|R719W|Y115H,S782N,,,Scaling recomputed in retained cohort; study deletion uses union of outcome sources.,0.423581503926,-0.0059928406941,estimated,estimated,,,1,1,"{""grantham_distance"":47.53454883906371}","{""catalytic_motif_min_ca_distance_8act_mean_ab"":20.740447684320163}"
C073,leave_one_variant_out,Y115H,16,A797T|D239N|D778V|E497D|F834L|G741R|G768R|H251N|I457T|L781P|R249Q|R403Q|R453C|R663H|R719W|S782N,Y115H,,,Scaling recomputed in retained cohort; study deletion uses union of outcome sources.,0.391201516068,-0.0326947012616,estimated,estimated,,,1,1,"{""grantham_distance"":48.28591064344408}","{""catalytic_motif_min_ca_distance_8act_mean_ab"":20.34222928682121}"
C074,leave_one_variant_out,A797T,13,D778V|E497D|F834L|G768R|H251N|I457T|L781P|R249Q|R403Q|R663H|R719W|S782N|Y115H,A797T,,,Scaling recomputed in retained cohort; study deletion uses union of outcome sources.,0.429090720966,-0.057740511158,estimated,estimated,,,1,1,"{""grantham_distance"":39.35212502000043}","{""wt_site_rsa_8act_mean_ab"":0.19589005044908817}"
C074,leave_one_variant_out,D778V,13,A797T|E497D|F834L|G768R|H251N|I457T|L781P|R249Q|R403Q|R663H|R719W|S782N|Y115H,D778V,,,Scaling recomputed in retained cohort; study deletion uses union of outcome sources.,0.454583281914,-0.0600587392045,estimated,estimated,,,1,1,"{""grantham_distance"":31.378173044167877}","{""wt_site_rsa_8act_mean_ab"":0.2015777586061597}"
C074,leave_one_variant_out,E497D,13,A797T|D778V|F834L|G768R|H251N|I457T|L781P|R249Q|R403Q|R663H|R719W|S782N|Y115H,E497D,,,Scaling recomputed in retained cohort; study deletion uses union of outcome sources.,0.453145457408,-0.0339885042518,estimated,estimated,,,1,1,"{""grantham_distance"":38.75250198705124}","{""wt_site_rsa_8act_mean_ab"":0.20013697377306353}"
C074,leave_one_variant_out,F834L,13,A797T|D778V|E497D|G768R|H251N|I457T|L781P|R249Q|R403Q|R663H|R719W|S782N|Y115H,F834L,,,Scaling recomputed in retained cohort; study deletion uses union of outcome sources.,0.439979966267,-0.0625872703496,estimated,estimated,,,1,1,"{""grantham_distance"":36.66864796511788}","{""wt_site_rsa_8act_mean_ab"":0.20378721658840904}"
C074,leave_one_variant_out,G768R,13,A797T|D778V|E497D|F834L|H251N|I457T|L781P|R249Q|R403Q|R663H|R719W|S782N|Y115H,G768R,,,Scaling recomputed in retained cohort; study deletion uses union of outcome sources.,0.512935052249,0.0412432710392,estimated,estimated,,,1,1,"{""grantham_distance"":36.17921913800652}","{""wt_site_rsa_8act_mean_ab"":0.165451904288467}"
C074,leave_one_variant_out,H251N,13,A797T|D778V|E497D|F834L|G768R|I457T|L781P|R249Q|R403Q|R663H|R719W|S782N|Y115H,H251N,,,Scaling recomputed in retained cohort; study deletion uses union of outcome sources.,0.416007765623,-0.066089865098,estimated,estimated,,,1,1,"{""grantham_distance"":39.547115684640765}","{""wt_site_rsa_8act_mean_ab"":0.2005542652120628}"
C074,leave_one_variant_out,I457T,13,A797T|D778V|E497D|F834L|G768R|H251N|L781P|R249Q|R403Q|R663H|R719W|S782N|Y115H,I457T,,,Scaling recomputed in retained cohort; study deletion uses union of outcome sources.,0.417750993217,-0.0771556106118,estimated,estimated,,,1,1,"{""grantham_distance"":39.215545060077574}","{""wt_site_rsa_8act_mean_ab"":0.19325629323360716}"
C074,leave_one_variant_out,L781P,13,A797T|D778V|E497D|F834L|G768R|H251N|I457T|R249Q|R403Q|R663H|R719W|S782N|Y115H,L781P,,,Scaling recomputed in retained cohort; study deletion uses union of outcome sources.,0.448089699413,-0.047582551906,estimated,estimated,,,1,1,"{""grantham_distance"":38.7612680060379}","{""wt_site_rsa_8act_mean_ab"":0.2029042440915614}"
C074,leave_one_variant_out,R249Q,13,A797T|D778V|E497D|F834L|G768R|H251N|I457T|L781P|R403Q|R663H|R719W|S782N|Y115H,R249Q,,,Scaling recomputed in retained cohort; study deletion uses union of outcome sources.,0.433326249794,-0.0631941079118,estimated,estimated,,,1,1,"{""grantham_distance"":38.624590280791}","{""wt_site_rsa_8act_mean_ab"":0.20377007738241165}"
C074,leave_one_variant_out,R403Q,13,A797T|D778V|E497D|F834L|G768R|H251N|I457T|L781P|R249Q|R663H|R719W|S782N|Y115H,R403Q,,,Scaling recomputed in retained cohort; study deletion uses union of outcome sources.,0.437601579414,-0.0564862108663,estimated,estimated,,,1,1,"{""grantham_distance"":38.624590280791}","{""wt_site_rsa_8act_mean_ab"":0.20356137322681886}"
C074,leave_one_variant_out,R663H,13,A797T|D778V|E497D|F834L|G768R|H251N|I457T|L781P|R249Q|R403Q|R719W|S782N|Y115H,R663H,,,Scaling recomputed in retained cohort; study deletion uses union of outcome sources.,0.553508589315,0.0596881505183,estimated,estimated,,,1,1,"{""grantham_distance"":37.44962428348727}","{""wt_site_rsa_8act_mean_ab"":0.16635466807292257}"
C074,leave_one_variant_out,R719W,13,A797T|D778V|E497D|F834L|G768R|H251N|I457T|L781P|R249Q|R403Q|R663H|S782N|Y115H,R719W,,,Scaling recomputed in retained cohort; study deletion uses union of outcome sources.,0.454607079946,-0.0427232597461,estimated,estimated,,,1,1,"{""grantham_distance"":38.566791879769255}","{""wt_site_rsa_8act_mean_ab"":0.20313528078811616}"
C074,leave_one_variant_out,S782N,13,A797T|D778V|E497D|F834L|G768R|H251N|I457T|L781P|R249Q|R403Q|R663H|R719W|Y115H,S782N,,,Scaling recomputed in retained cohort; study deletion uses union of outcome sources.,0.464864799016,-0.0345677166976,estimated,estimated,,,1,1,"{""grantham_distance"":38.812831608063554}","{""wt_site_rsa_8act_mean_ab"":0.2002448523775076}"
C074,leave_one_variant_out,Y115H,13,A797T|D778V|E497D|F834L|G768R|H251N|I457T|L781P|R249Q|R403Q|R663H|R719W|S782N,Y115H,,,Scaling recomputed in retained cohort; study deletion uses union of outcome sources.,0.408769625327,-0.0858236078988,estimated,estimated,,,1,1,"{""grantham_distance"":39.41316323130428}","{""wt_site_rsa_8act_mean_ab"":0.1949798030887471}"
C075,leave_one_variant_out,A797T,13,D778V|E497D|F834L|G768R|H251N|I457T|L781P|R249Q|R403Q|R663H|R719W|S782N|Y115H,A797T,,,Scaling recomputed in retained cohort; study deletion uses union of outcome sources.,0.291016940011,,estimated,zero_u_distance_variance,,,1,1,"{""grantham_distance"":39.35212502000043}","{""ihm_interface_flag_8act"":0.2773500981126146}"
C075,leave_one_variant_out,D778V,13,A797T|E497D|F834L|G768R|H251N|I457T|L781P|R249Q|R403Q|R663H|R719W|S782N|Y115H,D778V,,,Scaling recomputed in retained cohort; study deletion uses union of outcome sources.,0.284487094114,,estimated,zero_u_distance_variance,,,1,1,"{""grantham_distance"":31.378173044167877}","{""ihm_interface_flag_8act"":0.2773500981126146}"
C075,leave_one_variant_out,E497D,13,A797T|D778V|F834L|G768R|H251N|I457T|L781P|R249Q|R403Q|R663H|R719W|S782N|Y115H,E497D,,,Scaling recomputed in retained cohort; study deletion uses union of outcome sources.,0.309015084028,,estimated,zero_u_distance_variance,,,1,1,"{""grantham_distance"":38.75250198705124}","{""ihm_interface_flag_8act"":0.2773500981126146}"
C075,leave_one_variant_out,F834L,13,A797T|D778V|E497D|G768R|H251N|I457T|L781P|R249Q|R403Q|R663H|R719W|S782N|Y115H,F834L,,,Scaling recomputed in retained cohort; study deletion uses union of outcome sources.,0.315032183438,,estimated,zero_u_distance_variance,,,1,1,"{""grantham_distance"":36.66864796511788}","{""ihm_interface_flag_8act"":0.2773500981126146}"
C075,leave_one_variant_out,G768R,13,A797T|D778V|E497D|F834L|H251N|I457T|L781P|R249Q|R403Q|R663H|R719W|S782N|Y115H,G768R,,,Scaling recomputed in retained cohort; study deletion uses union of outcome sources.,0.277351742179,,estimated,zero_u_distance_variance,,,1,1,"{""grantham_distance"":36.17921913800652}","{""ihm_interface_flag_8act"":0.2773500981126146}"
C075,leave_one_variant_out,H251N,13,A797T|D778V|E497D|F834L|G768R|I457T|L781P|R249Q|R403Q|R663H|R719W|S782N|Y115H,H251N,,,Scaling recomputed in retained cohort; study deletion uses union of outcome sources.,0.281391510734,,estimated,zero_u_distance_variance,,,1,1,"{""grantham_distance"":39.547115684640765}","{""ihm_interface_flag_8act"":0.2773500981126146}"
C075,leave_one_variant_out,I457T,13,A797T|D778V|E497D|F834L|G768R|H251N|L781P|R249Q|R403Q|R663H|R719W|S782N|Y115H,I457T,,,Scaling recomputed in retained cohort; study deletion uses union of outcome sources.,0.271592131787,,estimated,zero_u_distance_variance,,,1,1,"{""grantham_distance"":39.215545060077574}","{""ihm_interface_flag_8act"":0.2773500981126146}"
C075,leave_one_variant_out,L781P,13,A797T|D778V|E497D|F834L|G768R|H251N|I457T|R249Q|R403Q|R663H|R719W|S782N|Y115H,L781P,,,Scaling recomputed in retained cohort; study deletion uses union of outcome sources.,0.271272857283,,estimated,zero_u_distance_variance,,,1,1,"{""grantham_distance"":38.7612680060379}","{""ihm_interface_flag_8act"":0.2773500981126146}"
C075,leave_one_variant_out,R249Q,13,A797T|D778V|E497D|F834L|G768R|H251N|I457T|L781P|R403Q|R663H|R719W|S782N|Y115H,R249Q,,,Scaling recomputed in retained cohort; study deletion uses union of outcome sources.,0.312291897964,,estimated,zero_u_distance_variance,,,1,1,"{""grantham_distance"":38.624590280791}","{""ihm_interface_flag_8act"":0.2773500981126146}"
C075,leave_one_variant_out,R403Q,13,A797T|D778V|E497D|F834L|G768R|H251N|I457T|L781P|R249Q|R663H|R719W|S782N|Y115H,R403Q,,,Scaling recomputed in retained cohort; study deletion uses union of outcome sources.,,,constant_side,constant_side,,ihm_interface_flag_8act,1,0,"{""grantham_distance"":38.624590280791}",{}
C075,leave_one_variant_out,R663H,13,A797T|D778V|E497D|F834L|G768R|H251N|I457T|L781P|R249Q|R403Q|R719W|S782N|Y115H,R663H,,,Scaling recomputed in retained cohort; study deletion uses union of outcome sources.,0.314251271098,,estimated,zero_u_distance_variance,,,1,1,"{""grantham_distance"":37.44962428348727}","{""ihm_interface_flag_8act"":0.2773500981126146}"
C075,leave_one_variant_out,R719W,13,A797T|D778V|E497D|F834L|G768R|H251N|I457T|L781P|R249Q|R403Q|R663H|S782N|Y115H,R719W,,,Scaling recomputed in retained cohort; study deletion uses union of outcome sources.,0.271495887383,,estimated,zero_u_distance_variance,,,1,1,"{""grantham_distance"":38.566791879769255}","{""ihm_interface_flag_8act"":0.2773500981126146}"
C075,leave_one_variant_out,S782N,13,A797T|D778V|E497D|F834L|G768R|H251N|I457T|L781P|R249Q|R403Q|R663H|R719W|Y115H,S782N,,,Scaling recomputed in retained cohort; study deletion uses union of outcome sources.,0.307402376836,,estimated,zero_u_distance_variance,,,1,1,"{""grantham_distance"":38.812831608063554}","{""ihm_interface_flag_8act"":0.2773500981126146}"
C075,leave_one_variant_out,Y115H,13,A797T|D778V|E497D|F834L|G768R|H251N|I457T|L781P|R249Q|R403Q|R663H|R719W|S782N,Y115H,,,Scaling recomputed in retained cohort; study deletion uses union of outcome sources.,0.273026710407,,estimated,zero_u_distance_variance,,,1,1,"{""grantham_distance"":39.41316323130428}","{""ihm_interface_flag_8act"":0.2773500981126146}"
C076,leave_one_variant_out,A797T,13,D778V|E497D|F834L|G768R|H251N|I457T|L781P|R249Q|R403Q|R663H|R719W|S782N|Y115H,A797T,,,Scaling recomputed in retained cohort; study deletion uses union of outcome sources.,0.436226700805,0.067398925899,estimated,estimated,,,1,1,"{""catalytic_motif_min_ca_distance_8act_mean_ab"":20.157163559836018}","{""wt_site_rsa_8act_mean_ab"":0.19589005044908817}"
C076,leave_one_variant_out,D778V,13,A797T|E497D|F834L|G768R|H251N|I457T|L781P|R249Q|R403Q|R663H|R719W|S782N|Y115H,D778V,,,Scaling recomputed in retained cohort; study deletion uses union of outcome sources.,0.357310921948,-0.0474728719867,estimated,estimated,,,1,1,"{""catalytic_motif_min_ca_distance_8act_mean_ab"":21.104464789646972}","{""wt_site_rsa_8act_mean_ab"":0.2015777586061597}"
C076,leave_one_variant_out,E497D,13,A797T|D778V|F834L|G768R|H251N|I457T|L781P|R249Q|R403Q|R663H|R719W|S782N|Y115H,E497D,,,Scaling recomputed in retained cohort; study deletion uses union of outcome sources.,0.387780536276,-0.0238638337208,estimated,estimated,,,1,1,"{""catalytic_motif_min_ca_distance_8act_mean_ab"":20.96889256190285}","{""wt_site_rsa_8act_mean_ab"":0.20013697377306353}"
C076,leave_one_variant_out,F834L,13,A797T|D778V|E497D|G768R|H251N|I457T|L781P|R249Q|R403Q|R663H|R719W|S782N|Y115H,F834L,,,Scaling recomputed in retained cohort; study deletion uses union of outcome sources.,0.385191086227,-0.0324292862751,estimated,estimated,,,1,1,"{""catalytic_motif_min_ca_distance_8act_mean_ab"":13.31026264566788}","{""wt_site_rsa_8act_mean_ab"":0.20378721658840904}"
C076,leave_one_variant_out,G768R,13,A797T|D778V|E497D|F834L|H251N|I457T|L781P|R249Q|R403Q|R663H|R719W|S782N|Y115H,G768R,,,Scaling recomputed in retained cohort; study deletion uses union of outcome sources.,0.401652823197,-0.0454011763645,estimated,estimated,,,1,1,"{""catalytic_motif_min_ca_distance_8act_mean_ab"":21.094558550026452}","{""wt_site_rsa_8act_mean_ab"":0.165451904288467}"
C076,leave_one_variant_out,H251N,13,A797T|D778V|E497D|F834L|G768R|I457T|L781P|R249Q|R403Q|R663H|R719W|S782N|Y115H,H251N,,,Scaling recomputed in retained cohort; study deletion uses union of outcome sources.,0.387058359652,-0.0374937078328,estimated,estimated,,,1,1,"{""catalytic_motif_min_ca_distance_8act_mean_ab"":20.61854720633578}","{""wt_site_rsa_8act_mean_ab"":0.2005542652120628}"
C076,leave_one_variant_out,I457T,13,A797T|D778V|E497D|F834L|G768R|H251N|L781P|R249Q|R403Q|R663H|R719W|S782N|Y115H,I457T,,,Scaling recomputed in retained cohort; study deletion uses union of outcome sources.,0.361430629263,-0.0696881094369,estimated,estimated,,,1,1,"{""catalytic_motif_min_ca_distance_8act_mean_ab"":20.40857802401181}","{""wt_site_rsa_8act_mean_ab"":0.19325629323360716}"
C076,leave_one_variant_out,L781P,13,A797T|D778V|E497D|F834L|G768R|H251N|I457T|R249Q|R403Q|R663H|R719W|S782N|Y115H,L781P,,,Scaling recomputed in retained cohort; study deletion uses union of outcome sources.,0.37521046934,-0.0309142271017,estimated,estimated,,,1,1,"{""catalytic_motif_min_ca_distance_8act_mean_ab"":21.00886189063727}","{""wt_site_rsa_8act_mean_ab"":0.2029042440915614}"
C076,leave_one_variant_out,R249Q,13,A797T|D778V|E497D|F834L|G768R|H251N|I457T|L781P|R403Q|R663H|R719W|S782N|Y115H,R249Q,,,Scaling recomputed in retained cohort; study deletion uses union of outcome sources.,0.432487003221,0.0229189354317,estimated,estimated,,,1,1,"{""catalytic_motif_min_ca_distance_8act_mean_ab"":20.100533527242536}","{""wt_site_rsa_8act_mean_ab"":0.20377007738241165}"
C076,leave_one_variant_out,R403Q,13,A797T|D778V|E497D|F834L|G768R|H251N|I457T|L781P|R249Q|R663H|R719W|S782N|Y115H,R403Q,,,Scaling recomputed in retained cohort; study deletion uses union of outcome sources.,0.373996427554,-0.0308620241243,estimated,estimated,,,1,1,"{""catalytic_motif_min_ca_distance_8act_mean_ab"":21.11966224140116}","{""wt_site_rsa_8act_mean_ab"":0.20356137322681886}"
C076,leave_one_variant_out,R663H,13,A797T|D778V|E497D|F834L|G768R|H251N|I457T|L781P|R249Q|R403Q|R719W|S782N|Y115H,R663H,,,Scaling recomputed in retained cohort; study deletion uses union of outcome sources.,0.460623580039,0.0617109125426,estimated,estimated,,,1,1,"{""catalytic_motif_min_ca_distance_8act_mean_ab"":20.634513504825293}","{""wt_site_rsa_8act_mean_ab"":0.16635466807292257}"
C076,leave_one_variant_out,R719W,13,A797T|D778V|E497D|F834L|G768R|H251N|I457T|L781P|R249Q|R403Q|R663H|S782N|Y115H,R719W,,,Scaling recomputed in retained cohort; study deletion uses union of outcome sources.,0.372059829864,-0.0344415911176,estimated,estimated,,,1,1,"{""catalytic_motif_min_ca_distance_8act_mean_ab"":21.03943699709954}","{""wt_site_rsa_8act_mean_ab"":0.20313528078811616}"
C076,leave_one_variant_out,S782N,13,A797T|D778V|E497D|F834L|G768R|H251N|I457T|L781P|R249Q|R403Q|R663H|R719W|Y115H,S782N,,,Scaling recomputed in retained cohort; study deletion uses union of outcome sources.,0.364420524656,-0.03787824799,estimated,estimated,,,1,1,"{""catalytic_motif_min_ca_distance_8act_mean_ab"":21.01302410638157}","{""wt_site_rsa_8act_mean_ab"":0.2002448523775076}"
C076,leave_one_variant_out,Y115H,13,A797T|D778V|E497D|F834L|G768R|H251N|I457T|L781P|R249Q|R403Q|R663H|R719W|S782N,Y115H,,,Scaling recomputed in retained cohort; study deletion uses union of outcome sources.,0.363671774159,-0.0695199471935,estimated,estimated,,,1,1,"{""catalytic_motif_min_ca_distance_8act_mean_ab"":20.308891982232407}","{""wt_site_rsa_8act_mean_ab"":0.1949798030887471}"
C077,leave_one_variant_out,A797T,13,D778V|E497D|F834L|G768R|H251N|I457T|L781P|R249Q|R403Q|R663H|R719W|S782N|Y115H,A797T,,,Scaling recomputed in retained cohort; study deletion uses union of outcome sources.,0.255698233973,,estimated,zero_u_distance_variance,,,1,1,"{""catalytic_motif_min_ca_distance_8act_mean_ab"":20.157163559836018}","{""ihm_interface_flag_8act"":0.2773500981126146}"
C077,leave_one_variant_out,D778V,13,A797T|E497D|F834L|G768R|H251N|I457T|L781P|R249Q|R403Q|R663H|R719W|S782N|Y115H,D778V,,,Scaling recomputed in retained cohort; study deletion uses union of outcome sources.,0.25723580661,,estimated,zero_u_distance_variance,,,1,1,"{""catalytic_motif_min_ca_distance_8act_mean_ab"":21.104464789646972}","{""ihm_interface_flag_8act"":0.2773500981126146}"
C077,leave_one_variant_out,E497D,13,A797T|D778V|F834L|G768R|H251N|I457T|L781P|R249Q|R403Q|R663H|R719W|S782N|Y115H,E497D,,,Scaling recomputed in retained cohort; study deletion uses union of outcome sources.,0.239521630719,,estimated,zero_u_distance_variance,,,1,1,"{""catalytic_motif_min_ca_distance_8act_mean_ab"":20.96889256190285}","{""ihm_interface_flag_8act"":0.2773500981126146}"
C077,leave_one_variant_out,F834L,13,A797T|D778V|E497D|G768R|H251N|I457T|L781P|R249Q|R403Q|R663H|R719W|S782N|Y115H,F834L,,,Scaling recomputed in retained cohort; study deletion uses union of outcome sources.,0.279145229973,,estimated,zero_u_distance_variance,,,1,1,"{""catalytic_motif_min_ca_distance_8act_mean_ab"":13.31026264566788}","{""ihm_interface_flag_8act"":0.2773500981126146}"
C077,leave_one_variant_out,G768R,13,A797T|D778V|E497D|F834L|H251N|I457T|L781P|R249Q|R403Q|R663H|R719W|S782N|Y115H,G768R,,,Scaling recomputed in retained cohort; study deletion uses union of outcome sources.,0.24597013681,,estimated,zero_u_distance_variance,,,1,1,"{""catalytic_motif_min_ca_distance_8act_mean_ab"":21.094558550026452}","{""ihm_interface_flag_8act"":0.2773500981126146}"
C077,leave_one_variant_out,H251N,13,A797T|D778V|E497D|F834L|G768R|I457T|L781P|R249Q|R403Q|R663H|R719W|S782N|Y115H,H251N,,,Scaling recomputed in retained cohort; study deletion uses union of outcome sources.,0.235087296261,,estimated,zero_u_distance_variance,,,1,1,"{""catalytic_motif_min_ca_distance_8act_mean_ab"":20.61854720633578}","{""ihm_interface_flag_8act"":0.2773500981126146}"
C077,leave_one_variant_out,I457T,13,A797T|D778V|E497D|F834L|G768R|H251N|L781P|R249Q|R403Q|R663H|R719W|S782N|Y115H,I457T,,,Scaling recomputed in retained cohort; study deletion uses union of outcome sources.,0.234905955361,,estimated,zero_u_distance_variance,,,1,1,"{""catalytic_motif_min_ca_distance_8act_mean_ab"":20.40857802401181}","{""ihm_interface_flag_8act"":0.2773500981126146}"
C077,leave_one_variant_out,L781P,13,A797T|D778V|E497D|F834L|G768R|H251N|I457T|R249Q|R403Q|R663H|R719W|S782N|Y115H,L781P,,,Scaling recomputed in retained cohort; study deletion uses union of outcome sources.,0.254425210074,,estimated,zero_u_distance_variance,,,1,1,"{""catalytic_motif_min_ca_distance_8act_mean_ab"":21.00886189063727}","{""ihm_interface_flag_8act"":0.2773500981126146}"
C077,leave_one_variant_out,R249Q,13,A797T|D778V|E497D|F834L|G768R|H251N|I457T|L781P|R403Q|R663H|R719W|S782N|Y115H,R249Q,,,Scaling recomputed in retained cohort; study deletion uses union of outcome sources.,0.235114216062,,estimated,zero_u_distance_variance,,,1,1,"{""catalytic_motif_min_ca_distance_8act_mean_ab"":20.100533527242536}","{""ihm_interface_flag_8act"":0.2773500981126146}"
C077,leave_one_variant_out,R403Q,13,A797T|D778V|E497D|F834L|G768R|H251N|I457T|L781P|R249Q|R663H|R719W|S782N|Y115H,R403Q,,,Scaling recomputed in retained cohort; study deletion uses union of outcome sources.,,,constant_side,constant_side,,ihm_interface_flag_8act,1,0,"{""catalytic_motif_min_ca_distance_8act_mean_ab"":21.11966224140116}",{}
C077,leave_one_variant_out,R663H,13,A797T|D778V|E497D|F834L|G768R|H251N|I457T|L781P|R249Q|R403Q|R719W|S782N|Y115H,R663H,,,Scaling recomputed in retained cohort; study deletion uses union of outcome sources.,0.235145203697,,estimated,zero_u_distance_variance,,,1,1,"{""catalytic_motif_min_ca_distance_8act_mean_ab"":20.634513504825293}","{""ihm_interface_flag_8act"":0.2773500981126146}"
C077,leave_one_variant_out,R719W,13,A797T|D778V|E497D|F834L|G768R|H251N|I457T|L781P|R249Q|R403Q|R663H|S782N|Y115H,R719W,,,Scaling recomputed in retained cohort; study deletion uses union of outcome sources.,0.25488782157,,estimated,zero_u_distance_variance,,,1,1,"{""catalytic_motif_min_ca_distance_8act_mean_ab"":21.03943699709954}","{""ihm_interface_flag_8act"":0.2773500981126146}"
C077,leave_one_variant_out,S782N,13,A797T|D778V|E497D|F834L|G768R|H251N|I457T|L781P|R249Q|R403Q|R663H|R719W|Y115H,S782N,,,Scaling recomputed in retained cohort; study deletion uses union of outcome sources.,0.254472899819,,estimated,zero_u_distance_variance,,,1,1,"{""catalytic_motif_min_ca_distance_8act_mean_ab"":21.01302410638157}","{""ihm_interface_flag_8act"":0.2773500981126146}"
C077,leave_one_variant_out,Y115H,13,A797T|D778V|E497D|F834L|G768R|H251N|I457T|L781P|R249Q|R403Q|R663H|R719W|S782N,Y115H,,,Scaling recomputed in retained cohort; study deletion uses union of outcome sources.,0.234987454163,,estimated,zero_u_distance_variance,,,1,1,"{""catalytic_motif_min_ca_distance_8act_mean_ab"":20.308891982232407}","{""ihm_interface_flag_8act"":0.2773500981126146}"
C078,leave_one_variant_out,A797T,15,D382Y|D778V|E497D|F834L|G768R|H251N|I457T|L781P|P710R|R249Q|R403Q|R663H|R719W|S782N|Y115H,A797T,,,Scaling recomputed in retained cohort; study deletion uses union of outcome sources.,0.26031057311,0.0249856157067,estimated,estimated,,,1,1,"{""wt_site_rsa_8act_mean_ab"":0.18399885430644372}","{""ihm_interface_flag_8act"":0.35186577527449836}"
C078,leave_one_variant_out,D382Y,15,A797T|D778V|E497D|F834L|G768R|H251N|I457T|L781P|P710R|R249Q|R403Q|R663H|R719W|S782N|Y115H,D382Y,,,Scaling recomputed in retained cohort; study deletion uses union of outcome sources.,0.206608315561,,estimated,zero_u_distance_variance,,,1,1,"{""wt_site_rsa_8act_mean_ab"":0.1906365592599791}","{""ihm_interface_flag_8act"":0.25819888974716115}"
C078,leave_one_variant_out,D778V,15,A797T|D382Y|E497D|F834L|G768R|H251N|I457T|L781P|P710R|R249Q|R403Q|R663H|R719W|S782N|Y115H,D778V,,,Scaling recomputed in retained cohort; study deletion uses union of outcome sources.,0.278365816964,0.0352127994731,estimated,estimated,,,1,1,"{""wt_site_rsa_8act_mean_ab"":0.18850110859140243}","{""ihm_interface_flag_8act"":0.35186577527449836}"
C078,leave_one_variant_out,E497D,15,A797T|D382Y|D778V|F834L|G768R|H251N|I457T|L781P|P710R|R249Q|R403Q|R663H|R719W|S782N|Y115H,E497D,,,Scaling recomputed in retained cohort; study deletion uses union of outcome sources.,0.263123497337,0.0267591217524,estimated,estimated,,,1,1,"{""wt_site_rsa_8act_mean_ab"":0.18770595229121828}","{""ihm_interface_flag_8act"":0.35186577527449836}"
C078,leave_one_variant_out,F834L,15,A797T|D382Y|D778V|E497D|G768R|H251N|I457T|L781P|P710R|R249Q|R403Q|R663H|R719W|S782N|Y115H,F834L,,,Scaling recomputed in retained cohort; study deletion uses union of outcome sources.,0.283166787577,0.0374866209086,estimated,estimated,,,1,1,"{""wt_site_rsa_8act_mean_ab"":0.19073985894618609}","{""ihm_interface_flag_8act"":0.35186577527449836}"
C078,leave_one_variant_out,G768R,15,A797T|D382Y|D778V|E497D|F834L|H251N|I457T|L781P|P710R|R249Q|R403Q|R663H|R719W|S782N|Y115H,G768R,,,Scaling recomputed in retained cohort; study deletion uses union of outcome sources.,0.29823658307,0.03996855599,estimated,estimated,,,1,1,"{""wt_site_rsa_8act_mean_ab"":0.15500209630715522}","{""ihm_interface_flag_8act"":0.35186577527449836}"
C078,leave_one_variant_out,H251N,15,A797T|D382Y|D778V|E497D|F834L|G768R|I457T|L781P|P710R|R249Q|R403Q|R663H|R719W|S782N|Y115H,H251N,,,Scaling recomputed in retained cohort; study deletion uses union of outcome sources.,0.263833602092,0.0271488300408,estimated,estimated,,,1,1,"{""wt_site_rsa_8act_mean_ab"":0.1880669578427393}","{""ihm_interface_flag_8act"":0.35186577527449836}"
C078,leave_one_variant_out,I457T,15,A797T|D382Y|D778V|E497D|F834L|G768R|H251N|L781P|P710R|R249Q|R403Q|R663H|R719W|S782N|Y115H,I457T,,,Scaling recomputed in retained cohort; study deletion uses union of outcome sources.,0.260146360831,0.02486324532,estimated,estimated,,,1,1,"{""wt_site_rsa_8act_mean_ab"":0.18168454305830953}","{""ihm_interface_flag_8act"":0.35186577527449836}"
C078,leave_one_variant_out,L781P,15,A797T|D382Y|D778V|E497D|F834L|G768R|H251N|I457T|P710R|R249Q|R403Q|R663H|R719W|S782N|Y115H,L781P,,,Scaling recomputed in retained cohort; study deletion uses union of outcome sources.,0.273529661449,0.0323172449835,estimated,estimated,,,1,1,"{""wt_site_rsa_8act_mean_ab"":0.19006800299460927}","{""ihm_interface_flag_8act"":0.35186577527449836}"
C078,leave_one_variant_out,P710R,15,A797T|D382Y|D778V|E497D|F834L|G768R|H251N|I457T|L781P|R249Q|R403Q|R663H|R719W|S782N|Y115H,P710R,,,Scaling recomputed in retained cohort; study deletion uses union of outcome sources.,0.265798651568,0.0282334068729,estimated,estimated,,,1,1,"{""wt_site_rsa_8act_mean_ab"":0.18872828084093593}","{""ihm_interface_flag_8act"":0.35186577527449836}"
C078,leave_one_variant_out,R249Q,15,A797T|D382Y|D778V|E497D|F834L|G768R|H251N|I457T|L781P|P710R|R403Q|R663H|R719W|S782N|Y115H,R249Q,,,Scaling recomputed in retained cohort; study deletion uses union of outcome sources.,0.282745322394,0.0372435163586,estimated,estimated,,,1,1,"{""wt_site_rsa_8act_mean_ab"":0.19073538105110788}","{""ihm_interface_flag_8act"":0.35186577527449836}"
C078,leave_one_variant_out,R403Q,15,A797T|D382Y|D778V|E497D|F834L|G768R|H251N|I457T|L781P|P710R|R249Q|R663H|R719W|S782N|Y115H,R403Q,,,Scaling recomputed in retained cohort; study deletion uses union of outcome sources.,0.238299765118,,estimated,zero_u_distance_variance,,,1,1,"{""wt_site_rsa_8act_mean_ab"":0.19059507948029447}","{""ihm_interface_flag_8act"":0.25819888974716115}"
C078,leave_one_variant_out,R663H,15,A797T|D382Y|D778V|E497D|F834L|G768R|H251N|I457T|L781P|P710R|R249Q|R403Q|R719W|S782N|Y115H,R663H,,,Scaling recomputed in retained cohort; study deletion uses union of outcome sources.,0.29787524315,0.03996855599,estimated,estimated,,,1,1,"{""wt_site_rsa_8act_mean_ab"":0.15583167934311914}","{""ihm_interface_flag_8act"":0.35186577527449836}"
C078,leave_one_variant_out,R719W,15,A797T|D382Y|D778V|E497D|F834L|G768R|H251N|I457T|L781P|P710R|R249Q|R403Q|R663H|S782N|Y115H,R719W,,,Scaling recomputed in retained cohort; study deletion uses union of outcome sources.,0.27562676533,0.0334115808136,estimated,estimated,,,1,1,"{""wt_site_rsa_8act_mean_ab"":0.19025781541744846}","{""ihm_interface_flag_8act"":0.35186577527449836}"
C078,leave_one_variant_out,S782N,15,A797T|D382Y|D778V|E497D|F834L|G768R|H251N|I457T|L781P|P710R|R249Q|R403Q|R663H|R719W|Y115H,S782N,,,Scaling recomputed in retained cohort; study deletion uses union of outcome sources.,0.277437257074,0.0346645533593,estimated,estimated,,,1,1,"{""wt_site_rsa_8act_mean_ab"":0.18723186330424393}","{""ihm_interface_flag_8act"":0.35186577527449836}"
C078,leave_one_variant_out,Y115H,15,A797T|D382Y|D778V|E497D|F834L|G768R|H251N|I457T|L781P|P710R|R249Q|R403Q|R663H|R719W|S782N,Y115H,,,Scaling recomputed in retained cohort; study deletion uses union of outcome sources.,0.260180063028,0.02486324532,estimated,estimated,,,1,1,"{""wt_site_rsa_8act_mean_ab"":0.1831998356752289}","{""ihm_interface_flag_8act"":0.35186577527449836}"
B001,leave_one_variant_out,A797T,16,D239N|D778V|E497D|F834L|G741R|G768R|H251N|I457T|L781P|R249Q|R403Q|R453C|R663H|R719W|S782N|Y115H,A797T,adhikari2016|adhikari2019|kawana2017|morck2022|nag2015|nandwani2025|pathak2026|sarkar2020|sommese2013,,Scaling recomputed in retained cohort; study deletion uses union of outcome sources.,0.475768342887,-0.00725435037943,estimated,estimated,,,2,1,"{""delta_charge"":0.7719024117939607,""grantham_distance"":48.00138886879559}",{}
B001,leave_one_variant_out,D239N,16,A797T|D778V|E497D|F834L|G741R|G768R|H251N|I457T|L781P|R249Q|R403Q|R453C|R663H|R719W|S782N|Y115H,D239N,adhikari2016|adhikari2019|kawana2017|morck2022|nag2015|nandwani2025|pathak2026|sarkar2020|sommese2013,,Scaling recomputed in retained cohort; study deletion uses union of outcome sources.,0.422511550875,-0.0588700908291,estimated,estimated,,,2,1,"{""delta_charge"":0.7187952884282609,""grantham_distance"":46.01118523431739}",{}
B001,leave_one_variant_out,D778V,16,A797T|D239N|E497D|F834L|G741R|G768R|H251N|I457T|L781P|R249Q|R403Q|R453C|R663H|R719W|S782N|Y115H,D778V,adhikari2016|adhikari2019|kawana2017|morck2022|nag2015|nandwani2025|pathak2026|sarkar2020|sommese2013,,Scaling recomputed in retained cohort; study deletion uses union of outcome sources.,0.503622713457,0.018590564768,estimated,estimated,,,2,1,"{""delta_charge"":0.7187952884282609,""grantham_distance"":44.13294309998673}",{}
B001,leave_one_variant_out,E497D,16,A797T|D239N|D778V|F834L|G741R|G768R|H251N|I457T|L781P|R249Q|R403Q|R453C|R663H|R719W|S782N|Y115H,E497D,adhikari2016|adhikari2019|kawana2017|morck2022|nag2015|nandwani2025|pathak2026|sarkar2020|sommese2013,,Scaling recomputed in retained cohort; study deletion uses union of outcome sources.,0.449884544734,-0.0736975967853,estimated,estimated,,,2,1,"{""delta_charge"":0.7719024117939607,""grantham_distance"":47.48574347457701}",{}
B001,leave_one_variant_out,F834L,16,A797T|D239N|D778V|E497D|G741R|G768R|H251N|I457T|L781P|R249Q|R403Q|R453C|R663H|R719W|S782N|Y115H,F834L,adhikari2016|adhikari2019|kawana2017|morck2022|nag2015|nandwani2025|pathak2026|sarkar2020|sommese2013,,Scaling recomputed in retained cohort; study deletion uses union of outcome sources.,0.463379024086,-0.0228361622897,estimated,estimated,,,2,1,"{""delta_charge"":0.7719024117939607,""grantham_distance"":45.92530166839771}",{}
B001,leave_one_variant_out,G741R,16,A797T|D239N|D778V|E497D|F834L|G768R|H251N|I457T|L781P|R249Q|R403Q|R453C|R663H|R719W|S782N|Y115H,G741R,adhikari2016|adhikari2019|kawana2017|morck2022|nag2015|nandwani2025|pathak2026|sarkar2020|sommese2013,,Scaling recomputed in retained cohort; study deletion uses union of outcome sources.,0.473253363817,-0.0412629982679,estimated,estimated,,,2,1,"{""delta_charge"":0.7187952884282609,""grantham_distance"":46.67150272561048}",{}
B001,leave_one_variant_out,G768R,16,A797T|D239N|D778V|E497D|F834L|G741R|H251N|I457T|L781P|R249Q|R403Q|R453C|R663H|R719W|S782N|Y115H,G768R,adhikari2016|adhikari2019|kawana2017|morck2022|nag2015|nandwani2025|sarkar2020|sommese2013,,Scaling recomputed in retained cohort; study deletion uses union of outcome sources.,0.477666327561,-0.0319640614539,estimated,estimated,,,2,1,"{""delta_charge"":0.7187952884282609,""grantham_distance"":46.67150272561048}",{}
B001,leave_one_variant_out,H251N,16,A797T|D239N|D778V|E497D|F834L|G741R|G768R|I457T|L781P|R249Q|R403Q|R453C|R663H|R719W|S782N|Y115H,H251N,adhikari2016|adhikari2019|kawana2017|morck2022|nag2015|nandwani2025|pathak2026|sarkar2020|sommese2013,,Scaling recomputed in retained cohort; study deletion uses union of outcome sources.,0.447641068591,-0.0416597359287,estimated,estimated,,,2,1,"{""delta_charge"":0.7719024117939607,""grantham_distance"":48.22568471952126}",{}
B001,leave_one_variant_out,I457T,16,A797T|D239N|D778V|E497D|F834L|G741R|G768R|H251N|L781P|R249Q|R403Q|R453C|R663H|R719W|S782N|Y115H,I457T,adhikari2016|adhikari2019|kawana2017|morck2022|nag2015|nandwani2025|pathak2026|sarkar2020|sommese2013,,Scaling recomputed in retained cohort; study deletion uses union of outcome sources.,0.493769737767,-0.0130284413494,estimated,estimated,,,2,1,"{""delta_charge"":0.7719024117939607,""grantham_distance"":48.21751929191989}",{}
B001,leave_one_variant_out,L781P,16,A797T|D239N|D778V|E497D|F834L|G741R|G768R|H251N|I457T|R249Q|R403Q|R453C|R663H|R719W|S782N|Y115H,L781P,adhikari2016|adhikari2019|kawana2017|morck2022|nag2015|nandwani2025|pathak2026|sarkar2020|sommese2013,,Scaling recomputed in retained cohort; study deletion uses union of outcome sources.,0.459310103039,-0.0273594232517,estimated,estimated,,,2,1,"{""delta_charge"":0.7719024117939607,""grantham_distance"":48.01527534719203}",{}
B001,leave_one_variant_out,R249Q,16,A797T|D239N|D778V|E497D|F834L|G741R|G768R|H251N|I457T|L781P|R403Q|R453C|R663H|R719W|S782N|Y115H,R249Q,adhikari2016|adhikari2019|kawana2017|morck2022|nag2015|nandwani2025|pathak2026|sarkar2020|sommese2013,,Scaling recomputed in retained cohort; study deletion uses union of outcome sources.,0.494793596295,0.00128086641902,estimated,estimated,,,2,1,"{""delta_charge"":0.7302967433402214,""grantham_distance"":47.38349747890433}",{}
B001,leave_one_variant_out,R403Q,16,A797T|D239N|D778V|E497D|F834L|G741R|G768R|H251N|I457T|L781P|R249Q|R453C|R663H|R719W|S782N|Y115H,R403Q,adhikari2016|adhikari2019|kawana2017|morck2022|nandwani2025|pathak2026|sarkar2020|sommese2013,,Scaling recomputed in retained cohort; study deletion uses union of outcome sources.,0.494546658943,0.0164383074472,estimated,estimated,,,2,1,"{""delta_charge"":0.7302967433402214,""grantham_distance"":47.38349747890433}",{}
B001,leave_one_variant_out,R453C,16,A797T|D239N|D778V|E497D|F834L|G741R|G768R|H251N|I457T|L781P|R249Q|R403Q|R663H|R719W|S782N|Y115H,R453C,adhikari2016|adhikari2019|kawana2017|morck2022|nag2015|nandwani2025|pathak2026|sarkar2020,,Scaling recomputed in retained cohort; study deletion uses union of outcome sources.,0.389308685344,-0.0854524005683,estimated,estimated,,,2,1,"{""delta_charge"":0.7302967433402214,""grantham_distance"":39.99479132753831}",{}
B001,leave_one_variant_out,R663H,16,A797T|D239N|D778V|E497D|F834L|G741R|G768R|H251N|I457T|L781P|R249Q|R403Q|R453C|R719W|S782N|Y115H,R663H,adhikari2016|adhikari2019|kawana2017|morck2022|nag2015|nandwani2025|pathak2026|sommese2013,,Scaling recomputed in retained cohort; study deletion uses union of outcome sources.,0.471431041617,-0.0270573324556,estimated,estimated,,,2,1,"{""delta_charge"":0.7302967433402214,""grantham_distance"":46.491172997319254}",{}
B001,leave_one_variant_out,R719W,16,A797T|D239N|D778V|E497D|F834L|G741R|G768R|H251N|I457T|L781P|R249Q|R403Q|R453C|R663H|S782N|Y115H,R719W,adhikari2016|adhikari2019|kawana2017|morck2022|nag2015|nandwani2025|pathak2026|sarkar2020|sommese2013,,Scaling recomputed in retained cohort; study deletion uses union of outcome sources.,0.445975815102,-0.0488704223639,estimated,estimated,,,2,1,"{""delta_charge"":0.7302967433402214,""grantham_distance"":47.921072261236674}",{}
B001,leave_one_variant_out,S782N,16,A797T|D239N|D778V|E497D|F834L|G741R|G768R|H251N|I457T|L781P|R249Q|R403Q|R453C|R663H|R719W|Y115H,S782N,adhikari2016|adhikari2019|kawana2017|morck2022|nag2015|nandwani2025|pathak2026|sarkar2020|sommese2013,,Scaling recomputed in retained cohort; study deletion uses union of outcome sources.,0.457267676499,-0.0285184057857,estimated,estimated,,,2,1,"{""delta_charge"":0.7719024117939607,""grantham_distance"":47.53454883906371}",{}
B001,leave_one_variant_out,Y115H,16,A797T|D239N|D778V|E497D|F834L|G741R|G768R|H251N|I457T|L781P|R249Q|R403Q|R453C|R663H|R719W|S782N,Y115H,adhikari2016|adhikari2019|kawana2017|morck2022|nag2015|nandwani2025|pathak2026|sarkar2020|sommese2013,,Scaling recomputed in retained cohort; study deletion uses union of outcome sources.,0.456118674406,-0.0267869085502,estimated,estimated,,,2,1,"{""delta_charge"":0.7719024117939607,""grantham_distance"":48.28591064344408}",{}
B001,leave_one_study_out,adhikari2016,15,A797T|D778V|E497D|F834L|G741R|G768R|I457T|L781P|R249Q|R403Q|R453C|R663H|R719W|S782N|Y115H,D239N|H251N,adhikari2019|kawana2017|morck2022|nag2015|nandwani2025|pathak2026|sarkar2020|sommese2013,,Scaling recomputed in retained cohort; study deletion uses union of outcome sources.,0.414637123065,-0.0813555383032,estimated,estimated,,,2,1,"{""delta_charge"":0.7432233529572065,""grantham_distance"":47.47600897897198}",{}
B001,leave_one_study_out,adhikari2019,15,A797T|D239N|D778V|E497D|F834L|G741R|G768R|H251N|L781P|R403Q|R453C|R663H|R719W|S782N|Y115H,I457T|R249Q,adhikari2016|kawana2017|morck2022|nag2015|nandwani2025|pathak2026|sarkar2020|sommese2013,,Scaling recomputed in retained cohort; study deletion uses union of outcome sources.,0.554242047741,0.0384558467963,estimated,estimated,,,2,1,"{""delta_charge"":0.7559289460184544,""grantham_distance"":48.98960045133}",{}
B001,leave_one_study_out,kawana2017,15,A797T|D239N|D778V|E497D|F834L|G768R|H251N|I457T|L781P|R249Q|R403Q|R453C|R663H|S782N|Y115H,G741R|R719W,adhikari2016|adhikari2019|morck2022|nag2015|nandwani2025|pathak2026|sarkar2020|sommese2013,,Scaling recomputed in retained cohort; study deletion uses union of outcome sources.,0.463664073785,-0.0743529095983,estimated,estimated,,,2,1,"{""delta_charge"":0.7037315505489968,""grantham_distance"":47.78642963376587}",{}
B001,leave_one_study_out,morck2022,12,D239N|E497D|G741R|G768R|H251N|I457T|R249Q|R403Q|R453C|R663H|R719W|Y115H,A797T|D778V|F834L|L781P|S782N,adhikari2016|adhikari2019|kawana2017|nag2015|nandwani2025|pathak2026|sarkar2020|sommese2013,,Scaling recomputed in retained cohort; study deletion uses union of outcome sources.,0.576021474477,0.0882182579149,estimated,estimated,,,2,1,"{""delta_charge"":0.834847109936722,""grantham_distance"":47.22768833485867}",{}
B001,leave_one_study_out,nag2015,16,A797T|D239N|D778V|E497D|F834L|G741R|G768R|H251N|I457T|L781P|R249Q|R453C|R663H|R719W|S782N|Y115H,R403Q,adhikari2016|adhikari2019|kawana2017|morck2022|nandwani2025|pathak2026|sarkar2020|sommese2013,,Scaling recomputed in retained cohort; study deletion uses union of outcome sources.,0.494546658943,0.0164383074472,estimated,estimated,,,2,1,"{""delta_charge"":0.7302967433402214,""grantham_distance"":47.38349747890433}",{}
B001,leave_one_study_out,nandwani2025,15,A797T|D239N|D778V|F834L|G741R|G768R|H251N|I457T|L781P|R249Q|R403Q|R453C|R663H|R719W|S782N,E497D|Y115H,adhikari2016|adhikari2019|kawana2017|morck2022|nag2015|pathak2026|sarkar2020|sommese2013,,Scaling recomputed in retained cohort; study deletion uses union of outcome sources.,0.452711834322,-0.0747436892928,estimated,estimated,,,2,1,"{""delta_charge"":0.7988086367179803,""grantham_distance"":49.146816008868}",{}
B001,leave_one_study_out,pathak2026,16,A797T|D239N|D778V|E497D|F834L|G741R|H251N|I457T|L781P|R249Q|R403Q|R453C|R663H|R719W|S782N|Y115H,G768R,adhikari2016|adhikari2019|kawana2017|morck2022|nag2015|nandwani2025|sarkar2020|sommese2013,,Scaling recomputed in retained cohort; study deletion uses union of outcome sources.,0.477666327561,-0.0319640614539,estimated,estimated,,,2,1,"{""delta_charge"":0.7187952884282609,""grantham_distance"":46.67150272561048}",{}
B001,leave_one_study_out,sarkar2020,16,A797T|D239N|D778V|E497D|F834L|G741R|G768R|H251N|I457T|L781P|R249Q|R403Q|R453C|R719W|S782N|Y115H,R663H,adhikari2016|adhikari2019|kawana2017|morck2022|nag2015|nandwani2025|pathak2026|sommese2013,,Scaling recomputed in retained cohort; study deletion uses union of outcome sources.,0.471431041617,-0.0270573324556,estimated,estimated,,,2,1,"{""delta_charge"":0.7302967433402214,""grantham_distance"":46.491172997319254}",{}
B001,leave_one_study_out,sommese2013,16,A797T|D239N|D778V|E497D|F834L|G741R|G768R|H251N|I457T|L781P|R249Q|R403Q|R663H|R719W|S782N|Y115H,R453C,adhikari2016|adhikari2019|kawana2017|morck2022|nag2015|nandwani2025|pathak2026|sarkar2020,,Scaling recomputed in retained cohort; study deletion uses union of outcome sources.,0.389308685344,-0.0854524005683,estimated,estimated,,,2,1,"{""delta_charge"":0.7302967433402214,""grantham_distance"":39.99479132753831}",{}
B002,leave_one_variant_out,A797T,13,D778V|E497D|F834L|G768R|H251N|I457T|L781P|R249Q|R403Q|R663H|R719W|S782N|Y115H,A797T,adhikari2019|morck2022|nandwani2025|pathak2026|sarkar2020,,Scaling recomputed in retained cohort; study deletion uses union of outcome sources.,0.409328115827,-0.164951068358,estimated,estimated,,,2,1,"{""delta_charge"":0.6887372317211945,""grantham_distance"":39.35212502000043}",{}
B002,leave_one_variant_out,D778V,13,A797T|E497D|F834L|G768R|H251N|I457T|L781P|R249Q|R403Q|R663H|R719W|S782N|Y115H,D778V,adhikari2019|morck2022|nandwani2025|pathak2026|sarkar2020,,Scaling recomputed in retained cohort; study deletion uses union of outcome sources.,0.448958117956,-0.125531983215,estimated,estimated,,,2,1,"{""delta_charge"":0.599144689515278,""grantham_distance"":31.378173044167877}",{}
B002,leave_one_variant_out,E497D,13,A797T|D778V|F834L|G768R|H251N|I457T|L781P|R249Q|R403Q|R663H|R719W|S782N|Y115H,E497D,adhikari2019|morck2022|nandwani2025|pathak2026|sarkar2020,,Scaling recomputed in retained cohort; study deletion uses union of outcome sources.,0.35683224868,-0.17592768121,estimated,estimated,,,2,1,"{""delta_charge"":0.6887372317211945,""grantham_distance"":38.75250198705124}",{}
B002,leave_one_variant_out,F834L,13,A797T|D778V|E497D|G768R|H251N|I457T|L781P|R249Q|R403Q|R663H|R719W|S782N|Y115H,F834L,adhikari2019|morck2022|nandwani2025|pathak2026|sarkar2020,,Scaling recomputed in retained cohort; study deletion uses union of outcome sources.,0.349357888648,-0.190988931869,estimated,estimated,,,2,1,"{""delta_charge"":0.6887372317211945,""grantham_distance"":36.66864796511788}",{}
B002,leave_one_variant_out,G768R,13,A797T|D778V|E497D|F834L|H251N|I457T|L781P|R249Q|R403Q|R663H|R719W|S782N|Y115H,G768R,adhikari2019|morck2022|nandwani2025|sarkar2020,,Scaling recomputed in retained cohort; study deletion uses union of outcome sources.,0.420676358772,-0.132734834958,estimated,estimated,,,2,1,"{""delta_charge"":0.599144689515278,""grantham_distance"":36.17921913800652}",{}
B002,leave_one_variant_out,H251N,13,A797T|D778V|E497D|F834L|G768R|I457T|L781P|R249Q|R403Q|R663H|R719W|S782N|Y115H,H251N,adhikari2019|morck2022|nandwani2025|pathak2026|sarkar2020,,Scaling recomputed in retained cohort; study deletion uses union of outcome sources.,0.364064189014,-0.17040929523,estimated,estimated,,,2,1,"{""delta_charge"":0.6887372317211945,""grantham_distance"":39.547115684640765}",{}
B002,leave_one_variant_out,I457T,13,A797T|D778V|E497D|F834L|G768R|H251N|L781P|R249Q|R403Q|R663H|R719W|S782N|Y115H,I457T,adhikari2019|morck2022|nandwani2025|pathak2026|sarkar2020,,Scaling recomputed in retained cohort; study deletion uses union of outcome sources.,0.386776395393,-0.151171739243,estimated,estimated,,,2,1,"{""delta_charge"":0.6887372317211945,""grantham_distance"":39.215545060077574}",{}
B002,leave_one_variant_out,L781P,13,A797T|D778V|E497D|F834L|G768R|H251N|I457T|R249Q|R403Q|R663H|R719W|S782N|Y115H,L781P,adhikari2019|morck2022|nandwani2025|pathak2026|sarkar2020,,Scaling recomputed in retained cohort; study deletion uses union of outcome sources.,0.375771708089,-0.165705796317,estimated,estimated,,,2,1,"{""delta_charge"":0.6887372317211945,""grantham_distance"":38.7612680060379}",{}
B002,leave_one_variant_out,R249Q,13,A797T|D778V|E497D|F834L|G768R|H251N|I457T|L781P|R403Q|R663H|R719W|S782N|Y115H,R249Q,adhikari2019|morck2022|nandwani2025|pathak2026|sarkar2020,,Scaling recomputed in retained cohort; study deletion uses union of outcome sources.,0.407922975937,-0.156592482811,estimated,estimated,,,2,1,"{""delta_charge"":0.6405126152203485,""grantham_distance"":38.624590280791}",{}
B002,leave_one_variant_out,R403Q,13,A797T|D778V|E497D|F834L|G768R|H251N|I457T|L781P|R249Q|R663H|R719W|S782N|Y115H,R403Q,adhikari2019|morck2022|nandwani2025|pathak2026|sarkar2020,,Scaling recomputed in retained cohort; study deletion uses union of outcome sources.,0.393242645287,-0.171125838989,estimated,estimated,,,2,1,"{""delta_charge"":0.6405126152203485,""grantham_distance"":38.624590280791}",{}
B002,leave_one_variant_out,R663H,13,A797T|D778V|E497D|F834L|G768R|H251N|I457T|L781P|R249Q|R403Q|R719W|S782N|Y115H,R663H,adhikari2019|morck2022|nandwani2025|pathak2026|sarkar2020,,Scaling recomputed in retained cohort; study deletion uses union of outcome sources.,0.38650891465,-0.153684733199,estimated,estimated,,,2,1,"{""delta_charge"":0.6405126152203485,""grantham_distance"":37.44962428348727}",{}
B002,leave_one_variant_out,R719W,13,A797T|D778V|E497D|F834L|G768R|H251N|I457T|L781P|R249Q|R403Q|R663H|S782N|Y115H,R719W,adhikari2019|morck2022|nandwani2025|pathak2026|sarkar2020,,Scaling recomputed in retained cohort; study deletion uses union of outcome sources.,0.346198083857,-0.195397863258,estimated,estimated,,,2,1,"{""delta_charge"":0.6405126152203485,""grantham_distance"":38.566791879769255}",{}
B002,leave_one_variant_out,S782N,13,A797T|D778V|E497D|F834L|G768R|H251N|I457T|L781P|R249Q|R403Q|R663H|R719W|Y115H,S782N,adhikari2019|morck2022|nandwani2025|pathak2026|sarkar2020,,Scaling recomputed in retained cohort; study deletion uses union of outcome sources.,0.360750692236,-0.184325052418,estimated,estimated,,,2,1,"{""delta_charge"":0.6887372317211945,""grantham_distance"":38.812831608063554}",{}
B002,leave_one_variant_out,Y115H,13,A797T|D778V|E497D|F834L|G768R|H251N|I457T|L781P|R249Q|R403Q|R663H|R719W|S782N,Y115H,adhikari2019|morck2022|nandwani2025|pathak2026|sarkar2020,,Scaling recomputed in retained cohort; study deletion uses union of outcome sources.,0.364367102874,-0.169422763676,estimated,estimated,,,2,1,"{""delta_charge"":0.6887372317211945,""grantham_distance"":39.41316323130428}",{}
B002,leave_one_study_out,adhikari2019,10,A797T|D778V|E497D|F834L|G768R|L781P|R403Q|R663H|S782N|Y115H,H251N|I457T|R249Q|R719W,morck2022|nandwani2025|pathak2026|sarkar2020,,Scaling recomputed in retained cohort; study deletion uses union of outcome sources.,0.476216211412,-0.125315458581,estimated,estimated,,,2,1,"{""delta_charge"":0.6666666666666666,""grantham_distance"":43.15463152689665}",{}
B002,leave_one_study_out,morck2022,9,E497D|G768R|H251N|I457T|R249Q|R403Q|R663H|R719W|Y115H,A797T|D778V|F834L|L781P|S782N,adhikari2019|nandwani2025|pathak2026|sarkar2020,,Scaling recomputed in retained cohort; study deletion uses union of outcome sources.,0.515889067983,-0.179007807511,estimated,estimated,,,2,1,"{""delta_charge"":0.7071067811865476,""grantham_distance"":32.17573274655572}",{}
B002,leave_one_study_out,nandwani2025,12,A797T|D778V|F834L|G768R|H251N|I457T|L781P|R249Q|R403Q|R663H|R719W|S782N,E497D|Y115H,adhikari2019|morck2022|pathak2026|sarkar2020,,Scaling recomputed in retained cohort; study deletion uses union of outcome sources.,0.360099866301,-0.182539200967,estimated,estimated,,,2,1,"{""delta_charge"":0.7177405625652735,""grantham_distance"":40.368379464700595}",{}
B002,leave_one_study_out,pathak2026,13,A797T|D778V|E497D|F834L|H251N|I457T|L781P|R249Q|R403Q|R663H|R719W|S782N|Y115H,G768R,adhikari2019|morck2022|nandwani2025|sarkar2020,,Scaling recomputed in retained cohort; study deletion uses union of outcome sources.,0.420676358772,-0.132734834958,estimated,estimated,,,2,1,"{""delta_charge"":0.599144689515278,""grantham_distance"":36.17921913800652}",{}
B002,leave_one_study_out,sarkar2020,12,A797T|D778V|E497D|F834L|G768R|H251N|I457T|L781P|R249Q|R719W|S782N|Y115H,R403Q|R663H,adhikari2019|morck2022|nandwani2025|pathak2026,,Scaling recomputed in retained cohort; study deletion uses union of outcome sources.,0.443498112541,-0.122164184857,estimated,estimated,,,2,1,"{""delta_charge"":0.6030226891555273,""grantham_distance"":37.81654279665064}",{}
B003,leave_one_variant_out,A797T,13,D239N|D778V|E497D|F834L|G768R|H251N|I457T|L781P|R403Q|R453C|R663H|S782N|Y115H,A797T,adhikari2016|adhikari2019|morck2022|nag2015|nandwani2025|pathak2026|sarkar2020|sommese2013,,Scaling recomputed in retained cohort; study deletion uses union of outcome sources.,0.516603046443,-0.0409868116437,estimated,estimated,,,2,1,"{""delta_charge"":0.7071067811865476,""grantham_distance"":50.51871955662599}",{}
B003,leave_one_variant_out,D239N,13,A797T|D778V|E497D|F834L|G768R|H251N|I457T|L781P|R403Q|R453C|R663H|S782N|Y115H,D239N,adhikari2016|adhikari2019|morck2022|nag2015|nandwani2025|pathak2026|sarkar2020|sommese2013,,Scaling recomputed in retained cohort; study deletion uses union of outcome sources.,0.506464590378,-0.0312324490241,estimated,estimated,,,2,1,"{""delta_charge"":0.6405126152203485,""grantham_distance"":48.27498688735564}",{}
B003,leave_one_variant_out,D778V,13,A797T|D239N|E497D|F834L|G768R|H251N|I457T|L781P|R403Q|R453C|R663H|S782N|Y115H,D778V,adhikari2016|adhikari2019|morck2022|nag2015|nandwani2025|pathak2026|sarkar2020|sommese2013,,Scaling recomputed in retained cohort; study deletion uses union of outcome sources.,0.578681477866,0.0377591824759,estimated,estimated,,,2,1,"{""delta_charge"":0.6405126152203485,""grantham_distance"":45.37888925198136}",{}
B003,leave_one_variant_out,E497D,13,A797T|D239N|D778V|F834L|G768R|H251N|I457T|L781P|R403Q|R453C|R663H|S782N|Y115H,E497D,adhikari2016|adhikari2019|morck2022|nag2015|nandwani2025|pathak2026|sarkar2020|sommese2013,,Scaling recomputed in retained cohort; study deletion uses union of outcome sources.,0.531206837592,-0.0207445359938,estimated,estimated,,,2,1,"{""delta_charge"":0.7071067811865476,""grantham_distance"":49.954723089757586}",{}
B003,leave_one_variant_out,F834L,13,A797T|D239N|D778V|E497D|G768R|H251N|I457T|L781P|R403Q|R453C|R663H|S782N|Y115H,F834L,adhikari2016|adhikari2019|morck2022|nag2015|nandwani2025|pathak2026|sarkar2020|sommese2013,,Scaling recomputed in retained cohort; study deletion uses union of outcome sources.,0.508713870506,-0.060920768549,estimated,estimated,,,2,1,"{""delta_charge"":0.7071067811865476,""grantham_distance"":48.1758264735568}",{}
B003,leave_one_variant_out,G768R,13,A797T|D239N|D778V|E497D|F834L|H251N|I457T|L781P|R403Q|R453C|R663H|S782N|Y115H,G768R,adhikari2016|adhikari2019|morck2022|nag2015|nandwani2025|sarkar2020|sommese2013,,Scaling recomputed in retained cohort; study deletion uses union of outcome sources.,0.54834049825,0.0398979949559,estimated,estimated,,,2,1,"{""delta_charge"":0.6405126152203485,""grantham_distance"":48.61241268098783}",{}
B003,leave_one_variant_out,H251N,13,A797T|D239N|D778V|E497D|F834L|G768R|I457T|L781P|R403Q|R453C|R663H|S782N|Y115H,H251N,adhikari2016|adhikari2019|morck2022|nag2015|nandwani2025|pathak2026|sarkar2020|sommese2013,,Scaling recomputed in retained cohort; study deletion uses union of outcome sources.,0.534488836222,-0.0204294425244,estimated,estimated,,,2,1,"{""delta_charge"":0.7071067811865476,""grantham_distance"":50.74534208762164}",{}
B003,leave_one_variant_out,I457T,13,A797T|D239N|D778V|E497D|F834L|G768R|H251N|L781P|R403Q|R453C|R663H|S782N|Y115H,I457T,adhikari2016|morck2022|nag2015|nandwani2025|pathak2026|sarkar2020|sommese2013,,Scaling recomputed in retained cohort; study deletion uses union of outcome sources.,0.608696157478,0.0185298563738,estimated,estimated,,,2,1,"{""delta_charge"":0.7071067811865476,""grantham_distance"":50.644436756261534}",{}
B003,leave_one_variant_out,L781P,13,A797T|D239N|D778V|E497D|F834L|G768R|H251N|I457T|R403Q|R453C|R663H|S782N|Y115H,L781P,adhikari2016|adhikari2019|morck2022|nag2015|nandwani2025|pathak2026|sarkar2020|sommese2013,,Scaling recomputed in retained cohort; study deletion uses union of outcome sources.,0.525436922219,-0.0485879063372,estimated,estimated,,,2,1,"{""delta_charge"":0.7071067811865476,""grantham_distance"":50.36113173612751}",{}
B003,leave_one_variant_out,R403Q,13,A797T|D239N|D778V|E497D|F834L|G768R|H251N|I457T|L781P|R453C|R663H|S782N|Y115H,R403Q,adhikari2016|adhikari2019|morck2022|nandwani2025|pathak2026|sarkar2020|sommese2013,,Scaling recomputed in retained cohort; study deletion uses union of outcome sources.,0.514375699882,-0.0618155877335,estimated,estimated,,,2,1,"{""delta_charge"":0.6405126152203485,""grantham_distance"":49.84038626018163}",{}
B003,leave_one_variant_out,R453C,13,A797T|D239N|D778V|E497D|F834L|G768R|H251N|I457T|L781P|R403Q|R663H|S782N|Y115H,R453C,adhikari2016|adhikari2019|morck2022|nag2015|nandwani2025|pathak2026|sarkar2020,,Scaling recomputed in retained cohort; study deletion uses union of outcome sources.,0.529395517116,-0.0387469768395,estimated,estimated,,,2,1,"{""delta_charge"":0.6405126152203485,""grantham_distance"":40.07317025590781}",{}
B003,leave_one_variant_out,R663H,13,A797T|D239N|D778V|E497D|F834L|G768R|H251N|I457T|L781P|R403Q|R453C|S782N|Y115H,R663H,adhikari2016|adhikari2019|morck2022|nag2015|nandwani2025|pathak2026|sommese2013,,Scaling recomputed in retained cohort; study deletion uses union of outcome sources.,0.505543068554,-0.0911947454161,estimated,estimated,,,2,1,"{""delta_charge"":0.6405126152203485,""grantham_distance"":48.82714146445339}",{}
B003,leave_one_variant_out,S782N,13,A797T|D239N|D778V|E497D|F834L|G768R|H251N|I457T|L781P|R403Q|R453C|R663H|Y115H,S782N,adhikari2016|adhikari2019|morck2022|nag2015|nandwani2025|pathak2026|sarkar2020|sommese2013,,Scaling recomputed in retained cohort; study deletion uses union of outcome sources.,0.511349000438,-0.0534872879358,estimated,estimated,,,2,1,"{""delta_charge"":0.7071067811865476,""grantham_distance"":50.00910173568664}",{}
B003,leave_one_variant_out,Y115H,13,A797T|D239N|D778V|E497D|F834L|G768R|H251N|I457T|L781P|R403Q|R453C|R663H|S782N,Y115H,adhikari2016|adhikari2019|morck2022|nag2015|nandwani2025|pathak2026|sarkar2020|sommese2013,,Scaling recomputed in retained cohort; study deletion uses union of outcome sources.,0.537242196399,-0.0384844857909,estimated,estimated,,,2,1,"{""delta_charge"":0.7071067811865476,""grantham_distance"":50.75292084559246}",{}
B003,leave_one_study_out,adhikari2016,12,A797T|D778V|E497D|F834L|G768R|I457T|L781P|R403Q|R453C|R663H|S782N|Y115H,D239N|H251N,adhikari2019|morck2022|nag2015|nandwani2025|pathak2026|sarkar2020|sommese2013,,Scaling recomputed in retained cohort; study deletion uses union of outcome sources.,0.529617579865,-0.019320384161,estimated,estimated,,,2,1,"{""delta_charge"":0.6685579234215215,""grantham_distance"":50.2843430057026}",{}
B003,leave_one_study_out,adhikari2019,13,A797T|D239N|D778V|E497D|F834L|G768R|H251N|L781P|R403Q|R453C|R663H|S782N|Y115H,I457T,adhikari2016|morck2022|nag2015|nandwani2025|pathak2026|sarkar2020|sommese2013,,Scaling recomputed in retained cohort; study deletion uses union of outcome sources.,0.608696157478,0.0185298563738,estimated,estimated,,,2,1,"{""delta_charge"":0.7071067811865476,""grantham_distance"":50.644436756261534}",{}
B003,leave_one_study_out,morck2022,9,D239N|E497D|G768R|H251N|I457T|R403Q|R453C|R663H|Y115H,A797T|D778V|F834L|L781P|S782N,adhikari2016|adhikari2019|nag2015|nandwani2025|pathak2026|sarkar2020|sommese2013,,Scaling recomputed in retained cohort; study deletion uses union of outcome sources.,0.606378630609,-0.0179102857735,estimated,estimated,,,2,1,"{""delta_charge"":0.7817359599705717,""grantham_distance"":50.70365974080284}",{}
B003,leave_one_study_out,nag2015,13,A797T|D239N|D778V|E497D|F834L|G768R|H251N|I457T|L781P|R453C|R663H|S782N|Y115H,R403Q,adhikari2016|adhikari2019|morck2022|nandwani2025|pathak2026|sarkar2020|sommese2013,,Scaling recomputed in retained cohort; study deletion uses union of outcome sources.,0.514375699882,-0.0618155877335,estimated,estimated,,,2,1,"{""delta_charge"":0.6405126152203485,""grantham_distance"":49.84038626018163}",{}
B003,leave_one_study_out,nandwani2025,12,A797T|D239N|D778V|F834L|G768R|H251N|I457T|L781P|R403Q|R453C|R663H|S782N,E497D|Y115H,adhikari2016|adhikari2019|morck2022|nag2015|pathak2026|sarkar2020|sommese2013,,Scaling recomputed in retained cohort; study deletion uses union of outcome sources.,0.557839986467,-0.0229515262,estimated,estimated,,,2,1,"{""delta_charge"":0.7385489458759964,""grantham_distance"":52.15383712894697}",{}
B003,leave_one_study_out,pathak2026,13,A797T|D239N|D778V|E497D|F834L|H251N|I457T|L781P|R403Q|R453C|R663H|S782N|Y115H,G768R,adhikari2016|adhikari2019|morck2022|nag2015|nandwani2025|sarkar2020|sommese2013,,Scaling recomputed in retained cohort; study deletion uses union of outcome sources.,0.54834049825,0.0398979949559,estimated,estimated,,,2,1,"{""delta_charge"":0.6405126152203485,""grantham_distance"":48.61241268098783}",{}
B003,leave_one_study_out,sarkar2020,13,A797T|D239N|D778V|E497D|F834L|G768R|H251N|I457T|L781P|R403Q|R453C|S782N|Y115H,R663H,adhikari2016|adhikari2019|morck2022|nag2015|nandwani2025|pathak2026|sommese2013,,Scaling recomputed in retained cohort; study deletion uses union of outcome sources.,0.505543068554,-0.0911947454161,estimated,estimated,,,2,1,"{""delta_charge"":0.6405126152203485,""grantham_distance"":48.82714146445339}",{}
B003,leave_one_study_out,sommese2013,13,A797T|D239N|D778V|E497D|F834L|G768R|H251N|I457T|L781P|R403Q|R663H|S782N|Y115H,R453C,adhikari2016|adhikari2019|morck2022|nag2015|nandwani2025|pathak2026|sarkar2020,,Scaling recomputed in retained cohort; study deletion uses union of outcome sources.,0.529395517116,-0.0387469768395,estimated,estimated,,,2,1,"{""delta_charge"":0.6405126152203485,""grantham_distance"":40.07317025590781}",{}
B003,exclude_morck_shared_WT,,9,D239N|E497D|G768R|H251N|I457T|R403Q|R453C|R663H|Y115H,A797T|D778V|F834L|L781P|S782N,adhikari2016|adhikari2019|nag2015|nandwani2025|pathak2026|sarkar2020|sommese2013,,Drops primary Morck variants with reused slide/channel WT records; no independence claim for remainder.,0.606378630609,-0.0179102857735,estimated,estimated,,,2,1,"{""delta_charge"":0.7817359599705717,""grantham_distance"":50.70365974080284}",{}
B004,leave_one_variant_out,D239N,14,D778V|E497D|G741R|G768R|H251N|I457T|L781P|R249Q|R403Q|R453C|R663H|R719W|S782N|Y115H,D239N,adhikari2016|adhikari2019|kawana2017|morck2022|nag2015|nandwani2025|pathak2026|sarkar2020|sommese2013,,Scaling recomputed in retained cohort; study deletion uses union of outcome sources.,0.420371695622,-0.0179892655576,estimated,estimated,,,2,1,"{""adp_adenine_ca_distance_8efe_A"":12.213202731460333,""adp_rigor_ca_shift_A"":3.9034083762245926}",{}
B004,leave_one_variant_out,D778V,14,D239N|E497D|G741R|G768R|H251N|I457T|L781P|R249Q|R403Q|R453C|R663H|R719W|S782N|Y115H,D778V,adhikari2016|adhikari2019|kawana2017|morck2022|nag2015|nandwani2025|pathak2026|sarkar2020|sommese2013,,Scaling recomputed in retained cohort; study deletion uses union of outcome sources.,0.465643504656,0.0583041478887,estimated,estimated,,,2,1,"{""adp_adenine_ca_distance_8efe_A"":13.288525750127853,""adp_rigor_ca_shift_A"":3.70902546851965}",{}
B004,leave_one_variant_out,E497D,14,D239N|D778V|G741R|G768R|H251N|I457T|L781P|R249Q|R403Q|R453C|R663H|R719W|S782N|Y115H,E497D,adhikari2016|adhikari2019|kawana2017|morck2022|nag2015|nandwani2025|pathak2026|sarkar2020|sommese2013,,Scaling recomputed in retained cohort; study deletion uses union of outcome sources.,0.46303905284,0.0334775776557,estimated,estimated,,,2,1,"{""adp_adenine_ca_distance_8efe_A"":13.456456768568309,""adp_rigor_ca_shift_A"":3.979692559379431}",{}
B004,leave_one_variant_out,G741R,14,D239N|D778V|E497D|G768R|H251N|I457T|L781P|R249Q|R403Q|R453C|R663H|R719W|S782N|Y115H,G741R,adhikari2016|adhikari2019|kawana2017|morck2022|nag2015|nandwani2025|pathak2026|sarkar2020|sommese2013,,Scaling recomputed in retained cohort; study deletion uses union of outcome sources.,0.423050698935,0.00246738856352,estimated,estimated,,,2,1,"{""adp_adenine_ca_distance_8efe_A"":12.488536694666136,""adp_rigor_ca_shift_A"":3.876073088627944}",{}
B004,leave_one_variant_out,G768R,14,D239N|D778V|E497D|G741R|H251N|I457T|L781P|R249Q|R403Q|R453C|R663H|R719W|S782N|Y115H,G768R,adhikari2016|adhikari2019|kawana2017|morck2022|nag2015|nandwani2025|sarkar2020|sommese2013,,Scaling recomputed in retained cohort; study deletion uses union of outcome sources.,0.454779335784,0.0415991759169,estimated,estimated,,,2,1,"{""adp_adenine_ca_distance_8efe_A"":13.403857123369981,""adp_rigor_ca_shift_A"":3.981408037468854}",{}
B004,leave_one_variant_out,H251N,14,D239N|D778V|E497D|G741R|G768R|I457T|L781P|R249Q|R403Q|R453C|R663H|R719W|S782N|Y115H,H251N,adhikari2016|adhikari2019|kawana2017|morck2022|nag2015|nandwani2025|pathak2026|sarkar2020|sommese2013,,Scaling recomputed in retained cohort; study deletion uses union of outcome sources.,0.455601441008,0.0275552422568,estimated,estimated,,,2,1,"{""adp_adenine_ca_distance_8efe_A"":13.263381756867894,""adp_rigor_ca_shift_A"":3.897034041794619}",{}
B004,leave_one_variant_out,I457T,14,D239N|D778V|E497D|G741R|G768R|H251N|L781P|R249Q|R403Q|R453C|R663H|R719W|S782N|Y115H,I457T,adhikari2016|adhikari2019|kawana2017|morck2022|nag2015|nandwani2025|pathak2026|sarkar2020|sommese2013,,Scaling recomputed in retained cohort; study deletion uses union of outcome sources.,0.414457374255,-0.0273228165075,estimated,estimated,,,2,1,"{""adp_adenine_ca_distance_8efe_A"":13.063576432001371,""adp_rigor_ca_shift_A"":3.8947327935828757}",{}
B004,leave_one_variant_out,L781P,14,D239N|D778V|E497D|G741R|G768R|H251N|I457T|R249Q|R403Q|R453C|R663H|R719W|S782N|Y115H,L781P,adhikari2016|adhikari2019|kawana2017|morck2022|nag2015|nandwani2025|pathak2026|sarkar2020|sommese2013,,Scaling recomputed in retained cohort; study deletion uses union of outcome sources.,0.419881302503,-0.00741547508871,estimated,estimated,,,2,1,"{""adp_adenine_ca_distance_8efe_A"":13.0707717302318,""adp_rigor_ca_shift_A"":3.670259336000172}",{}
B004,leave_one_variant_out,R249Q,14,D239N|D778V|E497D|G741R|G768R|H251N|I457T|L781P|R403Q|R453C|R663H|R719W|S782N|Y115H,R249Q,adhikari2016|adhikari2019|kawana2017|morck2022|nag2015|nandwani2025|pathak2026|sarkar2020|sommese2013,,Scaling recomputed in retained cohort; study deletion uses union of outcome sources.,0.520391063347,0.108695031812,estimated,estimated,,,2,1,"{""adp_adenine_ca_distance_8efe_A"":13.002624924111485,""adp_rigor_ca_shift_A"":3.882004203340955}",{}
B004,leave_one_variant_out,R403Q,14,D239N|D778V|E497D|G741R|G768R|H251N|I457T|L781P|R249Q|R453C|R663H|R719W|S782N|Y115H,R403Q,adhikari2016|adhikari2019|kawana2017|morck2022|nandwani2025|pathak2026|sarkar2020|sommese2013,,Scaling recomputed in retained cohort; study deletion uses union of outcome sources.,0.455125182198,0.0547467649987,estimated,estimated,,,2,1,"{""adp_adenine_ca_distance_8efe_A"":12.332968246977048,""adp_rigor_ca_shift_A"":3.8885278033033255}",{}
B004,leave_one_variant_out,R453C,14,D239N|D778V|E497D|G741R|G768R|H251N|I457T|L781P|R249Q|R403Q|R663H|R719W|S782N|Y115H,R453C,adhikari2016|adhikari2019|kawana2017|morck2022|nag2015|nandwani2025|pathak2026|sarkar2020,,Scaling recomputed in retained cohort; study deletion uses union of outcome sources.,0.486283186676,0.0696115088351,estimated,estimated,,,2,1,"{""adp_adenine_ca_distance_8efe_A"":13.43197720319489,""adp_rigor_ca_shift_A"":3.899903823083277}",{}
B004,leave_one_variant_out,R663H,14,D239N|D778V|E497D|G741R|G768R|H251N|I457T|L781P|R249Q|R403Q|R453C|R719W|S782N|Y115H,R663H,adhikari2016|adhikari2019|kawana2017|morck2022|nag2015|nandwani2025|pathak2026|sommese2013,,Scaling recomputed in retained cohort; study deletion uses union of outcome sources.,0.493860249686,0.0791349031365,estimated,estimated,,,2,1,"{""adp_adenine_ca_distance_8efe_A"":13.388807617352228,""adp_rigor_ca_shift_A"":3.8917809117360087}",{}
B004,leave_one_variant_out,R719W,14,D239N|D778V|E497D|G741R|G768R|H251N|I457T|L781P|R249Q|R403Q|R453C|R663H|S782N|Y115H,R719W,adhikari2016|adhikari2019|kawana2017|morck2022|nag2015|nandwani2025|pathak2026|sarkar2020|sommese2013,,Scaling recomputed in retained cohort; study deletion uses union of outcome sources.,0.418590694186,-0.00699702886608,estimated,estimated,,,2,1,"{""adp_adenine_ca_distance_8efe_A"":13.109824898585206,""adp_rigor_ca_shift_A"":3.759448623647377}",{}
B004,leave_one_variant_out,S782N,14,D239N|D778V|E497D|G741R|G768R|H251N|I457T|L781P|R249Q|R403Q|R453C|R663H|R719W|Y115H,S782N,adhikari2016|adhikari2019|kawana2017|morck2022|nag2015|nandwani2025|pathak2026|sarkar2020|sommese2013,,Scaling recomputed in retained cohort; study deletion uses union of outcome sources.,0.432501487231,0.00963716507233,estimated,estimated,,,2,1,"{""adp_adenine_ca_distance_8efe_A"":13.044280763473818,""adp_rigor_ca_shift_A"":3.6132826774053455}",{}
B004,leave_one_variant_out,Y115H,14,D239N|D778V|E497D|G741R|G768R|H251N|I457T|L781P|R249Q|R403Q|R453C|R663H|R719W|S782N,Y115H,adhikari2016|adhikari2019|kawana2017|morck2022|nag2015|nandwani2025|pathak2026|sarkar2020|sommese2013,,Scaling recomputed in retained cohort; study deletion uses union of outcome sources.,0.501741490241,0.0780986731585,estimated,estimated,,,2,1,"{""adp_adenine_ca_distance_8efe_A"":11.806603781858914,""adp_rigor_ca_shift_A"":3.9245555419629934}",{}
B004,leave_one_study_out,adhikari2016,13,D778V|E497D|G741R|G768R|I457T|L781P|R249Q|R403Q|R453C|R663H|R719W|S782N|Y115H,D239N|H251N,adhikari2019|kawana2017|morck2022|nag2015|nandwani2025|pathak2026|sarkar2020|sommese2013,,Scaling recomputed in retained cohort; study deletion uses union of outcome sources.,0.441328050423,-0.0274307972386,estimated,estimated,,,2,1,"{""adp_adenine_ca_distance_8efe_A"":12.401675738243641,""adp_rigor_ca_shift_A"":3.9383796319640547}",{}
B004,leave_one_study_out,adhikari2019,13,D239N|D778V|E497D|G741R|G768R|H251N|L781P|R403Q|R453C|R663H|R719W|S782N|Y115H,I457T|R249Q,adhikari2016|kawana2017|morck2022|nag2015|nandwani2025|pathak2026|sarkar2020|sommese2013,,Scaling recomputed in retained cohort; study deletion uses union of outcome sources.,0.470156356861,0.0104760646407,estimated,estimated,,,2,1,"{""adp_adenine_ca_distance_8efe_A"":13.038600316590292,""adp_rigor_ca_shift_A"":3.910966504602982}",{}
B004,leave_one_study_out,kawana2017,13,D239N|D778V|E497D|G768R|H251N|I457T|L781P|R249Q|R403Q|R453C|R663H|S782N|Y115H,G741R|R719W,adhikari2016|adhikari2019|morck2022|nag2015|nandwani2025|pathak2026|sarkar2020|sommese2013,,Scaling recomputed in retained cohort; study deletion uses union of outcome sources.,0.398245140438,-0.041499914715,estimated,estimated,,,2,1,"{""adp_adenine_ca_distance_8efe_A"":12.507118383096115,""adp_rigor_ca_shift_A"":3.7476559065632276}",{}
B004,leave_one_study_out,morck2022,12,D239N|E497D|G741R|G768R|H251N|I457T|R249Q|R403Q|R453C|R663H|R719W|Y115H,D778V|L781P|S782N,adhikari2016|adhikari2019|kawana2017|nag2015|nandwani2025|pathak2026|sarkar2020|sommese2013,,Scaling recomputed in retained cohort; study deletion uses union of outcome sources.,0.443423177038,-0.0127442218569,estimated,estimated,,,2,1,"{""adp_adenine_ca_distance_8efe_A"":13.374473109616382,""adp_rigor_ca_shift_A"":2.8837172654883974}",{}
B004,leave_one_study_out,nag2015,14,D239N|D778V|E497D|G741R|G768R|H251N|I457T|L781P|R249Q|R453C|R663H|R719W|S782N|Y115H,R403Q,adhikari2016|adhikari2019|kawana2017|morck2022|nandwani2025|pathak2026|sarkar2020|sommese2013,,Scaling recomputed in retained cohort; study deletion uses union of outcome sources.,0.455125182198,0.0547467649987,estimated,estimated,,,2,1,"{""adp_adenine_ca_distance_8efe_A"":12.332968246977048,""adp_rigor_ca_shift_A"":3.8885278033033255}",{}
B004,leave_one_study_out,nandwani2025,13,D239N|D778V|G741R|G768R|H251N|I457T|L781P|R249Q|R403Q|R453C|R663H|R719W|S782N,E497D|Y115H,adhikari2016|adhikari2019|kawana2017|morck2022|nag2015|pathak2026|sarkar2020|sommese2013,,Scaling recomputed in retained cohort; study deletion uses union of outcome sources.,0.522375136147,0.0758726863642,estimated,estimated,,,2,1,"{""adp_adenine_ca_distance_8efe_A"":12.278804770075556,""adp_rigor_ca_shift_A"":4.058899035976978}",{}
B004,leave_one_study_out,pathak2026,14,D239N|D778V|E497D|G741R|H251N|I457T|L781P|R249Q|R403Q|R453C|R663H|R719W|S782N|Y115H,G768R,adhikari2016|adhikari2019|kawana2017|morck2022|nag2015|nandwani2025|sarkar2020|sommese2013,,Scaling recomputed in retained cohort; study deletion uses union of outcome sources.,0.454779335784,0.0415991759169,estimated,estimated,,,2,1,"{""adp_adenine_ca_distance_8efe_A"":13.403857123369981,""adp_rigor_ca_shift_A"":3.981408037468854}",{}
B004,leave_one_study_out,sarkar2020,14,D239N|D778V|E497D|G741R|G768R|H251N|I457T|L781P|R249Q|R403Q|R453C|R719W|S782N|Y115H,R663H,adhikari2016|adhikari2019|kawana2017|morck2022|nag2015|nandwani2025|pathak2026|sommese2013,,Scaling recomputed in retained cohort; study deletion uses union of outcome sources.,0.493860249686,0.0791349031365,estimated,estimated,,,2,1,"{""adp_adenine_ca_distance_8efe_A"":13.388807617352228,""adp_rigor_ca_shift_A"":3.8917809117360087}",{}
B004,leave_one_study_out,sommese2013,14,D239N|D778V|E497D|G741R|G768R|H251N|I457T|L781P|R249Q|R403Q|R663H|R719W|S782N|Y115H,R453C,adhikari2016|adhikari2019|kawana2017|morck2022|nag2015|nandwani2025|pathak2026|sarkar2020,,Scaling recomputed in retained cohort; study deletion uses union of outcome sources.,0.486283186676,0.0696115088351,estimated,estimated,,,2,1,"{""adp_adenine_ca_distance_8efe_A"":13.43197720319489,""adp_rigor_ca_shift_A"":3.899903823083277}",{}
B005,leave_one_variant_out,D382Y,13,D778V|E497D|G768R|H251N|I457T|L781P|P710R|R249Q|R403Q|R663H|R719W|S782N|Y115H,D382Y,adhikari2019|morck2022|nandwani2025|pathak2026|sarkar2020|vanderroest2021,,Scaling recomputed in retained cohort; study deletion uses union of outcome sources.,0.415483216049,-0.0617065639779,estimated,estimated,,,2,1,"{""adp_adenine_ca_distance_8efe_A"":11.740297819413163,""adp_rigor_ca_shift_A"":3.8461328331643063}",{}
B005,leave_one_variant_out,D778V,13,D382Y|E497D|G768R|H251N|I457T|L781P|P710R|R249Q|R403Q|R663H|R719W|S782N|Y115H,D778V,adhikari2019|morck2022|nandwani2025|pathak2026|sarkar2020|vanderroest2021,,Scaling recomputed in retained cohort; study deletion uses union of outcome sources.,0.430482693363,-0.0749303660726,estimated,estimated,,,2,1,"{""adp_adenine_ca_distance_8efe_A"":12.062506554858139,""adp_rigor_ca_shift_A"":3.6152690725444208}",{}
B005,leave_one_variant_out,E497D,13,D382Y|D778V|G768R|H251N|I457T|L781P|P710R|R249Q|R403Q|R663H|R719W|S782N|Y115H,E497D,adhikari2019|morck2022|nandwani2025|pathak2026|sarkar2020|vanderroest2021,,Scaling recomputed in retained cohort; study deletion uses union of outcome sources.,0.428929801181,-0.0534458520849,estimated,estimated,,,2,1,"{""adp_adenine_ca_distance_8efe_A"":12.200225932751755,""adp_rigor_ca_shift_A"":3.9050594481272958}",{}
B005,leave_one_variant_out,G768R,13,D382Y|D778V|E497D|H251N|I457T|L781P|P710R|R249Q|R403Q|R663H|R719W|S782N|Y115H,G768R,adhikari2019|morck2022|nandwani2025|sarkar2020|vanderroest2021,,Scaling recomputed in retained cohort; study deletion uses union of outcome sources.,0.431512875803,-0.0714843524756,estimated,estimated,,,2,1,"{""adp_adenine_ca_distance_8efe_A"":12.172904041207456,""adp_rigor_ca_shift_A"":3.91141009623647}",{}
B005,leave_one_variant_out,H251N,13,D382Y|D778V|E497D|G768R|I457T|L781P|P710R|R249Q|R403Q|R663H|R719W|S782N|Y115H,H251N,adhikari2019|morck2022|nandwani2025|pathak2026|sarkar2020|vanderroest2021,,Scaling recomputed in retained cohort; study deletion uses union of outcome sources.,0.446050300221,-0.0533252501238,estimated,estimated,,,2,1,"{""adp_adenine_ca_distance_8efe_A"":11.898948537262802,""adp_rigor_ca_shift_A"":3.8101245067573677}",{}
B005,leave_one_variant_out,I457T,13,D382Y|D778V|E497D|G768R|H251N|L781P|P710R|R249Q|R403Q|R663H|R719W|S782N|Y115H,I457T,adhikari2019|morck2022|nandwani2025|pathak2026|sarkar2020|vanderroest2021,,Scaling recomputed in retained cohort; study deletion uses union of outcome sources.,0.425772223188,-0.0631977900757,estimated,estimated,,,2,1,"{""adp_adenine_ca_distance_8efe_A"":11.625906426304526,""adp_rigor_ca_shift_A"":3.8075009912080837}",{}
B005,leave_one_variant_out,L781P,13,D382Y|D778V|E497D|G768R|H251N|I457T|P710R|R249Q|R403Q|R663H|R719W|S782N|Y115H,L781P,adhikari2019|morck2022|nandwani2025|pathak2026|sarkar2020|vanderroest2021,,Scaling recomputed in retained cohort; study deletion uses union of outcome sources.,0.439308249126,-0.0727832939911,estimated,estimated,,,2,1,"{""adp_adenine_ca_distance_8efe_A"":11.833795590766137,""adp_rigor_ca_shift_A"":3.572529261806157}",{}
B005,leave_one_variant_out,P710R,13,D382Y|D778V|E497D|G768R|H251N|I457T|L781P|R249Q|R403Q|R663H|R719W|S782N|Y115H,P710R,adhikari2019|morck2022|nandwani2025|pathak2026|sarkar2020,,Scaling recomputed in retained cohort; study deletion uses union of outcome sources.,0.416015272372,-0.0627995731251,estimated,estimated,,,2,1,"{""adp_adenine_ca_distance_8efe_A"":12.187148564542092,""adp_rigor_ca_shift_A"":3.9192030079241147}",{}
B005,leave_one_variant_out,R249Q,13,D382Y|D778V|E497D|G768R|H251N|I457T|L781P|P710R|R403Q|R663H|R719W|S782N|Y115H,R249Q,adhikari2019|morck2022|nandwani2025|pathak2026|sarkar2020|vanderroest2021,,Scaling recomputed in retained cohort; study deletion uses union of outcome sources.,0.482702728087,-0.0122849822357,estimated,estimated,,,2,1,"{""adp_adenine_ca_distance_8efe_A"":11.543791649735283,""adp_rigor_ca_shift_A"":3.792996578770839}",{}
B005,leave_one_variant_out,R403Q,13,D382Y|D778V|E497D|G768R|H251N|I457T|L781P|P710R|R249Q|R663H|R719W|S782N|Y115H,R403Q,adhikari2019|morck2022|nandwani2025|pathak2026|sarkar2020|vanderroest2021,,Scaling recomputed in retained cohort; study deletion uses union of outcome sources.,0.417525089617,-0.0648132439233,estimated,estimated,,,2,1,"{""adp_adenine_ca_distance_8efe_A"":11.009887908348919,""adp_rigor_ca_shift_A"":3.8004289933568343}",{}
B005,leave_one_variant_out,R663H,13,D382Y|D778V|E497D|G768R|H251N|I457T|L781P|P710R|R249Q|R403Q|R719W|S782N|Y115H,R663H,adhikari2019|morck2022|nandwani2025|pathak2026|sarkar2020|vanderroest2021,,Scaling recomputed in retained cohort; study deletion uses union of outcome sources.,0.4316627252,-0.0763938016597,estimated,estimated,,,2,1,"{""adp_adenine_ca_distance_8efe_A"":12.078764238835477,""adp_rigor_ca_shift_A"":3.804136311890722}",{}
B005,leave_one_variant_out,R719W,13,D382Y|D778V|E497D|G768R|H251N|I457T|L781P|P710R|R249Q|R403Q|R663H|S782N|Y115H,R719W,adhikari2019|morck2022|nandwani2025|pathak2026|sarkar2020|vanderroest2021,,Scaling recomputed in retained cohort; study deletion uses union of outcome sources.,0.484491612288,0.0197981670297,estimated,estimated,,,2,1,"{""adp_adenine_ca_distance_8efe_A"":11.875722416283523,""adp_rigor_ca_shift_A"":3.670713468756259}",{}
B005,leave_one_variant_out,S782N,13,D382Y|D778V|E497D|G768R|H251N|I457T|L781P|P710R|R249Q|R403Q|R663H|R719W|Y115H,S782N,adhikari2019|morck2022|nandwani2025|pathak2026|sarkar2020|vanderroest2021,,Scaling recomputed in retained cohort; study deletion uses union of outcome sources.,0.430600417028,-0.081093034457,estimated,estimated,,,2,1,"{""adp_adenine_ca_distance_8efe_A"":11.805199979837951,""adp_rigor_ca_shift_A"":3.5095434236985574}",{}
B005,leave_one_variant_out,Y115H,13,D382Y|D778V|E497D|G768R|H251N|I457T|L781P|P710R|R249Q|R403Q|R663H|R719W|S782N,Y115H,adhikari2019|morck2022|nandwani2025|pathak2026|sarkar2020|vanderroest2021,,Scaling recomputed in retained cohort; study deletion uses union of outcome sources.,0.465541358913,-0.037808651943,estimated,estimated,,,2,1,"{""adp_adenine_ca_distance_8efe_A"":9.938553882583191,""adp_rigor_ca_shift_A"":3.8415409395034827}",{}
B005,leave_one_study_out,adhikari2019,9,D778V|E497D|G768R|L781P|P710R|R403Q|R663H|S782N|Y115H,D382Y|H251N|I457T|R249Q|R719W,morck2022|nandwani2025|pathak2026|sarkar2020|vanderroest2021,,Scaling recomputed in retained cohort; study deletion uses union of outcome sources.,0.564410901437,0.086575808903,estimated,estimated,,,2,1,"{""adp_adenine_ca_distance_8efe_A"":11.944512167699786,""adp_rigor_ca_shift_A"":3.8291160457523366}",{}
B005,leave_one_study_out,morck2022,11,D382Y|E497D|G768R|H251N|I457T|P710R|R249Q|R403Q|R663H|R719W|Y115H,D778V|L781P|S782N,adhikari2019|nandwani2025|pathak2026|sarkar2020|vanderroest2021,,Scaling recomputed in retained cohort; study deletion uses union of outcome sources.,0.610382612672,0.109976429656,estimated,estimated,,,2,1,"{""adp_adenine_ca_distance_8efe_A"":12.158381989578128,""adp_rigor_ca_shift_A"":2.6421655533087307}",{}
B005,leave_one_study_out,nandwani2025,12,D382Y|D778V|G768R|H251N|I457T|L781P|P710R|R249Q|R403Q|R663H|R719W|S782N,E497D|Y115H,adhikari2019|morck2022|pathak2026|sarkar2020|vanderroest2021,,Scaling recomputed in retained cohort; study deletion uses union of outcome sources.,0.47889580859,-0.0291512402235,estimated,estimated,,,2,1,"{""adp_adenine_ca_distance_8efe_A"":10.337069090711918,""adp_rigor_ca_shift_A"":3.9797202312496287}",{}
B005,leave_one_study_out,pathak2026,13,D382Y|D778V|E497D|H251N|I457T|L781P|P710R|R249Q|R403Q|R663H|R719W|S782N|Y115H,G768R,adhikari2019|morck2022|nandwani2025|sarkar2020|vanderroest2021,,Scaling recomputed in retained cohort; study deletion uses union of outcome sources.,0.431512875803,-0.0714843524756,estimated,estimated,,,2,1,"{""adp_adenine_ca_distance_8efe_A"":12.172904041207456,""adp_rigor_ca_shift_A"":3.91141009623647}",{}
B005,leave_one_study_out,sarkar2020,12,D382Y|D778V|E497D|G768R|H251N|I457T|L781P|P710R|R249Q|R719W|S782N|Y115H,R403Q|R663H,adhikari2019|morck2022|nandwani2025|pathak2026|vanderroest2021,,Scaling recomputed in retained cohort; study deletion uses union of outcome sources.,0.432053493787,-0.0851413339769,estimated,estimated,,,2,1,"{""adp_adenine_ca_distance_8efe_A"":11.412242184618378,""adp_rigor_ca_shift_A"":3.8123738819905104}",{}
B005,leave_one_study_out,vanderroest2021,13,D382Y|D778V|E497D|G768R|H251N|I457T|L781P|R249Q|R403Q|R663H|R719W|S782N|Y115H,P710R,adhikari2019|morck2022|nandwani2025|pathak2026|sarkar2020,,Scaling recomputed in retained cohort; study deletion uses union of outcome sources.,0.416015272372,-0.0627995731251,estimated,estimated,,,2,1,"{""adp_adenine_ca_distance_8efe_A"":12.187148564542092,""adp_rigor_ca_shift_A"":3.9192030079241147}",{}
B006,leave_one_variant_out,D239N,12,D778V|E497D|G768R|H251N|I457T|L781P|P710R|R403Q|R453C|R663H|S782N|Y115H,D239N,adhikari2016|adhikari2019|morck2022|nag2015|nandwani2025|pathak2026|sarkar2020|sommese2013|vanderroest2021,,Scaling recomputed in retained cohort; study deletion uses union of outcome sources.,0.456656507014,-0.0923221013746,estimated,estimated,,,2,1,"{""adp_adenine_ca_distance_8efe_A"":11.302459447793508,""adp_rigor_ca_shift_A"":3.7451450096946393}",{}
B006,leave_one_variant_out,D778V,12,D239N|E497D|G768R|H251N|I457T|L781P|P710R|R403Q|R453C|R663H|S782N|Y115H,D778V,adhikari2016|adhikari2019|morck2022|nag2015|nandwani2025|pathak2026|sarkar2020|sommese2013|vanderroest2021,,Scaling recomputed in retained cohort; study deletion uses union of outcome sources.,0.577506579004,0.14937666826,estimated,estimated,,,2,1,"{""adp_adenine_ca_distance_8efe_A"":12.390817231409114,""adp_rigor_ca_shift_A"":3.431612544860567}",{}
B006,leave_one_variant_out,E497D,12,D239N|D778V|G768R|H251N|I457T|L781P|P710R|R403Q|R453C|R663H|S782N|Y115H,E497D,adhikari2016|adhikari2019|morck2022|nag2015|nandwani2025|pathak2026|sarkar2020|sommese2013|vanderroest2021,,Scaling recomputed in retained cohort; study deletion uses union of outcome sources.,0.487199443282,0.000768550343298,estimated,estimated,,,2,1,"{""adp_adenine_ca_distance_8efe_A"":12.681253672319052,""adp_rigor_ca_shift_A"":3.8270815422142332}",{}
B006,leave_one_variant_out,G768R,12,D239N|D778V|E497D|H251N|I457T|L781P|P710R|R403Q|R453C|R663H|S782N|Y115H,G768R,adhikari2016|adhikari2019|morck2022|nag2015|nandwani2025|sarkar2020|sommese2013|vanderroest2021,,Scaling recomputed in retained cohort; study deletion uses union of outcome sources.,0.468569129473,-0.035302815803,estimated,estimated,,,2,1,"{""adp_adenine_ca_distance_8efe_A"":12.571688143937799,""adp_rigor_ca_shift_A"":3.809074444401735}",{}
B006,leave_one_variant_out,H251N,12,D239N|D778V|E497D|G768R|I457T|L781P|P710R|R403Q|R453C|R663H|S782N|Y115H,H251N,adhikari2016|adhikari2019|morck2022|nag2015|nandwani2025|pathak2026|sarkar2020|sommese2013|vanderroest2021,,Scaling recomputed in retained cohort; study deletion uses union of outcome sources.,0.495822702329,-0.0164499379991,estimated,estimated,,,2,1,"{""adp_adenine_ca_distance_8efe_A"":12.517212493229932,""adp_rigor_ca_shift_A"":3.737976082707778}",{}
B006,leave_one_variant_out,I457T,12,D239N|D778V|E497D|G768R|H251N|L781P|P710R|R403Q|R453C|R663H|S782N|Y115H,I457T,adhikari2016|morck2022|nag2015|nandwani2025|pathak2026|sarkar2020|sommese2013|vanderroest2021,,Scaling recomputed in retained cohort; study deletion uses union of outcome sources.,0.443671215902,-0.118636249368,estimated,estimated,,,2,1,"{""adp_adenine_ca_distance_8efe_A"":12.298558094374842,""adp_rigor_ca_shift_A"":3.735381557383887}",{}
B006,leave_one_variant_out,L781P,12,D239N|D778V|E497D|G768R|H251N|I457T|P710R|R403Q|R453C|R663H|S782N|Y115H,L781P,adhikari2016|adhikari2019|morck2022|nag2015|nandwani2025|pathak2026|sarkar2020|sommese2013|vanderroest2021,,Scaling recomputed in retained cohort; study deletion uses union of outcome sources.,0.50923474418,0.00333812196726,estimated,estimated,,,2,1,"{""adp_adenine_ca_distance_8efe_A"":12.070770259863027,""adp_rigor_ca_shift_A"":3.3786318094366696}",{}
B006,leave_one_variant_out,P710R,12,D239N|D778V|E497D|G768R|H251N|I457T|L781P|R403Q|R453C|R663H|S782N|Y115H,P710R,adhikari2016|adhikari2019|morck2022|nag2015|nandwani2025|pathak2026|sarkar2020|sommese2013,,Scaling recomputed in retained cohort; study deletion uses union of outcome sources.,0.472603028243,-0.0359385155845,estimated,estimated,,,2,1,"{""adp_adenine_ca_distance_8efe_A"":12.687298957324188,""adp_rigor_ca_shift_A"":3.8209778452049985}",{}
B006,leave_one_variant_out,R403Q,12,D239N|D778V|E497D|G768R|H251N|I457T|L781P|P710R|R453C|R663H|S782N|Y115H,R403Q,adhikari2016|adhikari2019|morck2022|nandwani2025|pathak2026|sarkar2020|sommese2013|vanderroest2021,,Scaling recomputed in retained cohort; study deletion uses union of outcome sources.,0.485437413266,0.00765034324274,estimated,estimated,,,2,1,"{""adp_adenine_ca_distance_8efe_A"":11.015608929240772,""adp_rigor_ca_shift_A"":3.728369894008714}",{}
B006,leave_one_variant_out,R453C,12,D239N|D778V|E497D|G768R|H251N|I457T|L781P|P710R|R403Q|R663H|S782N|Y115H,R453C,adhikari2016|adhikari2019|morck2022|nag2015|nandwani2025|pathak2026|sarkar2020|vanderroest2021,,Scaling recomputed in retained cohort; study deletion uses union of outcome sources.,0.511382250456,0.0271980362287,estimated,estimated,,,2,1,"{""adp_adenine_ca_distance_8efe_A"":12.678588758083663,""adp_rigor_ca_shift_A"":3.741206903929814}",{}
B006,leave_one_variant_out,R663H,12,D239N|D778V|E497D|G768R|H251N|I457T|L781P|P710R|R403Q|R453C|S782N|Y115H,R663H,adhikari2016|adhikari2019|morck2022|nag2015|nandwani2025|pathak2026|sommese2013|vanderroest2021,,Scaling recomputed in retained cohort; study deletion uses union of outcome sources.,0.505139736122,0.0151091962985,estimated,estimated,,,2,1,"{""adp_adenine_ca_distance_8efe_A"":12.642982940418708,""adp_rigor_ca_shift_A"":3.732048747092778}",{}
B006,leave_one_variant_out,S782N,12,D239N|D778V|E497D|G768R|H251N|I457T|L781P|P710R|R403Q|R453C|R663H|Y115H,S782N,adhikari2016|adhikari2019|morck2022|nag2015|nandwani2025|pathak2026|sarkar2020|sommese2013|vanderroest2021,,Scaling recomputed in retained cohort; study deletion uses union of outcome sources.,0.513704161361,0.00773310212886,estimated,estimated,,,2,1,"{""adp_adenine_ca_distance_8efe_A"":12.032506477347601,""adp_rigor_ca_shift_A"":3.300538553828067}",{}
B006,leave_one_variant_out,Y115H,12,D239N|D778V|E497D|G768R|H251N|I457T|L781P|P710R|R403Q|R453C|R663H|S782N,Y115H,adhikari2016|adhikari2019|morck2022|nag2015|nandwani2025|pathak2026|sarkar2020|sommese2013|vanderroest2021,,Scaling recomputed in retained cohort; study deletion uses union of outcome sources.,0.600124272171,0.1536844332,estimated,estimated,,,2,1,"{""adp_adenine_ca_distance_8efe_A"":10.807418282325902,""adp_rigor_ca_shift_A"":3.7687110888413917}",{}
B006,leave_one_study_out,adhikari2016,11,D778V|E497D|G768R|I457T|L781P|P710R|R403Q|R453C|R663H|S782N|Y115H,D239N|H251N,adhikari2019|morck2022|nag2015|nandwani2025|pathak2026|sarkar2020|sommese2013|vanderroest2021,,Scaling recomputed in retained cohort; study deletion uses union of outcome sources.,0.480521920584,-0.133943396249,estimated,estimated,,,2,1,"{""adp_adenine_ca_distance_8efe_A"":11.545779328399787,""adp_rigor_ca_shift_A"":3.7970985169029277}",{}
B006,leave_one_study_out,adhikari2019,12,D239N|D778V|E497D|G768R|H251N|L781P|P710R|R403Q|R453C|R663H|S782N|Y115H,I457T,adhikari2016|morck2022|nag2015|nandwani2025|pathak2026|sarkar2020|sommese2013|vanderroest2021,,Scaling recomputed in retained cohort; study deletion uses union of outcome sources.,0.443671215902,-0.118636249368,estimated,estimated,,,2,1,"{""adp_adenine_ca_distance_8efe_A"":12.298558094374842,""adp_rigor_ca_shift_A"":3.735381557383887}",{}
B006,leave_one_study_out,morck2022,10,D239N|E497D|G768R|H251N|I457T|P710R|R403Q|R453C|R663H|Y115H,D778V|L781P|S782N,adhikari2016|adhikari2019|nag2015|nandwani2025|pathak2026|sarkar2020|sommese2013|vanderroest2021,,Scaling recomputed in retained cohort; study deletion uses union of outcome sources.,0.710790054539,0.342240366021,estimated,estimated,,,2,1,"{""adp_adenine_ca_distance_8efe_A"":11.833701244585482,""adp_rigor_ca_shift_A"":1.764971149741153}",{}
B006,leave_one_study_out,nag2015,12,D239N|D778V|E497D|G768R|H251N|I457T|L781P|P710R|R453C|R663H|S782N|Y115H,R403Q,adhikari2016|adhikari2019|morck2022|nandwani2025|pathak2026|sarkar2020|sommese2013|vanderroest2021,,Scaling recomputed in retained cohort; study deletion uses union of outcome sources.,0.485437413266,0.00765034324274,estimated,estimated,,,2,1,"{""adp_adenine_ca_distance_8efe_A"":11.015608929240772,""adp_rigor_ca_shift_A"":3.728369894008714}",{}
B006,leave_one_study_out,nandwani2025,11,D239N|D778V|G768R|H251N|I457T|L781P|P710R|R403Q|R453C|R663H|S782N,E497D|Y115H,adhikari2016|adhikari2019|morck2022|nag2015|pathak2026|sarkar2020|sommese2013|vanderroest2021,,Scaling recomputed in retained cohort; study deletion uses union of outcome sources.,0.60727067136,0.159113053434,estimated,estimated,,,2,1,"{""adp_adenine_ca_distance_8efe_A"":11.333737994279048,""adp_rigor_ca_shift_A"":3.9312975284457665}",{}
B006,leave_one_study_out,pathak2026,12,D239N|D778V|E497D|H251N|I457T|L781P|P710R|R403Q|R453C|R663H|S782N|Y115H,G768R,adhikari2016|adhikari2019|morck2022|nag2015|nandwani2025|sarkar2020|sommese2013|vanderroest2021,,Scaling recomputed in retained cohort; study deletion uses union of outcome sources.,0.468569129473,-0.035302815803,estimated,estimated,,,2,1,"{""adp_adenine_ca_distance_8efe_A"":12.571688143937799,""adp_rigor_ca_shift_A"":3.809074444401735}",{}
B006,leave_one_study_out,sarkar2020,12,D239N|D778V|E497D|G768R|H251N|I457T|L781P|P710R|R403Q|R453C|S782N|Y115H,R663H,adhikari2016|adhikari2019|morck2022|nag2015|nandwani2025|pathak2026|sommese2013|vanderroest2021,,Scaling recomputed in retained cohort; study deletion uses union of outcome sources.,0.505139736122,0.0151091962985,estimated,estimated,,,2,1,"{""adp_adenine_ca_distance_8efe_A"":12.642982940418708,""adp_rigor_ca_shift_A"":3.732048747092778}",{}
B006,leave_one_study_out,sommese2013,12,D239N|D778V|E497D|G768R|H251N|I457T|L781P|P710R|R403Q|R663H|S782N|Y115H,R453C,adhikari2016|adhikari2019|morck2022|nag2015|nandwani2025|pathak2026|sarkar2020|vanderroest2021,,Scaling recomputed in retained cohort; study deletion uses union of outcome sources.,0.511382250456,0.0271980362287,estimated,estimated,,,2,1,"{""adp_adenine_ca_distance_8efe_A"":12.678588758083663,""adp_rigor_ca_shift_A"":3.741206903929814}",{}
B006,leave_one_study_out,vanderroest2021,12,D239N|D778V|E497D|G768R|H251N|I457T|L781P|R403Q|R453C|R663H|S782N|Y115H,P710R,adhikari2016|adhikari2019|morck2022|nag2015|nandwani2025|pathak2026|sarkar2020|sommese2013,,Scaling recomputed in retained cohort; study deletion uses union of outcome sources.,0.472603028243,-0.0359385155845,estimated,estimated,,,2,1,"{""adp_adenine_ca_distance_8efe_A"":12.687298957324188,""adp_rigor_ca_shift_A"":3.8209778452049985}",{}
B006,exclude_morck_shared_WT,,10,D239N|E497D|G768R|H251N|I457T|P710R|R403Q|R453C|R663H|Y115H,D778V|L781P|S782N,adhikari2016|adhikari2019|nag2015|nandwani2025|pathak2026|sarkar2020|sommese2013|vanderroest2021,,Drops primary Morck variants with reused slide/channel WT records; no independence claim for remainder.,0.710790054539,0.342240366021,estimated,estimated,,,2,1,"{""adp_adenine_ca_distance_8efe_A"":11.833701244585482,""adp_rigor_ca_shift_A"":1.764971149741153}",{}
B007,leave_one_variant_out,D239N,13,D778V|E497D|G741R|G768R|H251N|I457T|L781P|R249Q|R403Q|R453C|R663H|R719W|Y115H,D239N,adhikari2016|adhikari2019|kawana2017|morck2022|nag2015|nandwani2025|pathak2026|sarkar2020|sommese2013,,Scaling recomputed in retained cohort; study deletion uses union of outcome sources.,0.496053997027,-0.0564518007851,estimated,estimated,,,3,1,"{""elc_min_heavy_distance_8act_mean_ab"":14.148113703443888,""relay_landmark_min_ca_distance_8act_mean_ab"":13.416148187579319,""rigor_actin_min_heavy_distance_8efi_A"":15.558212077924221}",{}
B007,leave_one_variant_out,D778V,13,D239N|E497D|G741R|G768R|H251N|I457T|L781P|R249Q|R403Q|R453C|R663H|R719W|Y115H,D778V,adhikari2016|adhikari2019|kawana2017|morck2022|nag2015|nandwani2025|pathak2026|sarkar2020|sommese2013,,Scaling recomputed in retained cohort; study deletion uses union of outcome sources.,0.524961499871,0.0347071035549,estimated,estimated,,,3,1,"{""elc_min_heavy_distance_8act_mean_ab"":14.80965056495629,""relay_landmark_min_ca_distance_8act_mean_ab"":13.745053345468571,""rigor_actin_min_heavy_distance_8efi_A"":15.251145639725484}",{}
B007,leave_one_variant_out,E497D,13,D239N|D778V|G741R|G768R|H251N|I457T|L781P|R249Q|R403Q|R453C|R663H|R719W|Y115H,E497D,adhikari2016|adhikari2019|kawana2017|morck2022|nag2015|nandwani2025|pathak2026|sarkar2020|sommese2013,,Scaling recomputed in retained cohort; study deletion uses union of outcome sources.,0.541527776029,0.0665014960453,estimated,estimated,,,3,1,"{""elc_min_heavy_distance_8act_mean_ab"":15.285008102306916,""relay_landmark_min_ca_distance_8act_mean_ab"":11.525963936514634,""rigor_actin_min_heavy_distance_8efi_A"":15.557210341227293}",{}
B007,leave_one_variant_out,G741R,13,D239N|D778V|E497D|G768R|H251N|I457T|L781P|R249Q|R403Q|R453C|R663H|R719W|Y115H,G741R,adhikari2016|adhikari2019|kawana2017|morck2022|nag2015|nandwani2025|pathak2026|sarkar2020|sommese2013,,Scaling recomputed in retained cohort; study deletion uses union of outcome sources.,0.488819481179,-0.0398872857289,estimated,estimated,,,3,1,"{""elc_min_heavy_distance_8act_mean_ab"":15.203344882578326,""relay_landmark_min_ca_distance_8act_mean_ab"":13.602291875859196,""rigor_actin_min_heavy_distance_8efi_A"":14.236371849814578}",{}
B007,leave_one_variant_out,G768R,13,D239N|D778V|E497D|G741R|H251N|I457T|L781P|R249Q|R403Q|R453C|R663H|R719W|Y115H,G768R,adhikari2016|adhikari2019|kawana2017|morck2022|nag2015|nandwani2025|sarkar2020|sommese2013,,Scaling recomputed in retained cohort; study deletion uses union of outcome sources.,0.521578605517,0.0187326656348,estimated,estimated,,,3,1,"{""elc_min_heavy_distance_8act_mean_ab"":15.313623030453549,""relay_landmark_min_ca_distance_8act_mean_ab"":13.581548810473363,""rigor_actin_min_heavy_distance_8efi_A"":15.571226126734858}",{}
B007,leave_one_variant_out,H251N,13,D239N|D778V|E497D|G741R|G768R|I457T|L781P|R249Q|R403Q|R453C|R663H|R719W|Y115H,H251N,adhikari2016|adhikari2019|kawana2017|morck2022|nag2015|nandwani2025|pathak2026|sarkar2020|sommese2013,,Scaling recomputed in retained cohort; study deletion uses union of outcome sources.,0.527442179006,0.0194595327675,estimated,estimated,,,3,1,"{""elc_min_heavy_distance_8act_mean_ab"":15.240795959075792,""relay_landmark_min_ca_distance_8act_mean_ab"":13.755172794256788,""rigor_actin_min_heavy_distance_8efi_A"":15.519483385007032}",{}
B007,leave_one_variant_out,I457T,13,D239N|D778V|E497D|G741R|G768R|H251N|L781P|R249Q|R403Q|R453C|R663H|R719W|Y115H,I457T,adhikari2016|adhikari2019|kawana2017|morck2022|nag2015|nandwani2025|pathak2026|sarkar2020|sommese2013,,Scaling recomputed in retained cohort; study deletion uses union of outcome sources.,0.568640172901,0.0501418455193,estimated,estimated,,,3,1,"{""elc_min_heavy_distance_8act_mean_ab"":15.195509631550088,""relay_landmark_min_ca_distance_8act_mean_ab"":13.75014004739251,""rigor_actin_min_heavy_distance_8efi_A"":15.549655642590933}",{}
B007,leave_one_variant_out,L781P,13,D239N|D778V|E497D|G741R|G768R|H251N|I457T|R249Q|R403Q|R453C|R663H|R719W|Y115H,L781P,adhikari2016|adhikari2019|kawana2017|morck2022|nag2015|nandwani2025|pathak2026|sarkar2020|sommese2013,,Scaling recomputed in retained cohort; study deletion uses union of outcome sources.,0.494158873115,-0.0287461922654,estimated,estimated,,,3,1,"{""elc_min_heavy_distance_8act_mean_ab"":14.585867207141916,""relay_landmark_min_ca_distance_8act_mean_ab"":13.666680019974706,""rigor_actin_min_heavy_distance_8efi_A"":14.8141273124476}",{}
B007,leave_one_variant_out,R249Q,13,D239N|D778V|E497D|G741R|G768R|H251N|I457T|L781P|R403Q|R453C|R663H|R719W|Y115H,R249Q,adhikari2016|adhikari2019|kawana2017|morck2022|nag2015|nandwani2025|pathak2026|sarkar2020|sommese2013,,Scaling recomputed in retained cohort; study deletion uses union of outcome sources.,0.538095117776,0.0523668123144,estimated,estimated,,,3,1,"{""elc_min_heavy_distance_8act_mean_ab"":15.320242315053079,""relay_landmark_min_ca_distance_8act_mean_ab"":13.776567859606626,""rigor_actin_min_heavy_distance_8efi_A"":15.357046474951224}",{}
B007,leave_one_variant_out,R403Q,13,D239N|D778V|E497D|G741R|G768R|H251N|I457T|L781P|R249Q|R453C|R663H|R719W|Y115H,R403Q,adhikari2016|adhikari2019|kawana2017|morck2022|nandwani2025|pathak2026|sarkar2020|sommese2013,,Scaling recomputed in retained cohort; study deletion uses union of outcome sources.,0.514295484759,-0.074419679273,estimated,estimated,,,3,1,"{""elc_min_heavy_distance_8act_mean_ab"":9.421602943194163,""relay_landmark_min_ca_distance_8act_mean_ab"":9.366278719790374,""rigor_actin_min_heavy_distance_8efi_A"":12.35798757824528}",{}
B007,leave_one_variant_out,R453C,13,D239N|D778V|E497D|G741R|G768R|H251N|I457T|L781P|R249Q|R403Q|R663H|R719W|Y115H,R453C,adhikari2016|adhikari2019|kawana2017|morck2022|nag2015|nandwani2025|pathak2026|sarkar2020,,Scaling recomputed in retained cohort; study deletion uses union of outcome sources.,0.521551144999,0.0235400442023,estimated,estimated,,,3,1,"{""elc_min_heavy_distance_8act_mean_ab"":15.099402048684574,""relay_landmark_min_ca_distance_8act_mean_ab"":13.68146115494481,""rigor_actin_min_heavy_distance_8efi_A"":15.56074596636433}",{}
B007,leave_one_variant_out,R663H,13,D239N|D778V|E497D|G741R|G768R|H251N|I457T|L781P|R249Q|R403Q|R453C|R719W|Y115H,R663H,adhikari2016|adhikari2019|kawana2017|morck2022|nag2015|nandwani2025|pathak2026|sommese2013,,Scaling recomputed in retained cohort; study deletion uses union of outcome sources.,0.553861693777,0.0943711793258,estimated,estimated,,,3,1,"{""elc_min_heavy_distance_8act_mean_ab"":15.304899257912709,""relay_landmark_min_ca_distance_8act_mean_ab"":13.309283040692039,""rigor_actin_min_heavy_distance_8efi_A"":14.379263312087922}",{}
B007,leave_one_variant_out,R719W,13,D239N|D778V|E497D|G741R|G768R|H251N|I457T|L781P|R249Q|R403Q|R453C|R663H|Y115H,R719W,adhikari2016|adhikari2019|kawana2017|morck2022|nag2015|nandwani2025|pathak2026|sarkar2020|sommese2013,,Scaling recomputed in retained cohort; study deletion uses union of outcome sources.,0.486645273856,-0.0536595757982,estimated,estimated,,,3,1,"{""elc_min_heavy_distance_8act_mean_ab"":14.820074569367401,""relay_landmark_min_ca_distance_8act_mean_ab"":13.61969273818752,""rigor_actin_min_heavy_distance_8efi_A"":14.292159863262127}",{}
B007,leave_one_variant_out,Y115H,13,D239N|D778V|E497D|G741R|G768R|H251N|I457T|L781P|R249Q|R403Q|R453C|R663H|R719W,Y115H,adhikari2016|adhikari2019|kawana2017|morck2022|nag2015|nandwani2025|pathak2026|sarkar2020|sommese2013,,Scaling recomputed in retained cohort; study deletion uses union of outcome sources.,0.506454254161,0.0108740912088,estimated,estimated,,,3,1,"{""elc_min_heavy_distance_8act_mean_ab"":15.268378917147468,""relay_landmark_min_ca_distance_8act_mean_ab"":13.77867660184045,""rigor_actin_min_heavy_distance_8efi_A"":15.388788154395646}",{}
B007,leave_one_study_out,adhikari2016,12,D778V|E497D|G741R|G768R|I457T|L781P|R249Q|R403Q|R453C|R663H|R719W|Y115H,D239N|H251N,adhikari2019|kawana2017|morck2022|nag2015|nandwani2025|pathak2026|sarkar2020|sommese2013,,Scaling recomputed in retained cohort; study deletion uses union of outcome sources.,0.521364150199,-0.0616594817098,estimated,estimated,,,3,1,"{""elc_min_heavy_distance_8act_mean_ab"":14.731721113473888,""relay_landmark_min_ca_distance_8act_mean_ab"":13.969743123673881,""rigor_actin_min_heavy_distance_8efi_A"":16.163167708622147}",{}
B007,leave_one_study_out,adhikari2019,12,D239N|D778V|E497D|G741R|G768R|H251N|L781P|R403Q|R453C|R663H|R719W|Y115H,I457T|R249Q,adhikari2016|kawana2017|morck2022|nag2015|nandwani2025|pathak2026|sarkar2020|sommese2013,,Scaling recomputed in retained cohort; study deletion uses union of outcome sources.,0.596031533019,0.0850351230814,estimated,estimated,,,3,1,"{""elc_min_heavy_distance_8act_mean_ab"":15.870311005709532,""relay_landmark_min_ca_distance_8act_mean_ab"":14.360380405874606,""rigor_actin_min_heavy_distance_8efi_A"":15.974552052681451}",{}
B007,leave_one_study_out,kawana2017,12,D239N|D778V|E497D|G768R|H251N|I457T|L781P|R249Q|R403Q|R453C|R663H|Y115H,G741R|R719W,adhikari2016|adhikari2019|morck2022|nag2015|nandwani2025|pathak2026|sarkar2020|sommese2013,,Scaling recomputed in retained cohort; study deletion uses union of outcome sources.,0.472530585246,-0.0949079082944,estimated,estimated,,,3,1,"{""elc_min_heavy_distance_8act_mean_ab"":15.308476989194636,""relay_landmark_min_ca_distance_8act_mean_ab"":14.009111511737075,""rigor_actin_min_heavy_distance_8efi_A"":13.09372123069385}",{}
B007,leave_one_study_out,morck2022,12,D239N|E497D|G741R|G768R|H251N|I457T|R249Q|R403Q|R453C|R663H|R719W|Y115H,D778V|L781P,adhikari2016|adhikari2019|kawana2017|nag2015|nandwani2025|pathak2026|sarkar2020|sommese2013,,Scaling recomputed in retained cohort; study deletion uses union of outcome sources.,0.510443237542,-0.00883086686171,estimated,estimated,,,3,1,"{""elc_min_heavy_distance_8act_mean_ab"":14.558833343512168,""relay_landmark_min_ca_distance_8act_mean_ab"":14.228007642777987,""rigor_actin_min_heavy_distance_8efi_A"":14.999458350975436}",{}
B007,leave_one_study_out,nag2015,13,D239N|D778V|E497D|G741R|G768R|H251N|I457T|L781P|R249Q|R453C|R663H|R719W|Y115H,R403Q,adhikari2016|adhikari2019|kawana2017|morck2022|nandwani2025|pathak2026|sarkar2020|sommese2013,,Scaling recomputed in retained cohort; study deletion uses union of outcome sources.,0.514295484759,-0.074419679273,estimated,estimated,,,3,1,"{""elc_min_heavy_distance_8act_mean_ab"":9.421602943194163,""relay_landmark_min_ca_distance_8act_mean_ab"":9.366278719790374,""rigor_actin_min_heavy_distance_8efi_A"":12.35798757824528}",{}
B007,leave_one_study_out,nandwani2025,12,D239N|D778V|G741R|G768R|H251N|I457T|L781P|R249Q|R403Q|R453C|R663H|R719W,E497D|Y115H,adhikari2016|adhikari2019|kawana2017|morck2022|nag2015|pathak2026|sarkar2020|sommese2013,,Scaling recomputed in retained cohort; study deletion uses union of outcome sources.,0.541880801147,0.0675645595142,estimated,estimated,,,3,1,"{""elc_min_heavy_distance_8act_mean_ab"":15.902886643633954,""relay_landmark_min_ca_distance_8act_mean_ab"":12.021251146076656,""rigor_actin_min_heavy_distance_8efi_A"":16.046975756067646}",{}
B007,leave_one_study_out,pathak2026,13,D239N|D778V|E497D|G741R|H251N|I457T|L781P|R249Q|R403Q|R453C|R663H|R719W|Y115H,G768R,adhikari2016|adhikari2019|kawana2017|morck2022|nag2015|nandwani2025|sarkar2020|sommese2013,,Scaling recomputed in retained cohort; study deletion uses union of outcome sources.,0.521578605517,0.0187326656348,estimated,estimated,,,3,1,"{""elc_min_heavy_distance_8act_mean_ab"":15.313623030453549,""relay_landmark_min_ca_distance_8act_mean_ab"":13.581548810473363,""rigor_actin_min_heavy_distance_8efi_A"":15.571226126734858}",{}
B007,leave_one_study_out,sarkar2020,13,D239N|D778V|E497D|G741R|G768R|H251N|I457T|L781P|R249Q|R403Q|R453C|R719W|Y115H,R663H,adhikari2016|adhikari2019|kawana2017|morck2022|nag2015|nandwani2025|pathak2026|sommese2013,,Scaling recomputed in retained cohort; study deletion uses union of outcome sources.,0.553861693777,0.0943711793258,estimated,estimated,,,3,1,"{""elc_min_heavy_distance_8act_mean_ab"":15.304899257912709,""relay_landmark_min_ca_distance_8act_mean_ab"":13.309283040692039,""rigor_actin_min_heavy_distance_8efi_A"":14.379263312087922}",{}
B007,leave_one_study_out,sommese2013,13,D239N|D778V|E497D|G741R|G768R|H251N|I457T|L781P|R249Q|R403Q|R663H|R719W|Y115H,R453C,adhikari2016|adhikari2019|kawana2017|morck2022|nag2015|nandwani2025|pathak2026|sarkar2020,,Scaling recomputed in retained cohort; study deletion uses union of outcome sources.,0.521551144999,0.0235400442023,estimated,estimated,,,3,1,"{""elc_min_heavy_distance_8act_mean_ab"":15.099402048684574,""relay_landmark_min_ca_distance_8act_mean_ab"":13.68146115494481,""rigor_actin_min_heavy_distance_8efi_A"":15.56074596636433}",{}
B008,leave_one_variant_out,D382Y,12,D778V|E497D|G768R|H251N|I457T|L781P|P710R|R249Q|R403Q|R663H|R719W|Y115H,D382Y,adhikari2019|morck2022|nandwani2025|pathak2026|sarkar2020|vanderroest2021,,Scaling recomputed in retained cohort; study deletion uses union of outcome sources.,0.474676328467,-0.0891658526518,estimated,estimated,,,3,1,"{""elc_min_heavy_distance_8act_mean_ab"":14.50742276896653,""relay_landmark_min_ca_distance_8act_mean_ab"":14.484550358955406,""rigor_actin_min_heavy_distance_8efi_A"":14.932510837822733}",{}
B008,leave_one_variant_out,D778V,12,D382Y|E497D|G768R|H251N|I457T|L781P|P710R|R249Q|R403Q|R663H|R719W|Y115H,D778V,adhikari2019|morck2022|nandwani2025|pathak2026|sarkar2020|vanderroest2021,,Scaling recomputed in retained cohort; study deletion uses union of outcome sources.,0.482033442623,-0.0144400728393,estimated,estimated,,,3,1,"{""elc_min_heavy_distance_8act_mean_ab"":17.841852299084955,""relay_landmark_min_ca_distance_8act_mean_ab"":18.560137952046976,""rigor_actin_min_heavy_distance_8efi_A"":14.988762932423453}",{}
B008,leave_one_variant_out,E497D,12,D382Y|D778V|G768R|H251N|I457T|L781P|P710R|R249Q|R403Q|R663H|R719W|Y115H,E497D,adhikari2019|morck2022|nandwani2025|pathak2026|sarkar2020|vanderroest2021,,Scaling recomputed in retained cohort; study deletion uses union of outcome sources.,0.47711675122,-0.0126709697372,estimated,estimated,,,3,1,"{""elc_min_heavy_distance_8act_mean_ab"":18.511845450558184,""relay_landmark_min_ca_distance_8act_mean_ab"":16.655897276332226,""rigor_actin_min_heavy_distance_8efi_A"":15.51059892201156}",{}
B008,leave_one_variant_out,G768R,12,D382Y|D778V|E497D|H251N|I457T|L781P|P710R|R249Q|R403Q|R663H|R719W|Y115H,G768R,adhikari2019|morck2022|nandwani2025|sarkar2020|vanderroest2021,,Scaling recomputed in retained cohort; study deletion uses union of outcome sources.,0.458490273799,-0.0746862082708,estimated,estimated,,,3,1,"{""elc_min_heavy_distance_8act_mean_ab"":18.4675620372209,""relay_landmark_min_ca_distance_8act_mean_ab"":18.36969367985947,""rigor_actin_min_heavy_distance_8efi_A"":15.446663694396152}",{}
B008,leave_one_variant_out,H251N,12,D382Y|D778V|E497D|G768R|I457T|L781P|P710R|R249Q|R403Q|R663H|R719W|Y115H,H251N,adhikari2019|morck2022|nandwani2025|pathak2026|sarkar2020|vanderroest2021,,Scaling recomputed in retained cohort; study deletion uses union of outcome sources.,0.461860196991,-0.0335288271034,estimated,estimated,,,3,1,"{""elc_min_heavy_distance_8act_mean_ab"":18.348720361312832,""relay_landmark_min_ca_distance_8act_mean_ab"":18.56561481266199,""rigor_actin_min_heavy_distance_8efi_A"":15.487931246568557}",{}
B008,leave_one_variant_out,I457T,12,D382Y|D778V|E497D|G768R|H251N|L781P|P710R|R249Q|R403Q|R663H|R719W|Y115H,I457T,adhikari2019|morck2022|nandwani2025|pathak2026|sarkar2020|vanderroest2021,,Scaling recomputed in retained cohort; study deletion uses union of outcome sources.,0.486855873641,-0.0370783914439,estimated,estimated,,,3,1,"{""elc_min_heavy_distance_8act_mean_ab"":18.28872467722864,""relay_landmark_min_ca_distance_8act_mean_ab"":18.531948270702074,""rigor_actin_min_heavy_distance_8efi_A"":15.506644414541382}",{}
B008,leave_one_variant_out,L781P,12,D382Y|D778V|E497D|G768R|H251N|I457T|P710R|R249Q|R403Q|R663H|R719W|Y115H,L781P,adhikari2019|morck2022|nandwani2025|pathak2026|sarkar2020|vanderroest2021,,Scaling recomputed in retained cohort; study deletion uses union of outcome sources.,0.48511726432,-0.0186474875668,estimated,estimated,,,3,1,"{""elc_min_heavy_distance_8act_mean_ab"":17.600543680224966,""relay_landmark_min_ca_distance_8act_mean_ab"":18.510372959204133,""rigor_actin_min_heavy_distance_8efi_A"":14.42768510363547}",{}
B008,leave_one_variant_out,P710R,12,D382Y|D778V|E497D|G768R|H251N|I457T|L781P|R249Q|R403Q|R663H|R719W|Y115H,P710R,adhikari2019|morck2022|nandwani2025|pathak2026|sarkar2020,,Scaling recomputed in retained cohort; study deletion uses union of outcome sources.,0.456958194531,-0.0403656414028,estimated,estimated,,,3,1,"{""elc_min_heavy_distance_8act_mean_ab"":18.49285730963735,""relay_landmark_min_ca_distance_8act_mean_ab"":17.73303884383241,""rigor_actin_min_heavy_distance_8efi_A"":15.39496972204837}",{}
B008,leave_one_variant_out,R249Q,12,D382Y|D778V|E497D|G768R|H251N|I457T|L781P|P710R|R403Q|R663H|R719W|Y115H,R249Q,adhikari2019|morck2022|nandwani2025|pathak2026|sarkar2020|vanderroest2021,,Scaling recomputed in retained cohort; study deletion uses union of outcome sources.,0.479433699293,-0.0126369043253,estimated,estimated,,,3,1,"{""elc_min_heavy_distance_8act_mean_ab"":18.494397181013888,""relay_landmark_min_ca_distance_8act_mean_ab"":18.57321390161933,""rigor_actin_min_heavy_distance_8efi_A"":15.359084130350524}",{}
B008,leave_one_variant_out,R403Q,12,D382Y|D778V|E497D|G768R|H251N|I457T|L781P|P710R|R249Q|R663H|R719W|Y115H,R403Q,adhikari2019|morck2022|nandwani2025|pathak2026|sarkar2020|vanderroest2021,,Scaling recomputed in retained cohort; study deletion uses union of outcome sources.,0.485653435311,-0.111953712231,estimated,estimated,,,3,1,"{""elc_min_heavy_distance_8act_mean_ab"":14.247260438678653,""relay_landmark_min_ca_distance_8act_mean_ab"":15.470939458026649,""rigor_actin_min_heavy_distance_8efi_A"":12.387795332552304}",{}
B008,leave_one_variant_out,R663H,12,D382Y|D778V|E497D|G768R|H251N|I457T|L781P|P710R|R249Q|R403Q|R719W|Y115H,R663H,adhikari2019|morck2022|nandwani2025|pathak2026|sarkar2020|vanderroest2021,,Scaling recomputed in retained cohort; study deletion uses union of outcome sources.,0.442437066797,-0.0524997355031,estimated,estimated,,,3,1,"{""elc_min_heavy_distance_8act_mean_ab"":18.513244163192045,""relay_landmark_min_ca_distance_8act_mean_ab"":18.12746521972964,""rigor_actin_min_heavy_distance_8efi_A"":14.4319919360836}",{}
B008,leave_one_variant_out,R719W,12,D382Y|D778V|E497D|G768R|H251N|I457T|L781P|P710R|R249Q|R403Q|R663H|Y115H,R719W,adhikari2019|morck2022|nandwani2025|pathak2026|sarkar2020|vanderroest2021,,Scaling recomputed in retained cohort; study deletion uses union of outcome sources.,0.453084281833,-0.0227721522047,estimated,estimated,,,3,1,"{""elc_min_heavy_distance_8act_mean_ab"":17.853282612551062,""relay_landmark_min_ca_distance_8act_mean_ab"":18.404803780946132,""rigor_actin_min_heavy_distance_8efi_A"":13.773968136605246}",{}
B008,leave_one_variant_out,Y115H,12,D382Y|D778V|E497D|G768R|H251N|I457T|L781P|P710R|R249Q|R403Q|R663H|R719W,Y115H,adhikari2019|morck2022|nandwani2025|pathak2026|sarkar2020|vanderroest2021,,Scaling recomputed in retained cohort; study deletion uses union of outcome sources.,0.465896345009,-0.0302652342711,estimated,estimated,,,3,1,"{""elc_min_heavy_distance_8act_mean_ab"":18.50720690689342,""relay_landmark_min_ca_distance_8act_mean_ab"":18.570092991221042,""rigor_actin_min_heavy_distance_8efi_A"":15.173438528646052}",{}
B008,leave_one_study_out,adhikari2019,8,D778V|E497D|G768R|L781P|P710R|R403Q|R663H|Y115H,D382Y|H251N|I457T|R249Q|R719W,morck2022|nandwani2025|pathak2026|sarkar2020|vanderroest2021,,Scaling recomputed in retained cohort; study deletion uses union of outcome sources.,0.565498792194,0.0719592568553,estimated,estimated,,,3,1,"{""elc_min_heavy_distance_8act_mean_ab"":17.029558740792215,""relay_landmark_min_ca_distance_8act_mean_ab"":17.934365116465013,""rigor_actin_min_heavy_distance_8efi_A"":16.40705987849608}",{}
B008,leave_one_study_out,morck2022,11,D382Y|E497D|G768R|H251N|I457T|P710R|R249Q|R403Q|R663H|R719W|Y115H,D778V|L781P,adhikari2019|nandwani2025|pathak2026|sarkar2020|vanderroest2021,,Scaling recomputed in retained cohort; study deletion uses union of outcome sources.,0.538867482874,0.0563793049801,estimated,estimated,,,3,1,"{""elc_min_heavy_distance_8act_mean_ab"":17.55598855101139,""relay_landmark_min_ca_distance_8act_mean_ab"":19.39435783159842,""rigor_actin_min_heavy_distance_8efi_A"":14.372513162534911}",{}
B008,leave_one_study_out,nandwani2025,11,D382Y|D778V|G768R|H251N|I457T|L781P|P710R|R249Q|R403Q|R663H|R719W,E497D|Y115H,adhikari2019|morck2022|pathak2026|sarkar2020|vanderroest2021,,Scaling recomputed in retained cohort; study deletion uses union of outcome sources.,0.492383618268,-0.00235861376573,estimated,estimated,,,3,1,"{""elc_min_heavy_distance_8act_mean_ab"":19.408031691023034,""relay_landmark_min_ca_distance_8act_mean_ab"":17.435204226443805,""rigor_actin_min_heavy_distance_8efi_A"":15.912165312691645}",{}
B008,leave_one_study_out,pathak2026,12,D382Y|D778V|E497D|H251N|I457T|L781P|P710R|R249Q|R403Q|R663H|R719W|Y115H,G768R,adhikari2019|morck2022|nandwani2025|sarkar2020|vanderroest2021,,Scaling recomputed in retained cohort; study deletion uses union of outcome sources.,0.458490273799,-0.0746862082708,estimated,estimated,,,3,1,"{""elc_min_heavy_distance_8act_mean_ab"":18.4675620372209,""relay_landmark_min_ca_distance_8act_mean_ab"":18.36969367985947,""rigor_actin_min_heavy_distance_8efi_A"":15.446663694396152}",{}
B008,leave_one_study_out,sarkar2020,11,D382Y|D778V|E497D|G768R|H251N|I457T|L781P|P710R|R249Q|R719W|Y115H,R403Q|R663H,adhikari2019|morck2022|nandwani2025|pathak2026|vanderroest2021,,Scaling recomputed in retained cohort; study deletion uses union of outcome sources.,0.475249487093,-0.150792313444,estimated,estimated,,,3,1,"{""elc_min_heavy_distance_8act_mean_ab"":14.914547972608084,""relay_landmark_min_ca_distance_8act_mean_ab"":15.875226303135424,""rigor_actin_min_heavy_distance_8efi_A"":11.055810616024925}",{}
B008,leave_one_study_out,vanderroest2021,12,D382Y|D778V|E497D|G768R|H251N|I457T|L781P|R249Q|R403Q|R663H|R719W|Y115H,P710R,adhikari2019|morck2022|nandwani2025|pathak2026|sarkar2020,,Scaling recomputed in retained cohort; study deletion uses union of outcome sources.,0.456958194531,-0.0403656414028,estimated,estimated,,,3,1,"{""elc_min_heavy_distance_8act_mean_ab"":18.49285730963735,""relay_landmark_min_ca_distance_8act_mean_ab"":17.73303884383241,""rigor_actin_min_heavy_distance_8efi_A"":15.39496972204837}",{}
B009,leave_one_variant_out,D239N,11,D778V|E497D|G768R|H251N|I457T|L781P|P710R|R403Q|R453C|R663H|Y115H,D239N,adhikari2016|adhikari2019|morck2022|nag2015|nandwani2025|pathak2026|sarkar2020|sommese2013|vanderroest2021,,Scaling recomputed in retained cohort; study deletion uses union of outcome sources.,0.542827839682,0.132579549594,estimated,estimated,,,3,1,"{""elc_min_heavy_distance_8act_mean_ab"":14.912721243700995,""relay_landmark_min_ca_distance_8act_mean_ab"":15.246406602831396,""rigor_actin_min_heavy_distance_8efi_A"":13.782869412944862}",{}
B009,leave_one_variant_out,D778V,11,D239N|E497D|G768R|H251N|I457T|L781P|P710R|R403Q|R453C|R663H|Y115H,D778V,adhikari2016|adhikari2019|morck2022|nag2015|nandwani2025|pathak2026|sarkar2020|sommese2013|vanderroest2021,,Scaling recomputed in retained cohort; study deletion uses union of outcome sources.,0.591699951121,0.204308144018,estimated,estimated,,,3,1,"{""elc_min_heavy_distance_8act_mean_ab"":15.306203089554328,""relay_landmark_min_ca_distance_8act_mean_ab"":15.611690237292754,""rigor_actin_min_heavy_distance_8efi_A"":13.075035403813617}",{}
B009,leave_one_variant_out,E497D,11,D239N|D778V|G768R|H251N|I457T|L781P|P710R|R403Q|R453C|R663H|Y115H,E497D,adhikari2016|adhikari2019|morck2022|nag2015|nandwani2025|pathak2026|sarkar2020|sommese2013|vanderroest2021,,Scaling recomputed in retained cohort; study deletion uses union of outcome sources.,0.544717180571,0.060489144131,estimated,estimated,,,3,1,"{""elc_min_heavy_distance_8act_mean_ab"":16.044893437572167,""relay_landmark_min_ca_distance_8act_mean_ab"":13.310504205037127,""rigor_actin_min_heavy_distance_8efi_A"":13.782425333369458}",{}
B009,leave_one_variant_out,G768R,11,D239N|D778V|E497D|H251N|I457T|L781P|P710R|R403Q|R453C|R663H|Y115H,G768R,adhikari2016|adhikari2019|morck2022|nag2015|nandwani2025|sarkar2020|sommese2013|vanderroest2021,,Scaling recomputed in retained cohort; study deletion uses union of outcome sources.,0.520672869267,-0.0198537307498,estimated,estimated,,,3,1,"{""elc_min_heavy_distance_8act_mean_ab"":16.024090943740788,""relay_landmark_min_ca_distance_8act_mean_ab"":15.456910670890695,""rigor_actin_min_heavy_distance_8efi_A"":13.680586574601033}",{}
B009,leave_one_variant_out,H251N,11,D239N|D778V|E497D|G768R|I457T|L781P|P710R|R403Q|R453C|R663H|Y115H,H251N,adhikari2016|adhikari2019|morck2022|nag2015|nandwani2025|pathak2026|sarkar2020|sommese2013|vanderroest2021,,Scaling recomputed in retained cohort; study deletion uses union of outcome sources.,0.542282224498,0.0441343872869,estimated,estimated,,,3,1,"{""elc_min_heavy_distance_8act_mean_ab"":15.89900273615772,""relay_landmark_min_ca_distance_8act_mean_ab"":15.62347534735062,""rigor_actin_min_heavy_distance_8efi_A"":13.759378528612325}",{}
B009,leave_one_variant_out,I457T,11,D239N|D778V|E497D|G768R|H251N|L781P|P710R|R403Q|R453C|R663H|Y115H,I457T,adhikari2016|morck2022|nag2015|nandwani2025|pathak2026|sarkar2020|sommese2013|vanderroest2021,,Scaling recomputed in retained cohort; study deletion uses union of outcome sources.,0.608089334864,0.142499173108,estimated,estimated,,,3,1,"{""elc_min_heavy_distance_8act_mean_ab"":15.831804054371327,""relay_landmark_min_ca_distance_8act_mean_ab"":15.628350316749321,""rigor_actin_min_heavy_distance_8efi_A"":13.778702139490584}",{}
B009,leave_one_variant_out,L781P,11,D239N|D778V|E497D|G768R|H251N|I457T|P710R|R403Q|R453C|R663H|Y115H,L781P,adhikari2016|adhikari2019|morck2022|nag2015|nandwani2025|pathak2026|sarkar2020|sommese2013|vanderroest2021,,Scaling recomputed in retained cohort; study deletion uses union of outcome sources.,0.559122660942,0.104774994828,estimated,estimated,,,3,1,"{""elc_min_heavy_distance_8act_mean_ab"":15.013155249847596,""relay_landmark_min_ca_distance_8act_mean_ab"":15.522999195833236,""rigor_actin_min_heavy_distance_8efi_A"":12.335366107078462}",{}
B009,leave_one_variant_out,P710R,11,D239N|D778V|E497D|G768R|H251N|I457T|L781P|R403Q|R453C|R663H|Y115H,P710R,adhikari2016|adhikari2019|morck2022|nag2015|nandwani2025|pathak2026|sarkar2020|sommese2013,,Scaling recomputed in retained cohort; study deletion uses union of outcome sources.,0.504347535734,-0.0439966107256,estimated,estimated,,,3,1,"{""elc_min_heavy_distance_8act_mean_ab"":16.046554312106487,""relay_landmark_min_ca_distance_8act_mean_ab"":14.692345346262636,""rigor_actin_min_heavy_distance_8efi_A"":13.610753113402701}",{}
B009,leave_one_variant_out,R403Q,11,D239N|D778V|E497D|G768R|H251N|I457T|L781P|P710R|R453C|R663H|Y115H,R403Q,adhikari2016|adhikari2019|morck2022|nandwani2025|pathak2026|sarkar2020|sommese2013|vanderroest2021,,Scaling recomputed in retained cohort; study deletion uses union of outcome sources.,0.577486895551,0.00563830567696,estimated,estimated,,,3,1,"{""elc_min_heavy_distance_8act_mean_ab"":9.704860345967289,""relay_landmark_min_ca_distance_8act_mean_ab"":10.907618477593207,""rigor_actin_min_heavy_distance_8efi_A"":9.80449123561634}",{}
B009,leave_one_variant_out,R453C,11,D239N|D778V|E497D|G768R|H251N|I457T|L781P|P710R|R403Q|R663H|Y115H,R453C,adhikari2016|adhikari2019|morck2022|nag2015|nandwani2025|pathak2026|sarkar2020|vanderroest2021,,Scaling recomputed in retained cohort; study deletion uses union of outcome sources.,0.563281952778,0.115897232868,estimated,estimated,,,3,1,"{""elc_min_heavy_distance_8act_mean_ab"":15.695905203627088,""relay_landmark_min_ca_distance_8act_mean_ab"":15.539546216246366,""rigor_actin_min_heavy_distance_8efi_A"":13.783932647072227}",{}
B009,leave_one_variant_out,R663H,11,D239N|D778V|E497D|G768R|H251N|I457T|L781P|P710R|R403Q|R453C|Y115H,R663H,adhikari2016|adhikari2019|morck2022|nag2015|nandwani2025|pathak2026|sommese2013|vanderroest2021,,Scaling recomputed in retained cohort; study deletion uses union of outcome sources.,0.538288301194,0.0590293639532,estimated,estimated,,,3,1,"{""elc_min_heavy_distance_8act_mean_ab"":16.055149238566376,""relay_landmark_min_ca_distance_8act_mean_ab"":15.174051088357299,""rigor_actin_min_heavy_distance_8efi_A"":12.480186200460995}",{}
B009,leave_one_variant_out,Y115H,11,D239N|D778V|E497D|G768R|H251N|I457T|L781P|P710R|R403Q|R453C|R663H,Y115H,adhikari2016|adhikari2019|morck2022|nag2015|nandwani2025|pathak2026|sarkar2020|sommese2013|vanderroest2021,,Scaling recomputed in retained cohort; study deletion uses union of outcome sources.,0.536883808999,0.0461860953793,estimated,estimated,,,3,1,"{""elc_min_heavy_distance_8act_mean_ab"":16.033655350134755,""relay_landmark_min_ca_distance_8act_mean_ab"":15.653708962011194,""rigor_actin_min_heavy_distance_8efi_A"":13.317593047991808}",{}
B009,leave_one_study_out,adhikari2016,10,D778V|E497D|G768R|I457T|L781P|P710R|R403Q|R453C|R663H|Y115H,D239N|H251N,adhikari2019|morck2022|nag2015|nandwani2025|pathak2026|sarkar2020|sommese2013|vanderroest2021,,Scaling recomputed in retained cohort; study deletion uses union of outcome sources.,0.545084708215,0.0724791679263,estimated,estimated,,,3,1,"{""elc_min_heavy_distance_8act_mean_ab"":15.615539726629063,""relay_landmark_min_ca_distance_8act_mean_ab"":16.012453402426598,""rigor_actin_min_heavy_distance_8efi_A"":14.495832173227065}",{}
B009,leave_one_study_out,adhikari2019,11,D239N|D778V|E497D|G768R|H251N|L781P|P710R|R403Q|R453C|R663H|Y115H,I457T,adhikari2016|morck2022|nag2015|nandwani2025|pathak2026|sarkar2020|sommese2013|vanderroest2021,,Scaling recomputed in retained cohort; study deletion uses union of outcome sources.,0.608089334864,0.142499173108,estimated,estimated,,,3,1,"{""elc_min_heavy_distance_8act_mean_ab"":15.831804054371327,""relay_landmark_min_ca_distance_8act_mean_ab"":15.628350316749321,""rigor_actin_min_heavy_distance_8efi_A"":13.778702139490584}",{}
B009,leave_one_study_out,morck2022,10,D239N|E497D|G768R|H251N|I457T|P710R|R403Q|R453C|R663H|Y115H,D778V|L781P,adhikari2016|adhikari2019|nag2015|nandwani2025|pathak2026|sarkar2020|sommese2013|vanderroest2021,,Scaling recomputed in retained cohort; study deletion uses union of outcome sources.,0.597605915077,0.202619224971,estimated,estimated,,,3,1,"{""elc_min_heavy_distance_8act_mean_ab"":14.769458149716856,""relay_landmark_min_ca_distance_8act_mean_ab"":16.301934190748153,""rigor_actin_min_heavy_distance_8efi_A"":11.906879787702657}",{}
B009,leave_one_study_out,nag2015,11,D239N|D778V|E497D|G768R|H251N|I457T|L781P|P710R|R453C|R663H|Y115H,R403Q,adhikari2016|adhikari2019|morck2022|nandwani2025|pathak2026|sarkar2020|sommese2013|vanderroest2021,,Scaling recomputed in retained cohort; study deletion uses union of outcome sources.,0.577486895551,0.00563830567696,estimated,estimated,,,3,1,"{""elc_min_heavy_distance_8act_mean_ab"":9.704860345967289,""relay_landmark_min_ca_distance_8act_mean_ab"":10.907618477593207,""rigor_actin_min_heavy_distance_8efi_A"":9.80449123561634}",{}
B009,leave_one_study_out,nandwani2025,10,D239N|D778V|G768R|H251N|I457T|L781P|P710R|R403Q|R453C|R663H,E497D|Y115H,adhikari2016|adhikari2019|morck2022|nag2015|pathak2026|sarkar2020|sommese2013|vanderroest2021,,Scaling recomputed in retained cohort; study deletion uses union of outcome sources.,0.542258338136,0.0189497113618,estimated,estimated,,,3,1,"{""elc_min_heavy_distance_8act_mean_ab"":16.884898429415944,""relay_landmark_min_ca_distance_8act_mean_ab"":14.010912693287034,""rigor_actin_min_heavy_distance_8efi_A"":14.037825926375756}",{}
B009,leave_one_study_out,pathak2026,11,D239N|D778V|E497D|H251N|I457T|L781P|P710R|R403Q|R453C|R663H|Y115H,G768R,adhikari2016|adhikari2019|morck2022|nag2015|nandwani2025|sarkar2020|sommese2013|vanderroest2021,,Scaling recomputed in retained cohort; study deletion uses union of outcome sources.,0.520672869267,-0.0198537307498,estimated,estimated,,,3,1,"{""elc_min_heavy_distance_8act_mean_ab"":16.024090943740788,""relay_landmark_min_ca_distance_8act_mean_ab"":15.456910670890695,""rigor_actin_min_heavy_distance_8efi_A"":13.680586574601033}",{}
B009,leave_one_study_out,sarkar2020,11,D239N|D778V|E497D|G768R|H251N|I457T|L781P|P710R|R403Q|R453C|Y115H,R663H,adhikari2016|adhikari2019|morck2022|nag2015|nandwani2025|pathak2026|sommese2013|vanderroest2021,,Scaling recomputed in retained cohort; study deletion uses union of outcome sources.,0.538288301194,0.0590293639532,estimated,estimated,,,3,1,"{""elc_min_heavy_distance_8act_mean_ab"":16.055149238566376,""relay_landmark_min_ca_distance_8act_mean_ab"":15.174051088357299,""rigor_actin_min_heavy_distance_8efi_A"":12.480186200460995}",{}
B009,leave_one_study_out,sommese2013,11,D239N|D778V|E497D|G768R|H251N|I457T|L781P|P710R|R403Q|R663H|Y115H,R453C,adhikari2016|adhikari2019|morck2022|nag2015|nandwani2025|pathak2026|sarkar2020|vanderroest2021,,Scaling recomputed in retained cohort; study deletion uses union of outcome sources.,0.563281952778,0.115897232868,estimated,estimated,,,3,1,"{""elc_min_heavy_distance_8act_mean_ab"":15.695905203627088,""relay_landmark_min_ca_distance_8act_mean_ab"":15.539546216246366,""rigor_actin_min_heavy_distance_8efi_A"":13.783932647072227}",{}
B009,leave_one_study_out,vanderroest2021,11,D239N|D778V|E497D|G768R|H251N|I457T|L781P|R403Q|R453C|R663H|Y115H,P710R,adhikari2016|adhikari2019|morck2022|nag2015|nandwani2025|pathak2026|sarkar2020|sommese2013,,Scaling recomputed in retained cohort; study deletion uses union of outcome sources.,0.504347535734,-0.0439966107256,estimated,estimated,,,3,1,"{""elc_min_heavy_distance_8act_mean_ab"":16.046554312106487,""relay_landmark_min_ca_distance_8act_mean_ab"":14.692345346262636,""rigor_actin_min_heavy_distance_8efi_A"":13.610753113402701}",{}
B009,exclude_morck_shared_WT,,10,D239N|E497D|G768R|H251N|I457T|P710R|R403Q|R453C|R663H|Y115H,D778V|L781P,adhikari2016|adhikari2019|nag2015|nandwani2025|pathak2026|sarkar2020|sommese2013|vanderroest2021,,Drops primary Morck variants with reused slide/channel WT records; no independence claim for remainder.,0.597605915077,0.202619224971,estimated,estimated,,,3,1,"{""elc_min_heavy_distance_8act_mean_ab"":14.769458149716856,""relay_landmark_min_ca_distance_8act_mean_ab"":16.301934190748153,""rigor_actin_min_heavy_distance_8efi_A"":11.906879787702657}",{}
B010,leave_one_variant_out,D778V,10,E497D|G768R|H251N|I457T|L781P|R249Q|R403Q|R663H|R719W|Y115H,D778V,adhikari2016|adhikari2019|kawana2017|morck2022|nag2015|nandwani2025|pathak2026|sarkar2020,,Scaling recomputed in retained cohort; study deletion uses union of outcome sources.,0.595278424429,-0.0252510143402,estimated,estimated,,,10,1,"{""adp_adenine_ca_distance_8efe_A"":12.683665340353203,""adp_rigor_ca_shift_A"":3.460615256864015,""catalytic_motif_min_ca_distance_8act_mean_ab"":11.022808596691771,""delta_charge"":0.6749485577105528,""elc_min_heavy_distance_8act_mean_ab"":15.414584641208986,""grantham_distance"":31.641042264052487,""ihm_interface_flag_8act"":0.31622776601683794,""relay_landmark_min_ca_distance_8act_mean_ab"":15.130910711157341,""rigor_actin_min_heavy_distance_8efi_A"":15.852566415667933,""wt_site_rsa_8act_mean_ab"":0.22036814638687524}",{}
B010,leave_one_variant_out,E497D,10,D778V|G768R|H251N|I457T|L781P|R249Q|R403Q|R663H|R719W|Y115H,E497D,adhikari2016|adhikari2019|kawana2017|morck2022|nag2015|nandwani2025|pathak2026|sarkar2020,,Scaling recomputed in retained cohort; study deletion uses union of outcome sources.,0.573393216874,-0.105273646125,estimated,estimated,,,10,1,"{""adp_adenine_ca_distance_8efe_A"":12.984679210746013,""adp_rigor_ca_shift_A"":3.9422010231403983,""catalytic_motif_min_ca_distance_8act_mean_ab"":11.661084587972466,""delta_charge"":0.7888106377466155,""elc_min_heavy_distance_8act_mean_ab"":15.980529302592064,""grantham_distance"":38.659338386015406,""ihm_interface_flag_8act"":0.31622776601683794,""relay_landmark_min_ca_distance_8act_mean_ab"":12.569866495025652,""rigor_actin_min_heavy_distance_8efi_A"":16.393271643019993,""wt_site_rsa_8act_mean_ab"":0.21779947960918342}",{}
B010,leave_one_variant_out,G768R,10,D778V|E497D|H251N|I457T|L781P|R249Q|R403Q|R663H|R719W|Y115H,G768R,adhikari2016|adhikari2019|kawana2017|morck2022|nag2015|nandwani2025|sarkar2020,,Scaling recomputed in retained cohort; study deletion uses union of outcome sources.,0.594914949969,-0.00130900095739,estimated,estimated,,,10,1,"{""adp_adenine_ca_distance_8efe_A"":12.8804597513028,""adp_rigor_ca_shift_A"":3.9203638565592547,""catalytic_motif_min_ca_distance_8act_mean_ab"":11.60022540040049,""delta_charge"":0.6749485577105528,""elc_min_heavy_distance_8act_mean_ab"":16.033856057185982,""grantham_distance"":37.278084118628676,""ihm_interface_flag_8act"":0.31622776601683794,""relay_landmark_min_ca_distance_8act_mean_ab"":14.99850974209344,""rigor_actin_min_heavy_distance_8efi_A"":16.34948313698953,""wt_site_rsa_8act_mean_ab"":0.17590675340128006}",{}
B010,leave_one_variant_out,H251N,10,D778V|E497D|G768R|I457T|L781P|R249Q|R403Q|R663H|R719W|Y115H,H251N,adhikari2019|kawana2017|morck2022|nag2015|nandwani2025|pathak2026|sarkar2020,,Scaling recomputed in retained cohort; study deletion uses union of outcome sources.,0.576187097928,-0.0974187561054,estimated,estimated,,,10,1,"{""adp_adenine_ca_distance_8efe_A"":12.73114742502228,""adp_rigor_ca_shift_A"":3.8347225571562804,""catalytic_motif_min_ca_distance_8act_mean_ab"":11.341399282991109,""delta_charge"":0.7888106377466155,""elc_min_heavy_distance_8act_mean_ab"":15.951083419124341,""grantham_distance"":40.30660271248648,""ihm_interface_flag_8act"":0.31622776601683794,""relay_landmark_min_ca_distance_8act_mean_ab"":15.146745224001256,""rigor_actin_min_heavy_distance_8efi_A"":16.359229810470854,""wt_site_rsa_8act_mean_ab"":0.21834692391433116}",{}
B010,leave_one_variant_out,I457T,10,D778V|E497D|G768R|H251N|L781P|R249Q|R403Q|R663H|R719W|Y115H,I457T,adhikari2016|adhikari2019|kawana2017|morck2022|nag2015|nandwani2025|pathak2026|sarkar2020,,Scaling recomputed in retained cohort; study deletion uses union of outcome sources.,0.572489941837,-0.170714282533,estimated,estimated,,,10,1,"{""adp_adenine_ca_distance_8efe_A"":12.440254285777403,""adp_rigor_ca_shift_A"":3.831585535902971,""catalytic_motif_min_ca_distance_8act_mean_ab"":11.053201696149326,""delta_charge"":0.7888106377466155,""elc_min_heavy_distance_8act_mean_ab"":15.896404710995599,""grantham_distance"":40.37889988045186,""ihm_interface_flag_8act"":0.31622776601683794,""relay_landmark_min_ca_distance_8act_mean_ab"":15.176129002627391,""rigor_actin_min_heavy_distance_8efi_A"":16.386911706960156,""wt_site_rsa_8act_mean_ab"":0.2088558201403444}",{}
B010,leave_one_variant_out,L781P,10,D778V|E497D|G768R|H251N|I457T|R249Q|R403Q|R663H|R719W|Y115H,L781P,adhikari2016|adhikari2019|kawana2017|morck2022|nag2015|nandwani2025|pathak2026|sarkar2020,,Scaling recomputed in retained cohort; study deletion uses union of outcome sources.,0.56059174291,-0.130558063935,estimated,estimated,,,10,1,"{""adp_adenine_ca_distance_8efe_A"":12.321662277977174,""adp_rigor_ca_shift_A"":3.395283775689669,""catalytic_motif_min_ca_distance_8act_mean_ab"":10.41040053165286,""delta_charge"":0.7888106377466155,""elc_min_heavy_distance_8act_mean_ab"":15.1299271223641,""grantham_distance"":39.999444440586366,""ihm_interface_flag_8act"":0.31622776601683794,""relay_landmark_min_ca_distance_8act_mean_ab"":15.017123825932906,""rigor_actin_min_heavy_distance_8efi_A"":15.221322090999756,""wt_site_rsa_8act_mean_ab"":0.2214753039327234}",{}
B010,leave_one_variant_out,R249Q,10,D778V|E497D|G768R|H251N|I457T|L781P|R403Q|R663H|R719W|Y115H,R249Q,adhikari2016|adhikari2019|kawana2017|morck2022|nag2015|nandwani2025|pathak2026|sarkar2020,,Scaling recomputed in retained cohort; study deletion uses union of outcome sources.,0.630073962161,0.0694903440224,estimated,estimated,,,10,1,"{""adp_adenine_ca_distance_8efe_A"":12.350004020260807,""adp_rigor_ca_shift_A"":3.81415880380387,""catalytic_motif_min_ca_distance_8act_mean_ab"":10.564749504771605,""delta_charge"":0.7378647873726218,""elc_min_heavy_distance_8act_mean_ab"":16.03771443547094,""grantham_distance"":38.43334778837543,""ihm_interface_flag_8act"":0.31622776601683794,""relay_landmark_min_ca_distance_8act_mean_ab"":15.185008893068115,""rigor_actin_min_heavy_distance_8efi_A"":16.188132120912663,""wt_site_rsa_8act_mean_ab"":0.22273177796548865}",{}
B010,leave_one_variant_out,R403Q,10,D778V|E497D|G768R|H251N|I457T|L781P|R249Q|R663H|R719W|Y115H,R403Q,adhikari2016|adhikari2019|kawana2017|morck2022|nandwani2025|pathak2026|sarkar2020,,Scaling recomputed in retained cohort; study deletion uses union of outcome sources.,0.572867663059,-0.0610832692769,estimated,estimated,ihm_interface_flag_8act,,9,1,"{""adp_adenine_ca_distance_8efe_A"":11.087625185064557,""adp_rigor_ca_shift_A"":3.823105726971553,""catalytic_motif_min_ca_distance_8act_mean_ab"":11.172330767400709,""delta_charge"":0.7378647873726218,""elc_min_heavy_distance_8act_mean_ab"":7.366641625273947,""grantham_distance"":38.43334778837543,""relay_landmark_min_ca_distance_8act_mean_ab"":9.23512912192725,""rigor_actin_min_heavy_distance_8efi_A"":12.493667615606377,""wt_site_rsa_8act_mean_ab"":0.2223980855402152}",{}
B010,leave_one_variant_out,R663H,10,D778V|E497D|G768R|H251N|I457T|L781P|R249Q|R403Q|R719W|Y115H,R663H,adhikari2016|adhikari2019|kawana2017|morck2022|nag2015|nandwani2025|pathak2026,,Scaling recomputed in retained cohort; study deletion uses union of outcome sources.,0.602914420377,-0.017500085193,estimated,estimated,,,10,1,"{""adp_adenine_ca_distance_8efe_A"":12.906483415205212,""adp_rigor_ca_shift_A"":3.8275552560699033,""catalytic_motif_min_ca_distance_8act_mean_ab"":11.36133755582859,""delta_charge"":0.7378647873726218,""elc_min_heavy_distance_8act_mean_ab"":16.01024724986818,""grantham_distance"":36.438837644591366,""ihm_interface_flag_8act"":0.31622776601683794,""relay_landmark_min_ca_distance_8act_mean_ab"":14.689362659253744,""rigor_actin_min_heavy_distance_8efi_A"":15.033148539590105,""wt_site_rsa_8act_mean_ab"":0.1770448958622631}",{}
B010,leave_one_variant_out,R719W,10,D778V|E497D|G768R|H251N|I457T|L781P|R249Q|R403Q|R663H|Y115H,R719W,adhikari2016|adhikari2019|morck2022|nag2015|nandwani2025|pathak2026|sarkar2020,,Scaling recomputed in retained cohort; study deletion uses union of outcome sources.,0.552106580295,-0.127494636597,estimated,estimated,,,10,1,"{""adp_adenine_ca_distance_8efe_A"":12.386349933980409,""adp_rigor_ca_shift_A"":3.5451299723558214,""catalytic_motif_min_ca_distance_8act_mean_ab"":10.58420717498095,""delta_charge"":0.7378647873726218,""elc_min_heavy_distance_8act_mean_ab"":15.427779370457916,""grantham_distance"":39.81694223429128,""ihm_interface_flag_8act"":0.31622776601683794,""relay_landmark_min_ca_distance_8act_mean_ab"":15.040553753540495,""rigor_actin_min_heavy_distance_8efi_A"":14.475595846909474,""wt_site_rsa_8act_mean_ab"":0.2217930227461659}",{}
B010,leave_one_variant_out,Y115H,10,D778V|E497D|G768R|H251N|I457T|L781P|R249Q|R403Q|R663H|R719W,Y115H,adhikari2016|adhikari2019|kawana2017|morck2022|nag2015|nandwani2025|pathak2026|sarkar2020,,Scaling recomputed in retained cohort; study deletion uses union of outcome sources.,0.599599611557,-0.0125909946941,estimated,estimated,,,10,1,"{""adp_adenine_ca_distance_8efe_A"":10.4888500554351,""adp_rigor_ca_shift_A"":3.8718527063060963,""catalytic_motif_min_ca_distance_8act_mean_ab"":10.902524594404637,""delta_charge"":0.7888106377466155,""elc_min_heavy_distance_8act_mean_ab"":15.95646962521013,""grantham_distance"":40.4943068700884,""ihm_interface_flag_8act"":0.31622776601683794,""relay_landmark_min_ca_distance_8act_mean_ab"":15.193434457010056,""rigor_actin_min_heavy_distance_8efi_A"":16.056921897216696,""wt_site_rsa_8act_mean_ab"":0.21108921775750028}",{}
B010,leave_one_study_out,adhikari2016,10,D778V|E497D|G768R|I457T|L781P|R249Q|R403Q|R663H|R719W|Y115H,H251N,adhikari2019|kawana2017|morck2022|nag2015|nandwani2025|pathak2026|sarkar2020,,Scaling recomputed in retained cohort; study deletion uses union of outcome sources.,0.576187097928,-0.0974187561054,estimated,estimated,,,10,1,"{""adp_adenine_ca_distance_8efe_A"":12.73114742502228,""adp_rigor_ca_shift_A"":3.8347225571562804,""catalytic_motif_min_ca_distance_8act_mean_ab"":11.341399282991109,""delta_charge"":0.7888106377466155,""elc_min_heavy_distance_8act_mean_ab"":15.951083419124341,""grantham_distance"":40.30660271248648,""ihm_interface_flag_8act"":0.31622776601683794,""relay_landmark_min_ca_distance_8act_mean_ab"":15.146745224001256,""rigor_actin_min_heavy_distance_8efi_A"":16.359229810470854,""wt_site_rsa_8act_mean_ab"":0.21834692391433116}",{}
B010,leave_one_study_out,adhikari2019,9,D778V|E497D|G768R|H251N|L781P|R403Q|R663H|R719W|Y115H,I457T|R249Q,adhikari2016|kawana2017|morck2022|nag2015|nandwani2025|pathak2026|sarkar2020,,Scaling recomputed in retained cohort; study deletion uses union of outcome sources.,0.643935207572,-0.0614514227395,estimated,estimated,,,10,1,"{""adp_adenine_ca_distance_8efe_A"":12.33833911575922,""adp_rigor_ca_shift_A"":3.8710043173390565,""catalytic_motif_min_ca_distance_8act_mean_ab"":10.258215700823458,""delta_charge"":0.7817359599705717,""elc_min_heavy_distance_8act_mean_ab"":16.860489180025322,""grantham_distance"":40.709335538669755,""ihm_interface_flag_8act"":0.3333333333333333,""relay_landmark_min_ca_distance_8act_mean_ab"":16.088539671350276,""rigor_actin_min_heavy_distance_8efi_A"":17.123727335354523,""wt_site_rsa_8act_mean_ab"":0.22105974758949368}",{}
B010,leave_one_study_out,kawana2017,10,D778V|E497D|G768R|H251N|I457T|L781P|R249Q|R403Q|R663H|Y115H,R719W,adhikari2016|adhikari2019|morck2022|nag2015|nandwani2025|pathak2026|sarkar2020,,Scaling recomputed in retained cohort; study deletion uses union of outcome sources.,0.552106580295,-0.127494636597,estimated,estimated,,,10,1,"{""adp_adenine_ca_distance_8efe_A"":12.386349933980409,""adp_rigor_ca_shift_A"":3.5451299723558214,""catalytic_motif_min_ca_distance_8act_mean_ab"":10.58420717498095,""delta_charge"":0.7378647873726218,""elc_min_heavy_distance_8act_mean_ab"":15.427779370457916,""grantham_distance"":39.81694223429128,""ihm_interface_flag_8act"":0.31622776601683794,""relay_landmark_min_ca_distance_8act_mean_ab"":15.040553753540495,""rigor_actin_min_heavy_distance_8efi_A"":14.475595846909474,""wt_site_rsa_8act_mean_ab"":0.2217930227461659}",{}
B010,leave_one_study_out,morck2022,9,E497D|G768R|H251N|I457T|R249Q|R403Q|R663H|R719W|Y115H,D778V|L781P,adhikari2016|adhikari2019|kawana2017|nag2015|nandwani2025|pathak2026|sarkar2020,,Scaling recomputed in retained cohort; study deletion uses union of outcome sources.,0.591410573094,-0.156864568264,estimated,estimated,,,10,1,"{""adp_adenine_ca_distance_8efe_A"":12.617118819906432,""adp_rigor_ca_shift_A"":2.7980968143878897,""catalytic_motif_min_ca_distance_8act_mean_ab"":10.020696026075994,""delta_charge"":0.7071067811865476,""elc_min_heavy_distance_8act_mean_ab"":15.151182324797164,""grantham_distance"":32.17573274655572,""ihm_interface_flag_8act"":0.3333333333333333,""relay_landmark_min_ca_distance_8act_mean_ab"":15.833162456027516,""rigor_actin_min_heavy_distance_8efi_A"":15.289551163757157,""wt_site_rsa_8act_mean_ab"":0.23265946510190544}",{}
B010,leave_one_study_out,nag2015,10,D778V|E497D|G768R|H251N|I457T|L781P|R249Q|R663H|R719W|Y115H,R403Q,adhikari2016|adhikari2019|kawana2017|morck2022|nandwani2025|pathak2026|sarkar2020,,Scaling recomputed in retained cohort; study deletion uses union of outcome sources.,0.572867663059,-0.0610832692769,estimated,estimated,ihm_interface_flag_8act,,9,1,"{""adp_adenine_ca_distance_8efe_A"":11.087625185064557,""adp_rigor_ca_shift_A"":3.823105726971553,""catalytic_motif_min_ca_distance_8act_mean_ab"":11.172330767400709,""delta_charge"":0.7378647873726218,""elc_min_heavy_distance_8act_mean_ab"":7.366641625273947,""grantham_distance"":38.43334778837543,""relay_landmark_min_ca_distance_8act_mean_ab"":9.23512912192725,""rigor_actin_min_heavy_distance_8efi_A"":12.493667615606377,""wt_site_rsa_8act_mean_ab"":0.2223980855402152}",{}
B010,leave_one_study_out,nandwani2025,9,D778V|G768R|H251N|I457T|L781P|R249Q|R403Q|R663H|R719W,E497D|Y115H,adhikari2016|adhikari2019|kawana2017|morck2022|nag2015|pathak2026|sarkar2020,,Scaling recomputed in retained cohort; study deletion uses union of outcome sources.,0.605709854835,-0.0819508592882,estimated,estimated,,,10,1,"{""adp_adenine_ca_distance_8efe_A"":11.108258016671469,""adp_rigor_ca_shift_A"":4.078917505724366,""catalytic_motif_min_ca_distance_8act_mean_ab"":11.532842600726044,""delta_charge"":0.8333333333333334,""elc_min_heavy_distance_8act_mean_ab"":16.84645898786182,""grantham_distance"":41.00440355755844,""ihm_interface_flag_8act"":0.3333333333333333,""relay_landmark_min_ca_distance_8act_mean_ab"":13.315973478102592,""rigor_actin_min_heavy_distance_8efi_A"":17.024161545453524,""wt_site_rsa_8act_mean_ab"":0.21634161323858203}",{}
B010,leave_one_study_out,pathak2026,10,D778V|E497D|H251N|I457T|L781P|R249Q|R403Q|R663H|R719W|Y115H,G768R,adhikari2016|adhikari2019|kawana2017|morck2022|nag2015|nandwani2025|sarkar2020,,Scaling recomputed in retained cohort; study deletion uses union of outcome sources.,0.594914949969,-0.00130900095739,estimated,estimated,,,10,1,"{""adp_adenine_ca_distance_8efe_A"":12.8804597513028,""adp_rigor_ca_shift_A"":3.9203638565592547,""catalytic_motif_min_ca_distance_8act_mean_ab"":11.60022540040049,""delta_charge"":0.6749485577105528,""elc_min_heavy_distance_8act_mean_ab"":16.033856057185982,""grantham_distance"":37.278084118628676,""ihm_interface_flag_8act"":0.31622776601683794,""relay_landmark_min_ca_distance_8act_mean_ab"":14.99850974209344,""rigor_actin_min_heavy_distance_8efi_A"":16.34948313698953,""wt_site_rsa_8act_mean_ab"":0.17590675340128006}",{}
B010,leave_one_study_out,sarkar2020,10,D778V|E497D|G768R|H251N|I457T|L781P|R249Q|R403Q|R719W|Y115H,R663H,adhikari2016|adhikari2019|kawana2017|morck2022|nag2015|nandwani2025|pathak2026,,Scaling recomputed in retained cohort; study deletion uses union of outcome sources.,0.602914420377,-0.017500085193,estimated,estimated,,,10,1,"{""adp_adenine_ca_distance_8efe_A"":12.906483415205212,""adp_rigor_ca_shift_A"":3.8275552560699033,""catalytic_motif_min_ca_distance_8act_mean_ab"":11.36133755582859,""delta_charge"":0.7378647873726218,""elc_min_heavy_distance_8act_mean_ab"":16.01024724986818,""grantham_distance"":36.438837644591366,""ihm_interface_flag_8act"":0.31622776601683794,""relay_landmark_min_ca_distance_8act_mean_ab"":14.689362659253744,""rigor_actin_min_heavy_distance_8efi_A"":15.033148539590105,""wt_site_rsa_8act_mean_ab"":0.1770448958622631}",{}
B011,leave_one_variant_out,D778V,10,E497D|G768R|H251N|I457T|L781P|R249Q|R403Q|R663H|R719W|Y115H,D778V,adhikari2019|morck2022|nandwani2025|pathak2026|sarkar2020,,Scaling recomputed in retained cohort; study deletion uses union of outcome sources.,0.551988302562,-0.217118375294,estimated,estimated,,,10,1,"{""adp_adenine_ca_distance_8efe_A"":12.683665340353203,""adp_rigor_ca_shift_A"":3.460615256864015,""catalytic_motif_min_ca_distance_8act_mean_ab"":11.022808596691771,""delta_charge"":0.6749485577105528,""elc_min_heavy_distance_8act_mean_ab"":15.414584641208986,""grantham_distance"":31.641042264052487,""ihm_interface_flag_8act"":0.31622776601683794,""relay_landmark_min_ca_distance_8act_mean_ab"":15.130910711157341,""rigor_actin_min_heavy_distance_8efi_A"":15.852566415667933,""wt_site_rsa_8act_mean_ab"":0.22036814638687524}",{}
B011,leave_one_variant_out,E497D,10,D778V|G768R|H251N|I457T|L781P|R249Q|R403Q|R663H|R719W|Y115H,E497D,adhikari2019|morck2022|nandwani2025|pathak2026|sarkar2020,,Scaling recomputed in retained cohort; study deletion uses union of outcome sources.,0.519159825166,-0.21460383956,estimated,estimated,,,10,1,"{""adp_adenine_ca_distance_8efe_A"":12.984679210746013,""adp_rigor_ca_shift_A"":3.9422010231403983,""catalytic_motif_min_ca_distance_8act_mean_ab"":11.661084587972466,""delta_charge"":0.7888106377466155,""elc_min_heavy_distance_8act_mean_ab"":15.980529302592064,""grantham_distance"":38.659338386015406,""ihm_interface_flag_8act"":0.31622776601683794,""relay_landmark_min_ca_distance_8act_mean_ab"":12.569866495025652,""rigor_actin_min_heavy_distance_8efi_A"":16.393271643019993,""wt_site_rsa_8act_mean_ab"":0.21779947960918342}",{}
B011,leave_one_variant_out,G768R,10,D778V|E497D|H251N|I457T|L781P|R249Q|R403Q|R663H|R719W|Y115H,G768R,adhikari2019|morck2022|nandwani2025|sarkar2020,,Scaling recomputed in retained cohort; study deletion uses union of outcome sources.,0.551632571462,-0.21150969015,estimated,estimated,,,10,1,"{""adp_adenine_ca_distance_8efe_A"":12.8804597513028,""adp_rigor_ca_shift_A"":3.9203638565592547,""catalytic_motif_min_ca_distance_8act_mean_ab"":11.60022540040049,""delta_charge"":0.6749485577105528,""elc_min_heavy_distance_8act_mean_ab"":16.033856057185982,""grantham_distance"":37.278084118628676,""ihm_interface_flag_8act"":0.31622776601683794,""relay_landmark_min_ca_distance_8act_mean_ab"":14.99850974209344,""rigor_actin_min_heavy_distance_8efi_A"":16.34948313698953,""wt_site_rsa_8act_mean_ab"":0.17590675340128006}",{}
B011,leave_one_variant_out,H251N,10,D778V|E497D|G768R|I457T|L781P|R249Q|R403Q|R663H|R719W|Y115H,H251N,adhikari2019|morck2022|nandwani2025|pathak2026|sarkar2020,,Scaling recomputed in retained cohort; study deletion uses union of outcome sources.,0.526754084007,-0.219001126109,estimated,estimated,,,10,1,"{""adp_adenine_ca_distance_8efe_A"":12.73114742502228,""adp_rigor_ca_shift_A"":3.8347225571562804,""catalytic_motif_min_ca_distance_8act_mean_ab"":11.341399282991109,""delta_charge"":0.7888106377466155,""elc_min_heavy_distance_8act_mean_ab"":15.951083419124341,""grantham_distance"":40.30660271248648,""ihm_interface_flag_8act"":0.31622776601683794,""relay_landmark_min_ca_distance_8act_mean_ab"":15.146745224001256,""rigor_actin_min_heavy_distance_8efi_A"":16.359229810470854,""wt_site_rsa_8act_mean_ab"":0.21834692391433116}",{}
B011,leave_one_variant_out,I457T,10,D778V|E497D|G768R|H251N|L781P|R249Q|R403Q|R663H|R719W|Y115H,I457T,adhikari2019|morck2022|nandwani2025|pathak2026|sarkar2020,,Scaling recomputed in retained cohort; study deletion uses union of outcome sources.,0.537093386591,-0.227949209767,estimated,estimated,,,10,1,"{""adp_adenine_ca_distance_8efe_A"":12.440254285777403,""adp_rigor_ca_shift_A"":3.831585535902971,""catalytic_motif_min_ca_distance_8act_mean_ab"":11.053201696149326,""delta_charge"":0.7888106377466155,""elc_min_heavy_distance_8act_mean_ab"":15.896404710995599,""grantham_distance"":40.37889988045186,""ihm_interface_flag_8act"":0.31622776601683794,""relay_landmark_min_ca_distance_8act_mean_ab"":15.176129002627391,""rigor_actin_min_heavy_distance_8efi_A"":16.386911706960156,""wt_site_rsa_8act_mean_ab"":0.2088558201403444}",{}
B011,leave_one_variant_out,L781P,10,D778V|E497D|G768R|H251N|I457T|R249Q|R403Q|R663H|R719W|Y115H,L781P,adhikari2019|morck2022|nandwani2025|pathak2026|sarkar2020,,Scaling recomputed in retained cohort; study deletion uses union of outcome sources.,0.540487914414,-0.240618105788,estimated,estimated,,,10,1,"{""adp_adenine_ca_distance_8efe_A"":12.321662277977174,""adp_rigor_ca_shift_A"":3.395283775689669,""catalytic_motif_min_ca_distance_8act_mean_ab"":10.41040053165286,""delta_charge"":0.7888106377466155,""elc_min_heavy_distance_8act_mean_ab"":15.1299271223641,""grantham_distance"":39.999444440586366,""ihm_interface_flag_8act"":0.31622776601683794,""relay_landmark_min_ca_distance_8act_mean_ab"":15.017123825932906,""rigor_actin_min_heavy_distance_8efi_A"":15.221322090999756,""wt_site_rsa_8act_mean_ab"":0.2214753039327234}",{}
B011,leave_one_variant_out,R249Q,10,D778V|E497D|G768R|H251N|I457T|L781P|R403Q|R663H|R719W|Y115H,R249Q,adhikari2019|morck2022|nandwani2025|pathak2026|sarkar2020,,Scaling recomputed in retained cohort; study deletion uses union of outcome sources.,0.562009743692,-0.169469401044,estimated,estimated,,,10,1,"{""adp_adenine_ca_distance_8efe_A"":12.350004020260807,""adp_rigor_ca_shift_A"":3.81415880380387,""catalytic_motif_min_ca_distance_8act_mean_ab"":10.564749504771605,""delta_charge"":0.7378647873726218,""elc_min_heavy_distance_8act_mean_ab"":16.03771443547094,""grantham_distance"":38.43334778837543,""ihm_interface_flag_8act"":0.31622776601683794,""relay_landmark_min_ca_distance_8act_mean_ab"":15.185008893068115,""rigor_actin_min_heavy_distance_8efi_A"":16.188132120912663,""wt_site_rsa_8act_mean_ab"":0.22273177796548865}",{}
B011,leave_one_variant_out,R403Q,10,D778V|E497D|G768R|H251N|I457T|L781P|R249Q|R663H|R719W|Y115H,R403Q,adhikari2019|morck2022|nandwani2025|pathak2026|sarkar2020,,Scaling recomputed in retained cohort; study deletion uses union of outcome sources.,0.528646784781,-0.215451906715,estimated,estimated,ihm_interface_flag_8act,,9,1,"{""adp_adenine_ca_distance_8efe_A"":11.087625185064557,""adp_rigor_ca_shift_A"":3.823105726971553,""catalytic_motif_min_ca_distance_8act_mean_ab"":11.172330767400709,""delta_charge"":0.7378647873726218,""elc_min_heavy_distance_8act_mean_ab"":7.366641625273947,""grantham_distance"":38.43334778837543,""relay_landmark_min_ca_distance_8act_mean_ab"":9.23512912192725,""rigor_actin_min_heavy_distance_8efi_A"":12.493667615606377,""wt_site_rsa_8act_mean_ab"":0.2223980855402152}",{}
B011,leave_one_variant_out,R663H,10,D778V|E497D|G768R|H251N|I457T|L781P|R249Q|R403Q|R719W|Y115H,R663H,adhikari2019|morck2022|nandwani2025|pathak2026|sarkar2020,,Scaling recomputed in retained cohort; study deletion uses union of outcome sources.,0.534810594435,-0.189058169359,estimated,estimated,,,10,1,"{""adp_adenine_ca_distance_8efe_A"":12.906483415205212,""adp_rigor_ca_shift_A"":3.8275552560699033,""catalytic_motif_min_ca_distance_8act_mean_ab"":11.36133755582859,""delta_charge"":0.7378647873726218,""elc_min_heavy_distance_8act_mean_ab"":16.01024724986818,""grantham_distance"":36.438837644591366,""ihm_interface_flag_8act"":0.31622776601683794,""relay_landmark_min_ca_distance_8act_mean_ab"":14.689362659253744,""rigor_actin_min_heavy_distance_8efi_A"":15.033148539590105,""wt_site_rsa_8act_mean_ab"":0.1770448958622631}",{}
B011,leave_one_variant_out,R719W,10,D778V|E497D|G768R|H251N|I457T|L781P|R249Q|R403Q|R663H|Y115H,R719W,adhikari2019|morck2022|nandwani2025|pathak2026|sarkar2020,,Scaling recomputed in retained cohort; study deletion uses union of outcome sources.,0.52092844404,-0.221131260004,estimated,estimated,,,10,1,"{""adp_adenine_ca_distance_8efe_A"":12.386349933980409,""adp_rigor_ca_shift_A"":3.5451299723558214,""catalytic_motif_min_ca_distance_8act_mean_ab"":10.58420717498095,""delta_charge"":0.7378647873726218,""elc_min_heavy_distance_8act_mean_ab"":15.427779370457916,""grantham_distance"":39.81694223429128,""ihm_interface_flag_8act"":0.31622776601683794,""relay_landmark_min_ca_distance_8act_mean_ab"":15.040553753540495,""rigor_actin_min_heavy_distance_8efi_A"":14.475595846909474,""wt_site_rsa_8act_mean_ab"":0.2217930227461659}",{}
B011,leave_one_variant_out,Y115H,10,D778V|E497D|G768R|H251N|I457T|L781P|R249Q|R403Q|R663H|R719W,Y115H,adhikari2019|morck2022|nandwani2025|pathak2026|sarkar2020,,Scaling recomputed in retained cohort; study deletion uses union of outcome sources.,0.526247572883,-0.222122354796,estimated,estimated,,,10,1,"{""adp_adenine_ca_distance_8efe_A"":10.4888500554351,""adp_rigor_ca_shift_A"":3.8718527063060963,""catalytic_motif_min_ca_distance_8act_mean_ab"":10.902524594404637,""delta_charge"":0.7888106377466155,""elc_min_heavy_distance_8act_mean_ab"":15.95646962521013,""grantham_distance"":40.4943068700884,""ihm_interface_flag_8act"":0.31622776601683794,""relay_landmark_min_ca_distance_8act_mean_ab"":15.193434457010056,""rigor_actin_min_heavy_distance_8efi_A"":16.056921897216696,""wt_site_rsa_8act_mean_ab"":0.21108921775750028}",{}
B011,leave_one_study_out,adhikari2019,7,D778V|E497D|G768R|L781P|R403Q|R663H|Y115H,H251N|I457T|R249Q|R719W,morck2022|nandwani2025|pathak2026|sarkar2020,,Scaling recomputed in retained cohort; study deletion uses union of outcome sources.,0.665383470102,-0.317822095745,estimated,estimated,,,10,1,"{""adp_adenine_ca_distance_8efe_A"":13.205568730966146,""adp_rigor_ca_shift_A"":3.8399372848786646,""catalytic_motif_min_ca_distance_8act_mean_ab"":10.019253235893013,""delta_charge"":0.816496580927726,""elc_min_heavy_distance_8act_mean_ab"":18.358284393717614,""grantham_distance"":46.016042751155716,""ihm_interface_flag_8act"":0.37796447300922725,""relay_landmark_min_ca_distance_8act_mean_ab"":18.34351235759816,""rigor_actin_min_heavy_distance_8efi_A"":17.534853244931956,""wt_site_rsa_8act_mean_ab"":0.24206691651672116}",{}
B011,leave_one_study_out,morck2022,9,E497D|G768R|H251N|I457T|R249Q|R403Q|R663H|R719W|Y115H,D778V|L781P,adhikari2019|nandwani2025|pathak2026|sarkar2020,,Scaling recomputed in retained cohort; study deletion uses union of outcome sources.,0.627730398551,-0.123256671033,estimated,estimated,,,10,1,"{""adp_adenine_ca_distance_8efe_A"":12.617118819906432,""adp_rigor_ca_shift_A"":2.7980968143878897,""catalytic_motif_min_ca_distance_8act_mean_ab"":10.020696026075994,""delta_charge"":0.7071067811865476,""elc_min_heavy_distance_8act_mean_ab"":15.151182324797164,""grantham_distance"":32.17573274655572,""ihm_interface_flag_8act"":0.3333333333333333,""relay_landmark_min_ca_distance_8act_mean_ab"":15.833162456027516,""rigor_actin_min_heavy_distance_8efi_A"":15.289551163757157,""wt_site_rsa_8act_mean_ab"":0.23265946510190544}",{}
B011,leave_one_study_out,nandwani2025,9,D778V|G768R|H251N|I457T|L781P|R249Q|R403Q|R663H|R719W,E497D|Y115H,adhikari2019|morck2022|pathak2026|sarkar2020,,Scaling recomputed in retained cohort; study deletion uses union of outcome sources.,0.541958578692,-0.217375304235,estimated,estimated,,,10,1,"{""adp_adenine_ca_distance_8efe_A"":11.108258016671469,""adp_rigor_ca_shift_A"":4.078917505724366,""catalytic_motif_min_ca_distance_8act_mean_ab"":11.532842600726044,""delta_charge"":0.8333333333333334,""elc_min_heavy_distance_8act_mean_ab"":16.84645898786182,""grantham_distance"":41.00440355755844,""ihm_interface_flag_8act"":0.3333333333333333,""relay_landmark_min_ca_distance_8act_mean_ab"":13.315973478102592,""rigor_actin_min_heavy_distance_8efi_A"":17.024161545453524,""wt_site_rsa_8act_mean_ab"":0.21634161323858203}",{}
B011,leave_one_study_out,pathak2026,10,D778V|E497D|H251N|I457T|L781P|R249Q|R403Q|R663H|R719W|Y115H,G768R,adhikari2019|morck2022|nandwani2025|sarkar2020,,Scaling recomputed in retained cohort; study deletion uses union of outcome sources.,0.551632571462,-0.21150969015,estimated,estimated,,,10,1,"{""adp_adenine_ca_distance_8efe_A"":12.8804597513028,""adp_rigor_ca_shift_A"":3.9203638565592547,""catalytic_motif_min_ca_distance_8act_mean_ab"":11.60022540040049,""delta_charge"":0.6749485577105528,""elc_min_heavy_distance_8act_mean_ab"":16.033856057185982,""grantham_distance"":37.278084118628676,""ihm_interface_flag_8act"":0.31622776601683794,""relay_landmark_min_ca_distance_8act_mean_ab"":14.99850974209344,""rigor_actin_min_heavy_distance_8efi_A"":16.34948313698953,""wt_site_rsa_8act_mean_ab"":0.17590675340128006}",{}
B011,leave_one_study_out,sarkar2020,9,D778V|E497D|G768R|H251N|I457T|L781P|R249Q|R719W|Y115H,R403Q|R663H,adhikari2019|morck2022|nandwani2025|pathak2026,,Scaling recomputed in retained cohort; study deletion uses union of outcome sources.,0.566175326837,-0.18275542472,estimated,estimated,ihm_interface_flag_8act,,9,1,"{""adp_adenine_ca_distance_8efe_A"":11.732287527852058,""adp_rigor_ca_shift_A"":3.8769906570754036,""catalytic_motif_min_ca_distance_8act_mean_ab"":11.589574383027037,""delta_charge"":0.7071067811865476,""elc_min_heavy_distance_8act_mean_ab"":7.3927569746193225,""grantham_distance"":35.387144558440994,""relay_landmark_min_ca_distance_8act_mean_ab"":9.368975993372786,""rigor_actin_min_heavy_distance_8efi_A"":10.445308022444651,""wt_site_rsa_8act_mean_ab"":0.1877844543669763}",{}
B012,leave_one_variant_out,D778V,8,E497D|G768R|H251N|I457T|L781P|R403Q|R663H|Y115H,D778V,adhikari2016|adhikari2019|morck2022|nag2015|nandwani2025|pathak2026|sarkar2020,,Scaling recomputed in retained cohort; study deletion uses union of outcome sources.,0.673416546969,0.176487929078,estimated,estimated,,,10,1,"{""adp_adenine_ca_distance_8efe_A"":13.041497152566572,""adp_rigor_ca_shift_A"":3.142712486756066,""catalytic_motif_min_ca_distance_8act_mean_ab"":9.950895468773497,""delta_charge"":0.6408699444616557,""elc_min_heavy_distance_8act_mean_ab"":16.56258314997759,""grantham_distance"":32.35517181003901,""ihm_interface_flag_8act"":0.3535533905932738,""relay_landmark_min_ca_distance_8act_mean_ab"":16.992620269682515,""rigor_actin_min_heavy_distance_8efi_A"":15.302571363829198,""wt_site_rsa_8act_mean_ab"":0.24898652517483522}",{}
B012,leave_one_variant_out,E497D,8,D778V|G768R|H251N|I457T|L781P|R403Q|R663H|Y115H,E497D,adhikari2016|adhikari2019|morck2022|nag2015|nandwani2025|pathak2026|sarkar2020,,Scaling recomputed in retained cohort; study deletion uses union of outcome sources.,0.580523715845,-0.207555976969,estimated,estimated,,,10,1,"{""adp_adenine_ca_distance_8efe_A"":13.422161154298808,""adp_rigor_ca_shift_A"":3.8772765081382863,""catalytic_motif_min_ca_distance_8act_mean_ab"":10.863124134410649,""delta_charge"":0.7559289460184544,""elc_min_heavy_distance_8act_mean_ab"":17.460401633749978,""grantham_distance"":40.46316667220766,""ihm_interface_flag_8act"":0.3535533905932738,""relay_landmark_min_ca_distance_8act_mean_ab"":13.813180524322444,""rigor_actin_min_heavy_distance_8efi_A"":16.263597529422064,""wt_site_rsa_8act_mean_ab"":0.2447174472480895}",{}
B012,leave_one_variant_out,G768R,8,D778V|E497D|H251N|I457T|L781P|R403Q|R663H|Y115H,G768R,adhikari2016|adhikari2019|morck2022|nag2015|nandwani2025|sarkar2020,,Scaling recomputed in retained cohort; study deletion uses union of outcome sources.,0.582318417021,-0.19368744128,estimated,estimated,,,10,1,"{""adp_adenine_ca_distance_8efe_A"":13.291287016403693,""adp_rigor_ca_shift_A"":3.8235617320639026,""catalytic_motif_min_ca_distance_8act_mean_ab"":10.77802420602702,""delta_charge"":0.6408699444616557,""elc_min_heavy_distance_8act_mean_ab"":17.462952268746673,""grantham_distance"":39.28081138236764,""ihm_interface_flag_8act"":0.3535533905932738,""relay_landmark_min_ca_distance_8act_mean_ab"":16.784079812365043,""rigor_actin_min_heavy_distance_8efi_A"":16.104294353388912,""wt_site_rsa_8act_mean_ab"":0.19910658244139692}",{}
B012,leave_one_variant_out,H251N,8,D778V|E497D|G768R|I457T|L781P|R403Q|R663H|Y115H,H251N,adhikari2019|morck2022|nag2015|nandwani2025|pathak2026|sarkar2020,,Scaling recomputed in retained cohort; study deletion uses union of outcome sources.,0.594782067627,-0.302084493344,estimated,estimated,,,10,1,"{""adp_adenine_ca_distance_8efe_A"":13.0954183114545,""adp_rigor_ca_shift_A"":3.7498142030831225,""catalytic_motif_min_ca_distance_8act_mean_ab"":10.407172713067752,""delta_charge"":0.7559289460184544,""elc_min_heavy_distance_8act_mean_ab"":17.316737485478075,""grantham_distance"":42.67150270212127,""ihm_interface_flag_8act"":0.3535533905932738,""relay_landmark_min_ca_distance_8act_mean_ab"":17.008626987887666,""rigor_actin_min_heavy_distance_8efi_A"":16.242401637844324,""wt_site_rsa_8act_mean_ab"":0.24539998737380986}",{}
B012,leave_one_variant_out,I457T,8,D778V|E497D|G768R|H251N|L781P|R403Q|R663H|Y115H,I457T,adhikari2016|morck2022|nag2015|nandwani2025|pathak2026|sarkar2020,,Scaling recomputed in retained cohort; study deletion uses union of outcome sources.,0.593614507935,-0.29404526908,estimated,estimated,,,10,1,"{""adp_adenine_ca_distance_8efe_A"":12.72097154947638,""adp_rigor_ca_shift_A"":3.745927207208763,""catalytic_motif_min_ca_distance_8act_mean_ab"":9.990515574133452,""delta_charge"":0.7559289460184544,""elc_min_heavy_distance_8act_mean_ab"":17.23400354654845,""grantham_distance"":42.895013030154715,""ihm_interface_flag_8act"":0.3535533905932738,""relay_landmark_min_ca_distance_8act_mean_ab"":17.015837652793298,""rigor_actin_min_heavy_distance_8efi_A"":16.260701993310107,""wt_site_rsa_8act_mean_ab"":0.23372658376376892}",{}
B012,leave_one_variant_out,L781P,8,D778V|E497D|G768R|H251N|I457T|R403Q|R663H|Y115H,L781P,adhikari2016|adhikari2019|morck2022|nag2015|nandwani2025|pathak2026|sarkar2020,,Scaling recomputed in retained cohort; study deletion uses union of outcome sources.,0.595057518724,-0.214924887867,estimated,estimated,,,10,1,"{""adp_adenine_ca_distance_8efe_A"":12.57861176175382,""adp_rigor_ca_shift_A"":3.0437634942733784,""catalytic_motif_min_ca_distance_8act_mean_ab"":9.043133365283108,""delta_charge"":0.7559289460184544,""elc_min_heavy_distance_8act_mean_ab"":16.179608709625683,""grantham_distance"":42.48276961646585,""ihm_interface_flag_8act"":0.3535533905932738,""relay_landmark_min_ca_distance_8act_mean_ab"":16.872204688776442,""rigor_actin_min_heavy_distance_8efi_A"":14.338757126657129,""wt_site_rsa_8act_mean_ab"":0.24937526690670578}",{}
B012,leave_one_variant_out,R403Q,8,D778V|E497D|G768R|H251N|I457T|L781P|R663H|Y115H,R403Q,adhikari2016|adhikari2019|morck2022|nandwani2025|pathak2026|sarkar2020,,Scaling recomputed in retained cohort; study deletion uses union of outcome sources.,0.600576891583,-0.166307185207,estimated,estimated,ihm_interface_flag_8act,,9,1,"{""adp_adenine_ca_distance_8efe_A"":10.96922978076576,""adp_rigor_ca_shift_A"":3.735396230362188,""catalytic_motif_min_ca_distance_8act_mean_ab"":10.167522702532754,""delta_charge"":0.6408699444616557,""elc_min_heavy_distance_8act_mean_ab"":7.510496557830095,""grantham_distance"":40.16550581211268,""relay_landmark_min_ca_distance_8act_mean_ab"":10.23985560397006,""rigor_actin_min_heavy_distance_8efi_A"":11.4396086420925,""wt_site_rsa_8act_mean_ab"":0.25062306661422795}",{}
B012,leave_one_variant_out,R663H,8,D778V|E497D|G768R|H251N|I457T|L781P|R403Q|Y115H,R663H,adhikari2016|adhikari2019|morck2022|nag2015|nandwani2025|pathak2026,,Scaling recomputed in retained cohort; study deletion uses union of outcome sources.,0.573772209572,-0.251006237228,estimated,estimated,,,10,1,"{""adp_adenine_ca_distance_8efe_A"":13.320593465106722,""adp_rigor_ca_shift_A"":3.740926304076897,""catalytic_motif_min_ca_distance_8act_mean_ab"":10.435778716801739,""delta_charge"":0.6408699444616557,""elc_min_heavy_distance_8act_mean_ab"":17.481553388088017,""grantham_distance"":37.540216530313955,""ihm_interface_flag_8act"":0.3535533905932738,""relay_landmark_min_ca_distance_8act_mean_ab"":16.399889421305343,""rigor_actin_min_heavy_distance_8efi_A"":14.724766132193858,""wt_site_rsa_8act_mean_ab"":0.20039969957505552}",{}
B012,leave_one_variant_out,Y115H,8,D778V|E497D|G768R|H251N|I457T|L781P|R403Q|R663H,Y115H,adhikari2016|adhikari2019|morck2022|nag2015|nandwani2025|pathak2026|sarkar2020,,Scaling recomputed in retained cohort; study deletion uses union of outcome sources.,0.653632851852,-0.0373314282178,estimated,estimated,,,10,1,"{""adp_adenine_ca_distance_8efe_A"":10.1418563803118,""adp_rigor_ca_shift_A"":3.7953909630679905,""catalytic_motif_min_ca_distance_8act_mean_ab"":9.770117005879733,""delta_charge"":0.7559289460184544,""elc_min_heavy_distance_8act_mean_ab"":17.440623890623847,""grantham_distance"":42.99979235830265,""ihm_interface_flag_8act"":0.3535533905932738,""relay_landmark_min_ca_distance_8act_mean_ab"":17.049834434955102,""rigor_actin_min_heavy_distance_8efi_A"":15.62039973819562,""wt_site_rsa_8act_mean_ab"":0.23645492901458223}",{}
B012,leave_one_study_out,adhikari2016,8,D778V|E497D|G768R|I457T|L781P|R403Q|R663H|Y115H,H251N,adhikari2019|morck2022|nag2015|nandwani2025|pathak2026|sarkar2020,,Scaling recomputed in retained cohort; study deletion uses union of outcome sources.,0.594782067627,-0.302084493344,estimated,estimated,,,10,1,"{""adp_adenine_ca_distance_8efe_A"":13.0954183114545,""adp_rigor_ca_shift_A"":3.7498142030831225,""catalytic_motif_min_ca_distance_8act_mean_ab"":10.407172713067752,""delta_charge"":0.7559289460184544,""elc_min_heavy_distance_8act_mean_ab"":17.316737485478075,""grantham_distance"":42.67150270212127,""ihm_interface_flag_8act"":0.3535533905932738,""relay_landmark_min_ca_distance_8act_mean_ab"":17.008626987887666,""rigor_actin_min_heavy_distance_8efi_A"":16.242401637844324,""wt_site_rsa_8act_mean_ab"":0.24539998737380986}",{}
B012,leave_one_study_out,adhikari2019,8,D778V|E497D|G768R|H251N|L781P|R403Q|R663H|Y115H,I457T,adhikari2016|morck2022|nag2015|nandwani2025|pathak2026|sarkar2020,,Scaling recomputed in retained cohort; study deletion uses union of outcome sources.,0.593614507935,-0.29404526908,estimated,estimated,,,10,1,"{""adp_adenine_ca_distance_8efe_A"":12.72097154947638,""adp_rigor_ca_shift_A"":3.745927207208763,""catalytic_motif_min_ca_distance_8act_mean_ab"":9.990515574133452,""delta_charge"":0.7559289460184544,""elc_min_heavy_distance_8act_mean_ab"":17.23400354654845,""grantham_distance"":42.895013030154715,""ihm_interface_flag_8act"":0.3535533905932738,""relay_landmark_min_ca_distance_8act_mean_ab"":17.015837652793298,""rigor_actin_min_heavy_distance_8efi_A"":16.260701993310107,""wt_site_rsa_8act_mean_ab"":0.23372658376376892}",{}
B012,leave_one_study_out,morck2022,7,E497D|G768R|H251N|I457T|R403Q|R663H|Y115H,D778V|L781P,adhikari2016|adhikari2019|nag2015|nandwani2025|pathak2026|sarkar2020,,Scaling recomputed in retained cohort; study deletion uses union of outcome sources.,0.691185795696,0.116057286775,estimated,estimated,,,10,1,"{""adp_adenine_ca_distance_8efe_A"":12.952913360914353,""adp_rigor_ca_shift_A"":1.6768016551791356,""catalytic_motif_min_ca_distance_8act_mean_ab"":8.010602300018238,""delta_charge"":0.6900655593423541,""elc_min_heavy_distance_8act_mean_ab"":16.00308578928509,""grantham_distance"":33.12817819434372,""ihm_interface_flag_8act"":0.37796447300922725,""relay_landmark_min_ca_distance_8act_mean_ab"":18.129401089335204,""rigor_actin_min_heavy_distance_8efi_A"":13.790952151535725,""wt_site_rsa_8act_mean_ab"":0.26732312311831935}",{}
B012,leave_one_study_out,nag2015,8,D778V|E497D|G768R|H251N|I457T|L781P|R663H|Y115H,R403Q,adhikari2016|adhikari2019|morck2022|nandwani2025|pathak2026|sarkar2020,,Scaling recomputed in retained cohort; study deletion uses union of outcome sources.,0.600576891583,-0.166307185207,estimated,estimated,ihm_interface_flag_8act,,9,1,"{""adp_adenine_ca_distance_8efe_A"":10.96922978076576,""adp_rigor_ca_shift_A"":3.735396230362188,""catalytic_motif_min_ca_distance_8act_mean_ab"":10.167522702532754,""delta_charge"":0.6408699444616557,""elc_min_heavy_distance_8act_mean_ab"":7.510496557830095,""grantham_distance"":40.16550581211268,""relay_landmark_min_ca_distance_8act_mean_ab"":10.23985560397006,""rigor_actin_min_heavy_distance_8efi_A"":11.4396086420925,""wt_site_rsa_8act_mean_ab"":0.25062306661422795}",{}
B012,leave_one_study_out,nandwani2025,7,D778V|G768R|H251N|I457T|L781P|R403Q|R663H,E497D|Y115H,adhikari2016|adhikari2019|morck2022|nag2015|pathak2026|sarkar2020,,Scaling recomputed in retained cohort; study deletion uses union of outcome sources.,0.681531239052,0.0099183998526,estimated,estimated,,,10,1,"{""adp_adenine_ca_distance_8efe_A"":10.91112250445716,""adp_rigor_ca_shift_A"":4.071873952085941,""catalytic_motif_min_ca_distance_8act_mean_ab"":10.49251708041906,""delta_charge"":0.816496580927726,""elc_min_heavy_distance_8act_mean_ab"":18.793959832233714,""grantham_distance"":43.687199825251206,""ihm_interface_flag_8act"":0.37796447300922725,""relay_landmark_min_ca_distance_8act_mean_ab"":14.864003881127198,""rigor_actin_min_heavy_distance_8efi_A"":16.868761049410782,""wt_site_rsa_8act_mean_ab"":0.24446018584081122}",{}
B012,leave_one_study_out,pathak2026,8,D778V|E497D|H251N|I457T|L781P|R403Q|R663H|Y115H,G768R,adhikari2016|adhikari2019|morck2022|nag2015|nandwani2025|sarkar2020,,Scaling recomputed in retained cohort; study deletion uses union of outcome sources.,0.582318417021,-0.19368744128,estimated,estimated,,,10,1,"{""adp_adenine_ca_distance_8efe_A"":13.291287016403693,""adp_rigor_ca_shift_A"":3.8235617320639026,""catalytic_motif_min_ca_distance_8act_mean_ab"":10.77802420602702,""delta_charge"":0.6408699444616557,""elc_min_heavy_distance_8act_mean_ab"":17.462952268746673,""grantham_distance"":39.28081138236764,""ihm_interface_flag_8act"":0.3535533905932738,""relay_landmark_min_ca_distance_8act_mean_ab"":16.784079812365043,""rigor_actin_min_heavy_distance_8efi_A"":16.104294353388912,""wt_site_rsa_8act_mean_ab"":0.19910658244139692}",{}
B012,leave_one_study_out,sarkar2020,8,D778V|E497D|G768R|H251N|I457T|L781P|R403Q|Y115H,R663H,adhikari2016|adhikari2019|morck2022|nag2015|nandwani2025|pathak2026,,Scaling recomputed in retained cohort; study deletion uses union of outcome sources.,0.573772209572,-0.251006237228,estimated,estimated,,,10,1,"{""adp_adenine_ca_distance_8efe_A"":13.320593465106722,""adp_rigor_ca_shift_A"":3.740926304076897,""catalytic_motif_min_ca_distance_8act_mean_ab"":10.435778716801739,""delta_charge"":0.6408699444616557,""elc_min_heavy_distance_8act_mean_ab"":17.481553388088017,""grantham_distance"":37.540216530313955,""ihm_interface_flag_8act"":0.3535533905932738,""relay_landmark_min_ca_distance_8act_mean_ab"":16.399889421305343,""rigor_actin_min_heavy_distance_8efi_A"":14.724766132193858,""wt_site_rsa_8act_mean_ab"":0.20039969957505552}",{}
B012,exclude_morck_shared_WT,,7,E497D|G768R|H251N|I457T|R403Q|R663H|Y115H,D778V|L781P,adhikari2016|adhikari2019|nag2015|nandwani2025|pathak2026|sarkar2020,,Drops primary Morck variants with reused slide/channel WT records; no independence claim for remainder.,0.691185795696,0.116057286775,estimated,estimated,,,10,1,"{""adp_adenine_ca_distance_8efe_A"":12.952913360914353,""adp_rigor_ca_shift_A"":1.6768016551791356,""catalytic_motif_min_ca_distance_8act_mean_ab"":8.010602300018238,""delta_charge"":0.6900655593423541,""elc_min_heavy_distance_8act_mean_ab"":16.00308578928509,""grantham_distance"":33.12817819434372,""ihm_interface_flag_8act"":0.37796447300922725,""relay_landmark_min_ca_distance_8act_mean_ab"":18.129401089335204,""rigor_actin_min_heavy_distance_8efi_A"":13.790952151535725,""wt_site_rsa_8act_mean_ab"":0.26732312311831935}",{}
