comparison_id,variant,x_value,y_value,x_study,y_study,study_context
C001,A797T,0.93,1.95081967213,morck2022,morck2022,kcat_rel:morck2022|Na_rel:morck2022|v_rel:morck2022
C001,D778V,1.16,1.32786885246,morck2022,morck2022,kcat_rel:morck2022|Na_rel:morck2022|v_rel:morck2022
C001,E497D,1.51612903226,1.42857142857,nandwani2025,nandwani2025,kcat_rel:nandwani2025|Na_rel:nandwani2025|v_rel:nandwani2025
C001,F834L,1.03,1.34426229508,morck2022,morck2022,kcat_rel:morck2022|Na_rel:morck2022|v_rel:morck2022
C001,G768R,0.729981378026,1.75,pathak2026,pathak2026,kcat_rel:pathak2026|Na_rel:pathak2026|v_rel:pathak2026
C001,H251N,1.24444444444,1.59649122807,adhikari2016,adhikari2019,kcat_rel:adhikari2016|Na_rel:adhikari2019|v_rel:adhikari2016
C001,I457T,1.75313807531,0.982456140351,adhikari2019,adhikari2019,kcat_rel:adhikari2019|Na_rel:adhikari2019|v_rel:adhikari2019
C001,L781P,0.97,1.39344262295,morck2022,morck2022,kcat_rel:morck2022|Na_rel:morck2022|v_rel:morck2022
C001,R249Q,0.707112970711,1.68421052632,adhikari2019,adhikari2019,kcat_rel:adhikari2019|Na_rel:adhikari2019
C001,R403Q,1.26666666667,1.39682539682,nag2015,sarkar2020,kcat_rel:nag2015|Na_rel:sarkar2020|v_rel:nag2015
C001,R663H,0.966666666667,1.16326530612,sarkar2020,sarkar2020,kcat_rel:sarkar2020|Na_rel:sarkar2020|v_rel:sarkar2020
C001,R719W,0.947368421053,1.80701754386,kawana2017,adhikari2019,kcat_rel:kawana2017|Na_rel:adhikari2019
C001,S782N,1.04,1.32786885246,morck2022,morck2022,kcat_rel:morck2022|Na_rel:morck2022|v_rel:morck2022
C001,Y115H,1.03225806452,1.42857142857,nandwani2025,nandwani2025,kcat_rel:nandwani2025|Na_rel:nandwani2025|v_rel:nandwani2025
C002,A797T,0.93,0.946675899425,morck2022,morck2022,kcat_rel:morck2022|Na_rel:morck2022|v_rel:morck2022
C002,D239N,1.48888888889,1.94186046512,adhikari2016,adhikari2016,kcat_rel:adhikari2016|v_rel:adhikari2016
C002,D778V,1.16,1.45871842144,morck2022,morck2022,kcat_rel:morck2022|Na_rel:morck2022|v_rel:morck2022
C002,E497D,1.51612903226,0.808416389812,nandwani2025,nandwani2025,kcat_rel:nandwani2025|Na_rel:nandwani2025|v_rel:nandwani2025
C002,F834L,1.03,1.0180466619,morck2022,morck2022,kcat_rel:morck2022|Na_rel:morck2022|v_rel:morck2022
C002,G768R,0.729981378026,0.198040016333,pathak2026,pathak2026,kcat_rel:pathak2026|Na_rel:pathak2026|v_rel:pathak2026
C002,H251N,1.24444444444,1.39534883721,adhikari2016,adhikari2016,kcat_rel:adhikari2016|Na_rel:adhikari2019|v_rel:adhikari2016
C002,I457T,1.75313807531,2.42857142857,adhikari2019,adhikari2019,kcat_rel:adhikari2019|Na_rel:adhikari2019|v_rel:adhikari2019
C002,L781P,0.97,0.704141222701,morck2022,morck2022,kcat_rel:morck2022|Na_rel:morck2022|v_rel:morck2022
C002,R403Q,1.26666666667,1.14545454545,nag2015,nag2015,kcat_rel:nag2015|Na_rel:sarkar2020|v_rel:nag2015
C002,R453C,0.675675675676,0.7625,sommese2013,sommese2013,kcat_rel:sommese2013|v_rel:sommese2013
C002,R663H,0.966666666667,1.01707317073,sarkar2020,sarkar2020,kcat_rel:sarkar2020|Na_rel:sarkar2020|v_rel:sarkar2020
C002,S782N,1.04,0.980249636914,morck2022,morck2022,kcat_rel:morck2022|Na_rel:morck2022|v_rel:morck2022
C002,Y115H,1.03225806452,0.449612403101,nandwani2025,nandwani2025,kcat_rel:nandwani2025|Na_rel:nandwani2025|v_rel:nandwani2025
C003,A797T,1.95081967213,0.946675899425,morck2022,morck2022,kcat_rel:morck2022|Na_rel:morck2022|v_rel:morck2022
C003,D778V,1.32786885246,1.45871842144,morck2022,morck2022,kcat_rel:morck2022|Na_rel:morck2022|v_rel:morck2022
C003,E497D,1.42857142857,0.808416389812,nandwani2025,nandwani2025,kcat_rel:nandwani2025|Na_rel:nandwani2025|v_rel:nandwani2025
C003,F834L,1.34426229508,1.0180466619,morck2022,morck2022,kcat_rel:morck2022|Na_rel:morck2022|v_rel:morck2022
C003,G768R,1.75,0.198040016333,pathak2026,pathak2026,kcat_rel:pathak2026|Na_rel:pathak2026|v_rel:pathak2026
C003,H251N,1.59649122807,1.39534883721,adhikari2019,adhikari2016,kcat_rel:adhikari2016|Na_rel:adhikari2019|v_rel:adhikari2016
C003,I457T,0.982456140351,2.42857142857,adhikari2019,adhikari2019,kcat_rel:adhikari2019|Na_rel:adhikari2019|v_rel:adhikari2019
C003,L781P,1.39344262295,0.704141222701,morck2022,morck2022,kcat_rel:morck2022|Na_rel:morck2022|v_rel:morck2022
C003,P710R,1.55675675676,0.313648293963,vanderroest2021,vanderroest2021,Na_rel:vanderroest2021|v_rel:vanderroest2021
C003,R403Q,1.39682539682,1.14545454545,sarkar2020,nag2015,kcat_rel:nag2015|Na_rel:sarkar2020|v_rel:nag2015
C003,R663H,1.16326530612,1.01707317073,sarkar2020,sarkar2020,kcat_rel:sarkar2020|Na_rel:sarkar2020|v_rel:sarkar2020
C003,S782N,1.32786885246,0.980249636914,morck2022,morck2022,kcat_rel:morck2022|Na_rel:morck2022|v_rel:morck2022
C003,Y115H,1.42857142857,0.449612403101,nandwani2025,nandwani2025,kcat_rel:nandwani2025|Na_rel:nandwani2025|v_rel:nandwani2025
C004,D239N,1.48888888889,0.647845688,adhikari2016,,kcat_rel:adhikari2016|v_rel:adhikari2016
C004,D778V,1.16,8.86589456,morck2022,,kcat_rel:morck2022|Na_rel:morck2022|v_rel:morck2022
C004,E497D,1.51612903226,2.321440558,nandwani2025,,kcat_rel:nandwani2025|Na_rel:nandwani2025|v_rel:nandwani2025
C004,G741R,0.901960784314,7.082193584,kawana2017,,kcat_rel:kawana2017
C004,G768R,0.729981378026,4.944418844,pathak2026,,kcat_rel:pathak2026|Na_rel:pathak2026|v_rel:pathak2026
C004,H251N,1.24444444444,0.549455682,adhikari2016,,kcat_rel:adhikari2016|Na_rel:adhikari2019|v_rel:adhikari2016
C004,I457T,1.75313807531,0.514728554,adhikari2019,,kcat_rel:adhikari2019|Na_rel:adhikari2019|v_rel:adhikari2019
C004,L781P,0.97,9.189484579,morck2022,,kcat_rel:morck2022|Na_rel:morck2022|v_rel:morck2022
C004,R249Q,0.707112970711,0.32951951,adhikari2019,,kcat_rel:adhikari2019|Na_rel:adhikari2019
C004,R403Q,1.26666666667,0.423043993,nag2015,,kcat_rel:nag2015|Na_rel:sarkar2020|v_rel:nag2015
C004,R453C,0.675675675676,0.593341729,sommese2013,,kcat_rel:sommese2013|v_rel:sommese2013
C004,R663H,0.966666666667,0.470765238,sarkar2020,,kcat_rel:sarkar2020|Na_rel:sarkar2020|v_rel:sarkar2020
C004,R719W,0.947368421053,8.406363571,kawana2017,,kcat_rel:kawana2017|Na_rel:adhikari2019
C004,S782N,1.04,9.627779674,morck2022,,kcat_rel:morck2022|Na_rel:morck2022|v_rel:morck2022
C004,Y115H,1.03225806452,1.001480582,nandwani2025,,kcat_rel:nandwani2025|Na_rel:nandwani2025|v_rel:nandwani2025
C005,D239N,1.48888888889,13.403061292,adhikari2016,,kcat_rel:adhikari2016|v_rel:adhikari2016
C005,D778V,1.16,40.463212935,morck2022,,kcat_rel:morck2022|Na_rel:morck2022|v_rel:morck2022
C005,E497D,1.51612903226,33.041275717,nandwani2025,,kcat_rel:nandwani2025|Na_rel:nandwani2025|v_rel:nandwani2025
C005,G741R,0.901960784314,50.536779052,kawana2017,,kcat_rel:kawana2017
C005,G768R,0.729981378026,37.221601537,pathak2026,,kcat_rel:pathak2026|Na_rel:pathak2026|v_rel:pathak2026
C005,H251N,1.24444444444,25.169257061,adhikari2016,,kcat_rel:adhikari2016|Na_rel:adhikari2019|v_rel:adhikari2016
C005,I457T,1.75313807531,21.837342352,adhikari2019,,kcat_rel:adhikari2019|Na_rel:adhikari2019|v_rel:adhikari2019
C005,L781P,0.97,44.222855912,morck2022,,kcat_rel:morck2022|Na_rel:morck2022|v_rel:morck2022
C005,R249Q,0.707112970711,21.010504373,adhikari2019,,kcat_rel:adhikari2019|Na_rel:adhikari2019
C005,R403Q,1.26666666667,51.830841456,nag2015,,kcat_rel:nag2015|Na_rel:sarkar2020|v_rel:nag2015
C005,R453C,0.675675675676,30.254764402,sommese2013,,kcat_rel:sommese2013|v_rel:sommese2013
C005,R663H,0.966666666667,28.386762514,sarkar2020,,kcat_rel:sarkar2020|Na_rel:sarkar2020|v_rel:sarkar2020
C005,R719W,0.947368421053,43.651493651,kawana2017,,kcat_rel:kawana2017|Na_rel:adhikari2019
C005,S782N,1.04,44.593384453,morck2022,,kcat_rel:morck2022|Na_rel:morck2022|v_rel:morck2022
C005,Y115H,1.03225806452,10.592775132,nandwani2025,,kcat_rel:nandwani2025|Na_rel:nandwani2025|v_rel:nandwani2025
C006,D239N,1.48888888889,35.055819859,adhikari2016,,kcat_rel:adhikari2016|v_rel:adhikari2016
C006,D778V,1.16,49.423230469,morck2022,,kcat_rel:morck2022|Na_rel:morck2022|v_rel:morck2022
C006,E497D,1.51612903226,35.006758447,nandwani2025,,kcat_rel:nandwani2025|Na_rel:nandwani2025|v_rel:nandwani2025
C006,G741R,0.901960784314,59.812430589,kawana2017,,kcat_rel:kawana2017
C006,G768R,0.729981378026,41.371189951,pathak2026,,kcat_rel:pathak2026|Na_rel:pathak2026|v_rel:pathak2026
C006,H251N,1.24444444444,33.494749156,adhikari2016,,kcat_rel:adhikari2016|Na_rel:adhikari2019|v_rel:adhikari2016
C006,I457T,1.75313807531,34.656604638,adhikari2019,,kcat_rel:adhikari2019|Na_rel:adhikari2019|v_rel:adhikari2019
C006,L781P,0.97,54.824513176,morck2022,,kcat_rel:morck2022|Na_rel:morck2022|v_rel:morck2022
C006,R249Q,0.707112970711,29.534631079,adhikari2019,,kcat_rel:adhikari2019|Na_rel:adhikari2019
C006,R403Q,1.26666666667,6.824444959,nag2015,,kcat_rel:nag2015|Na_rel:sarkar2020|v_rel:nag2015
C006,R453C,0.675675675676,35.183105321,sommese2013,,kcat_rel:sommese2013|v_rel:sommese2013
C006,R663H,0.966666666667,18.430391993,sarkar2020,,kcat_rel:sarkar2020|Na_rel:sarkar2020|v_rel:sarkar2020
C006,R719W,0.947368421053,59.390799237,kawana2017,,kcat_rel:kawana2017|Na_rel:adhikari2019
C006,Y115H,1.03225806452,46.983964392,nandwani2025,,kcat_rel:nandwani2025|Na_rel:nandwani2025|v_rel:nandwani2025
C007,A797T,0.93,52.462266922,morck2022,,kcat_rel:morck2022|Na_rel:morck2022|v_rel:morck2022
C007,D239N,1.48888888889,35.685035706,adhikari2016,,kcat_rel:adhikari2016|v_rel:adhikari2016
C007,D778V,1.16,28.416404724,morck2022,,kcat_rel:morck2022|Na_rel:morck2022|v_rel:morck2022
C007,E497D,1.51612903226,0.0,nandwani2025,,kcat_rel:nandwani2025|Na_rel:nandwani2025|v_rel:nandwani2025
C007,F834L,1.03,91.854549408,morck2022,,kcat_rel:morck2022|Na_rel:morck2022|v_rel:morck2022
C007,G741R,0.901960784314,17.866434097,kawana2017,,kcat_rel:kawana2017
C007,G768R,0.729981378026,17.450050354,pathak2026,,kcat_rel:pathak2026|Na_rel:pathak2026|v_rel:pathak2026
C007,H251N,1.24444444444,27.890908241,adhikari2016,,kcat_rel:adhikari2016|Na_rel:adhikari2019|v_rel:adhikari2016
C007,I457T,1.75313807531,22.242405891,adhikari2019,,kcat_rel:adhikari2019|Na_rel:adhikari2019|v_rel:adhikari2019
C007,L781P,0.97,31.056694984,morck2022,,kcat_rel:morck2022|Na_rel:morck2022|v_rel:morck2022
C007,R249Q,0.707112970711,26.015706062,adhikari2019,,kcat_rel:adhikari2019|Na_rel:adhikari2019
C007,R403Q,1.26666666667,58.937068939,nag2015,,kcat_rel:nag2015|Na_rel:sarkar2020|v_rel:nag2015
C007,R453C,0.675675675676,30.65838623,sommese2013,,kcat_rel:sommese2013|v_rel:sommese2013
C007,R663H,0.966666666667,13.299701691,sarkar2020,,kcat_rel:sarkar2020|Na_rel:sarkar2020|v_rel:sarkar2020
C007,R719W,0.947368421053,18.235423088,kawana2017,,kcat_rel:kawana2017|Na_rel:adhikari2019
C007,S782N,1.04,33.881681442,morck2022,,kcat_rel:morck2022|Na_rel:morck2022|v_rel:morck2022
C007,Y115H,1.03225806452,25.090517044,nandwani2025,,kcat_rel:nandwani2025|Na_rel:nandwani2025|v_rel:nandwani2025
C008,A797T,0.93,3.156838916,morck2022,,kcat_rel:morck2022|Na_rel:morck2022|v_rel:morck2022
C008,D239N,1.48888888889,38.631224062,adhikari2016,,kcat_rel:adhikari2016|v_rel:adhikari2016
C008,D778V,1.16,5.919902893,morck2022,,kcat_rel:morck2022|Na_rel:morck2022|v_rel:morck2022
C008,E497D,1.51612903226,22.479331336,nandwani2025,,kcat_rel:nandwani2025|Na_rel:nandwani2025|v_rel:nandwani2025
C008,F834L,1.03,29.13726394,morck2022,,kcat_rel:morck2022|Na_rel:morck2022|v_rel:morck2022
C008,G741R,0.901960784314,12.707218468,kawana2017,,kcat_rel:kawana2017
C008,G768R,0.729981378026,17.509287479,pathak2026,,kcat_rel:pathak2026|Na_rel:pathak2026|v_rel:pathak2026
C008,H251N,1.24444444444,13.811298229,adhikari2016,,kcat_rel:adhikari2016|Na_rel:adhikari2019|v_rel:adhikari2016
C008,I457T,1.75313807531,12.500166133,adhikari2019,,kcat_rel:adhikari2019|Na_rel:adhikari2019|v_rel:adhikari2019
C008,L781P,0.97,3.36913415,morck2022,,kcat_rel:morck2022|Na_rel:morck2022|v_rel:morck2022
C008,R249Q,0.707112970711,18.980836575,adhikari2019,,kcat_rel:adhikari2019|Na_rel:adhikari2019
C008,R403Q,1.26666666667,59.339271569,nag2015,,kcat_rel:nag2015|Na_rel:sarkar2020|v_rel:nag2015
C008,R453C,0.675675675676,10.360766721,sommese2013,,kcat_rel:sommese2013|v_rel:sommese2013
C008,R663H,0.966666666667,21.301204586,sarkar2020,,kcat_rel:sarkar2020|Na_rel:sarkar2020|v_rel:sarkar2020
C008,R719W,0.947368421053,6.05199896,kawana2017,,kcat_rel:kawana2017|Na_rel:adhikari2019
C008,S782N,1.04,4.56841049,morck2022,,kcat_rel:morck2022|Na_rel:morck2022|v_rel:morck2022
C008,Y115H,1.03225806452,23.217351996,nandwani2025,,kcat_rel:nandwani2025|Na_rel:nandwani2025|v_rel:nandwani2025
C009,A797T,0.93,0,morck2022,,kcat_rel:morck2022|Na_rel:morck2022|v_rel:morck2022
C009,D239N,1.48888888889,1,adhikari2016,,kcat_rel:adhikari2016|v_rel:adhikari2016
C009,D778V,1.16,1,morck2022,,kcat_rel:morck2022|Na_rel:morck2022|v_rel:morck2022
C009,E497D,1.51612903226,0,nandwani2025,,kcat_rel:nandwani2025|Na_rel:nandwani2025|v_rel:nandwani2025
C009,F834L,1.03,0,morck2022,,kcat_rel:morck2022|Na_rel:morck2022|v_rel:morck2022
C009,G741R,0.901960784314,1,kawana2017,,kcat_rel:kawana2017
C009,G768R,0.729981378026,1,pathak2026,,kcat_rel:pathak2026|Na_rel:pathak2026|v_rel:pathak2026
C009,H251N,1.24444444444,0,adhikari2016,,kcat_rel:adhikari2016|Na_rel:adhikari2019|v_rel:adhikari2016
C009,I457T,1.75313807531,0,adhikari2019,,kcat_rel:adhikari2019|Na_rel:adhikari2019|v_rel:adhikari2019
C009,L781P,0.97,0,morck2022,,kcat_rel:morck2022|Na_rel:morck2022|v_rel:morck2022
C009,R249Q,0.707112970711,-1,adhikari2019,,kcat_rel:adhikari2019|Na_rel:adhikari2019
C009,R403Q,1.26666666667,-1,nag2015,,kcat_rel:nag2015|Na_rel:sarkar2020|v_rel:nag2015
C009,R453C,0.675675675676,-1,sommese2013,,kcat_rel:sommese2013|v_rel:sommese2013
C009,R663H,0.966666666667,-1,sarkar2020,,kcat_rel:sarkar2020|Na_rel:sarkar2020|v_rel:sarkar2020
C009,R719W,0.947368421053,-1,kawana2017,,kcat_rel:kawana2017|Na_rel:adhikari2019
C009,S782N,1.04,0,morck2022,,kcat_rel:morck2022|Na_rel:morck2022|v_rel:morck2022
C009,Y115H,1.03225806452,0,nandwani2025,,kcat_rel:nandwani2025|Na_rel:nandwani2025|v_rel:nandwani2025
C010,A797T,0.93,58,morck2022,,kcat_rel:morck2022|Na_rel:morck2022|v_rel:morck2022
C010,D239N,1.48888888889,23,adhikari2016,,kcat_rel:adhikari2016|v_rel:adhikari2016
C010,D778V,1.16,152,morck2022,,kcat_rel:morck2022|Na_rel:morck2022|v_rel:morck2022
C010,E497D,1.51612903226,45,nandwani2025,,kcat_rel:nandwani2025|Na_rel:nandwani2025|v_rel:nandwani2025
C010,F834L,1.03,22,morck2022,,kcat_rel:morck2022|Na_rel:morck2022|v_rel:morck2022
C010,G741R,0.901960784314,125,kawana2017,,kcat_rel:kawana2017
C010,G768R,0.729981378026,125,pathak2026,,kcat_rel:pathak2026|Na_rel:pathak2026|v_rel:pathak2026
C010,H251N,1.24444444444,68,adhikari2016,,kcat_rel:adhikari2016|Na_rel:adhikari2019|v_rel:adhikari2016
C010,I457T,1.75313807531,89,adhikari2019,,kcat_rel:adhikari2019|Na_rel:adhikari2019|v_rel:adhikari2019
C010,L781P,0.97,98,morck2022,,kcat_rel:morck2022|Na_rel:morck2022|v_rel:morck2022
C010,R249Q,0.707112970711,43,adhikari2019,,kcat_rel:adhikari2019|Na_rel:adhikari2019
C010,R403Q,1.26666666667,43,nag2015,,kcat_rel:nag2015|Na_rel:sarkar2020|v_rel:nag2015
C010,R453C,0.675675675676,180,sommese2013,,kcat_rel:sommese2013|v_rel:sommese2013
C010,R663H,0.966666666667,29,sarkar2020,,kcat_rel:sarkar2020|Na_rel:sarkar2020|v_rel:sarkar2020
C010,R719W,0.947368421053,101,kawana2017,,kcat_rel:kawana2017|Na_rel:adhikari2019
C010,S782N,1.04,46,morck2022,,kcat_rel:morck2022|Na_rel:morck2022|v_rel:morck2022
C010,Y115H,1.03225806452,83,nandwani2025,,kcat_rel:nandwani2025|Na_rel:nandwani2025|v_rel:nandwani2025
C011,A797T,0.93,52.61597947966432,morck2022,,kcat_rel:morck2022|Na_rel:morck2022|v_rel:morck2022
C011,D239N,1.48888888889,0.0,adhikari2016,,kcat_rel:adhikari2016|v_rel:adhikari2016
C011,D778V,1.16,34.84337112631988,morck2022,,kcat_rel:morck2022|Na_rel:morck2022|v_rel:morck2022
C011,E497D,1.51612903226,22.822294945851162,nandwani2025,,kcat_rel:nandwani2025|Na_rel:nandwani2025|v_rel:nandwani2025
C011,F834L,1.03,86.25095026129094,morck2022,,kcat_rel:morck2022|Na_rel:morck2022|v_rel:morck2022
C011,G741R,0.901960784314,43.44510234672077,kawana2017,,kcat_rel:kawana2017
C011,G768R,0.729981378026,27.477198222458405,pathak2026,,kcat_rel:pathak2026|Na_rel:pathak2026|v_rel:pathak2026
C011,H251N,1.24444444444,16.073682688680528,adhikari2016,,kcat_rel:adhikari2016|Na_rel:adhikari2019|v_rel:adhikari2016
C011,I457T,1.75313807531,13.221737309855547,adhikari2019,,kcat_rel:adhikari2019|Na_rel:adhikari2019|v_rel:adhikari2019
C011,L781P,0.97,38.97306060048324,morck2022,,kcat_rel:morck2022|Na_rel:morck2022|v_rel:morck2022
C011,R249Q,0.707112970711,9.744404953362427,adhikari2019,,kcat_rel:adhikari2019|Na_rel:adhikari2019
C011,R403Q,1.26666666667,33.522361644995755,nag2015,,kcat_rel:nag2015|Na_rel:sarkar2020|v_rel:nag2015
C011,R453C,0.675675675676,21.430166265853757,sommese2013,,kcat_rel:sommese2013|v_rel:sommese2013
C011,R663H,0.966666666667,16.313801523298913,sarkar2020,,kcat_rel:sarkar2020|Na_rel:sarkar2020|v_rel:sarkar2020
C011,R719W,0.947368421053,37.94742621682316,kawana2017,,kcat_rel:kawana2017|Na_rel:adhikari2019
C011,S782N,1.04,38.841925839573804,morck2022,,kcat_rel:morck2022|Na_rel:morck2022|v_rel:morck2022
C011,Y115H,1.03225806452,12.022325833439357,nandwani2025,,kcat_rel:nandwani2025|Na_rel:nandwani2025|v_rel:nandwani2025
C012,A797T,0.93,0.0283018867925,morck2022,,kcat_rel:morck2022|Na_rel:morck2022|v_rel:morck2022
C012,D778V,1.16,0.315950920245,morck2022,,kcat_rel:morck2022|Na_rel:morck2022|v_rel:morck2022
C012,E497D,1.51612903226,0.0876288659794,nandwani2025,,kcat_rel:nandwani2025|Na_rel:nandwani2025|v_rel:nandwani2025
C012,F834L,1.03,0.210659898477,morck2022,,kcat_rel:morck2022|Na_rel:morck2022|v_rel:morck2022
C012,G768R,0.729981378026,0.613095238095,pathak2026,,kcat_rel:pathak2026|Na_rel:pathak2026|v_rel:pathak2026
C012,H251N,1.24444444444,0.0951086956522,adhikari2016,,kcat_rel:adhikari2016|Na_rel:adhikari2019|v_rel:adhikari2016
C012,I457T,1.75313807531,0,adhikari2019,,kcat_rel:adhikari2019|Na_rel:adhikari2019|v_rel:adhikari2019
C012,L781P,0.97,0.15243902439,morck2022,,kcat_rel:morck2022|Na_rel:morck2022|v_rel:morck2022
C012,R249Q,0.707112970711,0.20564516129,adhikari2019,,kcat_rel:adhikari2019|Na_rel:adhikari2019
C012,R403Q,1.26666666667,0.183467741935,nag2015,,kcat_rel:nag2015|Na_rel:sarkar2020|v_rel:nag2015
C012,R663H,0.966666666667,0.608870967742,sarkar2020,,kcat_rel:sarkar2020|Na_rel:sarkar2020|v_rel:sarkar2020
C012,R719W,0.947368421053,0.161290322581,kawana2017,,kcat_rel:kawana2017|Na_rel:adhikari2019
C012,S782N,1.04,0.342307692308,morck2022,,kcat_rel:morck2022|Na_rel:morck2022|v_rel:morck2022
C012,Y115H,1.03225806452,0.018018018018,nandwani2025,,kcat_rel:nandwani2025|Na_rel:nandwani2025|v_rel:nandwani2025
C013,A797T,0.93,0,morck2022,,kcat_rel:morck2022|Na_rel:morck2022|v_rel:morck2022
C013,D778V,1.16,0,morck2022,,kcat_rel:morck2022|Na_rel:morck2022|v_rel:morck2022
C013,E497D,1.51612903226,0,nandwani2025,,kcat_rel:nandwani2025|Na_rel:nandwani2025|v_rel:nandwani2025
C013,F834L,1.03,0,morck2022,,kcat_rel:morck2022|Na_rel:morck2022|v_rel:morck2022
C013,G768R,0.729981378026,0,pathak2026,,kcat_rel:pathak2026|Na_rel:pathak2026|v_rel:pathak2026
C013,H251N,1.24444444444,0,adhikari2016,,kcat_rel:adhikari2016|Na_rel:adhikari2019|v_rel:adhikari2016
C013,I457T,1.75313807531,0,adhikari2019,,kcat_rel:adhikari2019|Na_rel:adhikari2019|v_rel:adhikari2019
C013,L781P,0.97,0,morck2022,,kcat_rel:morck2022|Na_rel:morck2022|v_rel:morck2022
C013,R249Q,0.707112970711,0,adhikari2019,,kcat_rel:adhikari2019|Na_rel:adhikari2019
C013,R403Q,1.26666666667,1,nag2015,,kcat_rel:nag2015|Na_rel:sarkar2020|v_rel:nag2015
C013,R663H,0.966666666667,0,sarkar2020,,kcat_rel:sarkar2020|Na_rel:sarkar2020|v_rel:sarkar2020
C013,R719W,0.947368421053,0,kawana2017,,kcat_rel:kawana2017|Na_rel:adhikari2019
C013,S782N,1.04,0,morck2022,,kcat_rel:morck2022|Na_rel:morck2022|v_rel:morck2022
C013,Y115H,1.03225806452,0,nandwani2025,,kcat_rel:nandwani2025|Na_rel:nandwani2025|v_rel:nandwani2025
C014,D382Y,1.47368421053,1.074311125,adhikari2019,,Na_rel:adhikari2019
C014,D778V,1.32786885246,8.86589456,morck2022,,kcat_rel:morck2022|Na_rel:morck2022|v_rel:morck2022
C014,E497D,1.42857142857,2.321440558,nandwani2025,,kcat_rel:nandwani2025|Na_rel:nandwani2025|v_rel:nandwani2025
C014,G768R,1.75,4.944418844,pathak2026,,kcat_rel:pathak2026|Na_rel:pathak2026|v_rel:pathak2026
C014,H251N,1.59649122807,0.549455682,adhikari2019,,kcat_rel:adhikari2016|Na_rel:adhikari2019|v_rel:adhikari2016
C014,I457T,0.982456140351,0.514728554,adhikari2019,,kcat_rel:adhikari2019|Na_rel:adhikari2019|v_rel:adhikari2019
C014,L781P,1.39344262295,9.189484579,morck2022,,kcat_rel:morck2022|Na_rel:morck2022|v_rel:morck2022
C014,P710R,1.55675675676,4.618472905,vanderroest2021,,Na_rel:vanderroest2021|v_rel:vanderroest2021
C014,R249Q,1.68421052632,0.32951951,adhikari2019,,kcat_rel:adhikari2019|Na_rel:adhikari2019
C014,R403Q,1.39682539682,0.423043993,sarkar2020,,kcat_rel:nag2015|Na_rel:sarkar2020|v_rel:nag2015
C014,R663H,1.16326530612,0.470765238,sarkar2020,,kcat_rel:sarkar2020|Na_rel:sarkar2020|v_rel:sarkar2020
C014,R719W,1.80701754386,8.406363571,adhikari2019,,kcat_rel:kawana2017|Na_rel:adhikari2019
C014,S782N,1.32786885246,9.627779674,morck2022,,kcat_rel:morck2022|Na_rel:morck2022|v_rel:morck2022
C014,Y115H,1.42857142857,1.001480582,nandwani2025,,kcat_rel:nandwani2025|Na_rel:nandwani2025|v_rel:nandwani2025
C015,D382Y,1.47368421053,45.385706627,adhikari2019,,Na_rel:adhikari2019
C015,D778V,1.32786885246,40.463212935,morck2022,,kcat_rel:morck2022|Na_rel:morck2022|v_rel:morck2022
C015,E497D,1.42857142857,33.041275717,nandwani2025,,kcat_rel:nandwani2025|Na_rel:nandwani2025|v_rel:nandwani2025
C015,G768R,1.75,37.221601537,pathak2026,,kcat_rel:pathak2026|Na_rel:pathak2026|v_rel:pathak2026
C015,H251N,1.59649122807,25.169257061,adhikari2019,,kcat_rel:adhikari2016|Na_rel:adhikari2019|v_rel:adhikari2016
C015,I457T,0.982456140351,21.837342352,adhikari2019,,kcat_rel:adhikari2019|Na_rel:adhikari2019|v_rel:adhikari2019
C015,L781P,1.39344262295,44.222855912,morck2022,,kcat_rel:morck2022|Na_rel:morck2022|v_rel:morck2022
C015,P710R,1.55675675676,32.007836947,vanderroest2021,,Na_rel:vanderroest2021|v_rel:vanderroest2021
C015,R249Q,1.68421052632,21.010504373,adhikari2019,,kcat_rel:adhikari2019|Na_rel:adhikari2019
C015,R403Q,1.39682539682,51.830841456,sarkar2020,,kcat_rel:nag2015|Na_rel:sarkar2020|v_rel:nag2015
C015,R663H,1.16326530612,28.386762514,sarkar2020,,kcat_rel:sarkar2020|Na_rel:sarkar2020|v_rel:sarkar2020
C015,R719W,1.80701754386,43.651493651,adhikari2019,,kcat_rel:kawana2017|Na_rel:adhikari2019
C015,S782N,1.32786885246,44.593384453,morck2022,,kcat_rel:morck2022|Na_rel:morck2022|v_rel:morck2022
C015,Y115H,1.42857142857,10.592775132,nandwani2025,,kcat_rel:nandwani2025|Na_rel:nandwani2025|v_rel:nandwani2025
C016,D382Y,1.47368421053,23.146598433,adhikari2019,,Na_rel:adhikari2019
C016,D778V,1.32786885246,49.423230469,morck2022,,kcat_rel:morck2022|Na_rel:morck2022|v_rel:morck2022
C016,E497D,1.42857142857,35.006758447,nandwani2025,,kcat_rel:nandwani2025|Na_rel:nandwani2025|v_rel:nandwani2025
C016,G768R,1.75,41.371189951,pathak2026,,kcat_rel:pathak2026|Na_rel:pathak2026|v_rel:pathak2026
C016,H251N,1.59649122807,33.494749156,adhikari2019,,kcat_rel:adhikari2016|Na_rel:adhikari2019|v_rel:adhikari2016
C016,I457T,0.982456140351,34.656604638,adhikari2019,,kcat_rel:adhikari2019|Na_rel:adhikari2019|v_rel:adhikari2019
C016,L781P,1.39344262295,54.824513176,morck2022,,kcat_rel:morck2022|Na_rel:morck2022|v_rel:morck2022
C016,P710R,1.55675675676,42.843603397,vanderroest2021,,Na_rel:vanderroest2021|v_rel:vanderroest2021
C016,R249Q,1.68421052632,29.534631079,adhikari2019,,kcat_rel:adhikari2019|Na_rel:adhikari2019
C016,R403Q,1.39682539682,6.824444959,sarkar2020,,kcat_rel:nag2015|Na_rel:sarkar2020|v_rel:nag2015
C016,R663H,1.16326530612,18.430391993,sarkar2020,,kcat_rel:sarkar2020|Na_rel:sarkar2020|v_rel:sarkar2020
C016,R719W,1.80701754386,59.390799237,adhikari2019,,kcat_rel:kawana2017|Na_rel:adhikari2019
C016,Y115H,1.42857142857,46.983964392,nandwani2025,,kcat_rel:nandwani2025|Na_rel:nandwani2025|v_rel:nandwani2025
C017,A797T,1.95081967213,52.462266922,morck2022,,kcat_rel:morck2022|Na_rel:morck2022|v_rel:morck2022
C017,D382Y,1.47368421053,63.235746384,adhikari2019,,Na_rel:adhikari2019
C017,D778V,1.32786885246,28.416404724,morck2022,,kcat_rel:morck2022|Na_rel:morck2022|v_rel:morck2022
C017,E497D,1.42857142857,0.0,nandwani2025,,kcat_rel:nandwani2025|Na_rel:nandwani2025|v_rel:nandwani2025
C017,F834L,1.34426229508,91.854549408,morck2022,,kcat_rel:morck2022|Na_rel:morck2022|v_rel:morck2022
C017,G768R,1.75,17.450050354,pathak2026,,kcat_rel:pathak2026|Na_rel:pathak2026|v_rel:pathak2026
C017,H251N,1.59649122807,27.890908241,adhikari2019,,kcat_rel:adhikari2016|Na_rel:adhikari2019|v_rel:adhikari2016
C017,I457T,0.982456140351,22.242405891,adhikari2019,,kcat_rel:adhikari2019|Na_rel:adhikari2019|v_rel:adhikari2019
C017,L781P,1.39344262295,31.056694984,morck2022,,kcat_rel:morck2022|Na_rel:morck2022|v_rel:morck2022
C017,P710R,1.55675675676,8.58924818,vanderroest2021,,Na_rel:vanderroest2021|v_rel:vanderroest2021
C017,R249Q,1.68421052632,26.015706062,adhikari2019,,kcat_rel:adhikari2019|Na_rel:adhikari2019
C017,R403Q,1.39682539682,58.937068939,sarkar2020,,kcat_rel:nag2015|Na_rel:sarkar2020|v_rel:nag2015
C017,R663H,1.16326530612,13.299701691,sarkar2020,,kcat_rel:sarkar2020|Na_rel:sarkar2020|v_rel:sarkar2020
C017,R719W,1.80701754386,18.235423088,adhikari2019,,kcat_rel:kawana2017|Na_rel:adhikari2019
C017,S782N,1.32786885246,33.881681442,morck2022,,kcat_rel:morck2022|Na_rel:morck2022|v_rel:morck2022
C017,Y115H,1.42857142857,25.090517044,nandwani2025,,kcat_rel:nandwani2025|Na_rel:nandwani2025|v_rel:nandwani2025
C018,A797T,1.95081967213,3.156838916,morck2022,,kcat_rel:morck2022|Na_rel:morck2022|v_rel:morck2022
C018,D382Y,1.47368421053,58.317239874,adhikari2019,,Na_rel:adhikari2019
C018,D778V,1.32786885246,5.919902893,morck2022,,kcat_rel:morck2022|Na_rel:morck2022|v_rel:morck2022
C018,E497D,1.42857142857,22.479331336,nandwani2025,,kcat_rel:nandwani2025|Na_rel:nandwani2025|v_rel:nandwani2025
C018,F834L,1.34426229508,29.13726394,morck2022,,kcat_rel:morck2022|Na_rel:morck2022|v_rel:morck2022
C018,G768R,1.75,17.509287479,pathak2026,,kcat_rel:pathak2026|Na_rel:pathak2026|v_rel:pathak2026
C018,H251N,1.59649122807,13.811298229,adhikari2019,,kcat_rel:adhikari2016|Na_rel:adhikari2019|v_rel:adhikari2016
C018,I457T,0.982456140351,12.500166133,adhikari2019,,kcat_rel:adhikari2019|Na_rel:adhikari2019|v_rel:adhikari2019
C018,L781P,1.39344262295,3.36913415,morck2022,,kcat_rel:morck2022|Na_rel:morck2022|v_rel:morck2022
C018,P710R,1.55675675676,18.87526729,vanderroest2021,,Na_rel:vanderroest2021|v_rel:vanderroest2021
C018,R249Q,1.68421052632,18.980836575,adhikari2019,,kcat_rel:adhikari2019|Na_rel:adhikari2019
C018,R403Q,1.39682539682,59.339271569,sarkar2020,,kcat_rel:nag2015|Na_rel:sarkar2020|v_rel:nag2015
C018,R663H,1.16326530612,21.301204586,sarkar2020,,kcat_rel:sarkar2020|Na_rel:sarkar2020|v_rel:sarkar2020
C018,R719W,1.80701754386,6.05199896,adhikari2019,,kcat_rel:kawana2017|Na_rel:adhikari2019
C018,S782N,1.32786885246,4.56841049,morck2022,,kcat_rel:morck2022|Na_rel:morck2022|v_rel:morck2022
C018,Y115H,1.42857142857,23.217351996,nandwani2025,,kcat_rel:nandwani2025|Na_rel:nandwani2025|v_rel:nandwani2025
C019,A797T,1.95081967213,0,morck2022,,kcat_rel:morck2022|Na_rel:morck2022|v_rel:morck2022
C019,D382Y,1.47368421053,1,adhikari2019,,Na_rel:adhikari2019
C019,D778V,1.32786885246,1,morck2022,,kcat_rel:morck2022|Na_rel:morck2022|v_rel:morck2022
C019,E497D,1.42857142857,0,nandwani2025,,kcat_rel:nandwani2025|Na_rel:nandwani2025|v_rel:nandwani2025
C019,F834L,1.34426229508,0,morck2022,,kcat_rel:morck2022|Na_rel:morck2022|v_rel:morck2022
C019,G768R,1.75,1,pathak2026,,kcat_rel:pathak2026|Na_rel:pathak2026|v_rel:pathak2026
C019,H251N,1.59649122807,0,adhikari2019,,kcat_rel:adhikari2016|Na_rel:adhikari2019|v_rel:adhikari2016
C019,I457T,0.982456140351,0,adhikari2019,,kcat_rel:adhikari2019|Na_rel:adhikari2019|v_rel:adhikari2019
C019,L781P,1.39344262295,0,morck2022,,kcat_rel:morck2022|Na_rel:morck2022|v_rel:morck2022
C019,P710R,1.55675675676,1,vanderroest2021,,Na_rel:vanderroest2021|v_rel:vanderroest2021
C019,R249Q,1.68421052632,-1,adhikari2019,,kcat_rel:adhikari2019|Na_rel:adhikari2019
C019,R403Q,1.39682539682,-1,sarkar2020,,kcat_rel:nag2015|Na_rel:sarkar2020|v_rel:nag2015
C019,R663H,1.16326530612,-1,sarkar2020,,kcat_rel:sarkar2020|Na_rel:sarkar2020|v_rel:sarkar2020
C019,R719W,1.80701754386,-1,adhikari2019,,kcat_rel:kawana2017|Na_rel:adhikari2019
C019,S782N,1.32786885246,0,morck2022,,kcat_rel:morck2022|Na_rel:morck2022|v_rel:morck2022
C019,Y115H,1.42857142857,0,nandwani2025,,kcat_rel:nandwani2025|Na_rel:nandwani2025|v_rel:nandwani2025
C020,A797T,1.95081967213,58,morck2022,,kcat_rel:morck2022|Na_rel:morck2022|v_rel:morck2022
C020,D778V,1.32786885246,152,morck2022,,kcat_rel:morck2022|Na_rel:morck2022|v_rel:morck2022
C020,E497D,1.42857142857,45,nandwani2025,,kcat_rel:nandwani2025|Na_rel:nandwani2025|v_rel:nandwani2025
C020,F834L,1.34426229508,22,morck2022,,kcat_rel:morck2022|Na_rel:morck2022|v_rel:morck2022
C020,G768R,1.75,125,pathak2026,,kcat_rel:pathak2026|Na_rel:pathak2026|v_rel:pathak2026
C020,H251N,1.59649122807,68,adhikari2019,,kcat_rel:adhikari2016|Na_rel:adhikari2019|v_rel:adhikari2016
C020,I457T,0.982456140351,89,adhikari2019,,kcat_rel:adhikari2019|Na_rel:adhikari2019|v_rel:adhikari2019
C020,L781P,1.39344262295,98,morck2022,,kcat_rel:morck2022|Na_rel:morck2022|v_rel:morck2022
C020,R249Q,1.68421052632,43,adhikari2019,,kcat_rel:adhikari2019|Na_rel:adhikari2019
C020,R403Q,1.39682539682,43,sarkar2020,,kcat_rel:nag2015|Na_rel:sarkar2020|v_rel:nag2015
C020,R663H,1.16326530612,29,sarkar2020,,kcat_rel:sarkar2020|Na_rel:sarkar2020|v_rel:sarkar2020
C020,R719W,1.80701754386,101,adhikari2019,,kcat_rel:kawana2017|Na_rel:adhikari2019
C020,S782N,1.32786885246,46,morck2022,,kcat_rel:morck2022|Na_rel:morck2022|v_rel:morck2022
C020,Y115H,1.42857142857,83,nandwani2025,,kcat_rel:nandwani2025|Na_rel:nandwani2025|v_rel:nandwani2025
C021,A797T,1.95081967213,52.61597947966432,morck2022,,kcat_rel:morck2022|Na_rel:morck2022|v_rel:morck2022
C021,D778V,1.32786885246,34.84337112631988,morck2022,,kcat_rel:morck2022|Na_rel:morck2022|v_rel:morck2022
C021,E497D,1.42857142857,22.822294945851162,nandwani2025,,kcat_rel:nandwani2025|Na_rel:nandwani2025|v_rel:nandwani2025
C021,F834L,1.34426229508,86.25095026129094,morck2022,,kcat_rel:morck2022|Na_rel:morck2022|v_rel:morck2022
C021,G768R,1.75,27.477198222458405,pathak2026,,kcat_rel:pathak2026|Na_rel:pathak2026|v_rel:pathak2026
C021,H251N,1.59649122807,16.073682688680528,adhikari2019,,kcat_rel:adhikari2016|Na_rel:adhikari2019|v_rel:adhikari2016
C021,I457T,0.982456140351,13.221737309855547,adhikari2019,,kcat_rel:adhikari2019|Na_rel:adhikari2019|v_rel:adhikari2019
C021,L781P,1.39344262295,38.97306060048324,morck2022,,kcat_rel:morck2022|Na_rel:morck2022|v_rel:morck2022
C021,R249Q,1.68421052632,9.744404953362427,adhikari2019,,kcat_rel:adhikari2019|Na_rel:adhikari2019
C021,R403Q,1.39682539682,33.522361644995755,sarkar2020,,kcat_rel:nag2015|Na_rel:sarkar2020|v_rel:nag2015
C021,R663H,1.16326530612,16.313801523298913,sarkar2020,,kcat_rel:sarkar2020|Na_rel:sarkar2020|v_rel:sarkar2020
C021,R719W,1.80701754386,37.94742621682316,adhikari2019,,kcat_rel:kawana2017|Na_rel:adhikari2019
C021,S782N,1.32786885246,38.841925839573804,morck2022,,kcat_rel:morck2022|Na_rel:morck2022|v_rel:morck2022
C021,Y115H,1.42857142857,12.022325833439357,nandwani2025,,kcat_rel:nandwani2025|Na_rel:nandwani2025|v_rel:nandwani2025
C022,A797T,1.95081967213,0.0283018867925,morck2022,,kcat_rel:morck2022|Na_rel:morck2022|v_rel:morck2022
C022,D382Y,1.47368421053,0.233128834356,adhikari2019,,Na_rel:adhikari2019
C022,D778V,1.32786885246,0.315950920245,morck2022,,kcat_rel:morck2022|Na_rel:morck2022|v_rel:morck2022
C022,E497D,1.42857142857,0.0876288659794,nandwani2025,,kcat_rel:nandwani2025|Na_rel:nandwani2025|v_rel:nandwani2025
C022,F834L,1.34426229508,0.210659898477,morck2022,,kcat_rel:morck2022|Na_rel:morck2022|v_rel:morck2022
C022,G768R,1.75,0.613095238095,pathak2026,,kcat_rel:pathak2026|Na_rel:pathak2026|v_rel:pathak2026
C022,H251N,1.59649122807,0.0951086956522,adhikari2019,,kcat_rel:adhikari2016|Na_rel:adhikari2019|v_rel:adhikari2016
C022,I457T,0.982456140351,0,adhikari2019,,kcat_rel:adhikari2019|Na_rel:adhikari2019|v_rel:adhikari2019
C022,L781P,1.39344262295,0.15243902439,morck2022,,kcat_rel:morck2022|Na_rel:morck2022|v_rel:morck2022
C022,P710R,1.55675675676,0.110294117647,vanderroest2021,,Na_rel:vanderroest2021|v_rel:vanderroest2021
C022,R249Q,1.68421052632,0.20564516129,adhikari2019,,kcat_rel:adhikari2019|Na_rel:adhikari2019
C022,R403Q,1.39682539682,0.183467741935,sarkar2020,,kcat_rel:nag2015|Na_rel:sarkar2020|v_rel:nag2015
C022,R663H,1.16326530612,0.608870967742,sarkar2020,,kcat_rel:sarkar2020|Na_rel:sarkar2020|v_rel:sarkar2020
C022,R719W,1.80701754386,0.161290322581,adhikari2019,,kcat_rel:kawana2017|Na_rel:adhikari2019
C022,S782N,1.32786885246,0.342307692308,morck2022,,kcat_rel:morck2022|Na_rel:morck2022|v_rel:morck2022
C022,Y115H,1.42857142857,0.018018018018,nandwani2025,,kcat_rel:nandwani2025|Na_rel:nandwani2025|v_rel:nandwani2025
C023,A797T,1.95081967213,0,morck2022,,kcat_rel:morck2022|Na_rel:morck2022|v_rel:morck2022
C023,D382Y,1.47368421053,1,adhikari2019,,Na_rel:adhikari2019
C023,D778V,1.32786885246,0,morck2022,,kcat_rel:morck2022|Na_rel:morck2022|v_rel:morck2022
C023,E497D,1.42857142857,0,nandwani2025,,kcat_rel:nandwani2025|Na_rel:nandwani2025|v_rel:nandwani2025
C023,F834L,1.34426229508,0,morck2022,,kcat_rel:morck2022|Na_rel:morck2022|v_rel:morck2022
C023,G768R,1.75,0,pathak2026,,kcat_rel:pathak2026|Na_rel:pathak2026|v_rel:pathak2026
C023,H251N,1.59649122807,0,adhikari2019,,kcat_rel:adhikari2016|Na_rel:adhikari2019|v_rel:adhikari2016
C023,I457T,0.982456140351,0,adhikari2019,,kcat_rel:adhikari2019|Na_rel:adhikari2019|v_rel:adhikari2019
C023,L781P,1.39344262295,0,morck2022,,kcat_rel:morck2022|Na_rel:morck2022|v_rel:morck2022
C023,P710R,1.55675675676,0,vanderroest2021,,Na_rel:vanderroest2021|v_rel:vanderroest2021
C023,R249Q,1.68421052632,0,adhikari2019,,kcat_rel:adhikari2019|Na_rel:adhikari2019
C023,R403Q,1.39682539682,1,sarkar2020,,kcat_rel:nag2015|Na_rel:sarkar2020|v_rel:nag2015
C023,R663H,1.16326530612,0,sarkar2020,,kcat_rel:sarkar2020|Na_rel:sarkar2020|v_rel:sarkar2020
C023,R719W,1.80701754386,0,adhikari2019,,kcat_rel:kawana2017|Na_rel:adhikari2019
C023,S782N,1.32786885246,0,morck2022,,kcat_rel:morck2022|Na_rel:morck2022|v_rel:morck2022
C023,Y115H,1.42857142857,0,nandwani2025,,kcat_rel:nandwani2025|Na_rel:nandwani2025|v_rel:nandwani2025
C024,D239N,1.94186046512,0.647845688,adhikari2016,,kcat_rel:adhikari2016|v_rel:adhikari2016
C024,D778V,1.45871842144,8.86589456,morck2022,,kcat_rel:morck2022|Na_rel:morck2022|v_rel:morck2022
C024,E497D,0.808416389812,2.321440558,nandwani2025,,kcat_rel:nandwani2025|Na_rel:nandwani2025|v_rel:nandwani2025
C024,G768R,0.198040016333,4.944418844,pathak2026,,kcat_rel:pathak2026|Na_rel:pathak2026|v_rel:pathak2026
C024,H251N,1.39534883721,0.549455682,adhikari2016,,kcat_rel:adhikari2016|Na_rel:adhikari2019|v_rel:adhikari2016
C024,I457T,2.42857142857,0.514728554,adhikari2019,,kcat_rel:adhikari2019|Na_rel:adhikari2019|v_rel:adhikari2019
C024,L781P,0.704141222701,9.189484579,morck2022,,kcat_rel:morck2022|Na_rel:morck2022|v_rel:morck2022
C024,P710R,0.313648293963,4.618472905,vanderroest2021,,Na_rel:vanderroest2021|v_rel:vanderroest2021
C024,R403Q,1.14545454545,0.423043993,nag2015,,kcat_rel:nag2015|Na_rel:sarkar2020|v_rel:nag2015
C024,R453C,0.7625,0.593341729,sommese2013,,kcat_rel:sommese2013|v_rel:sommese2013
C024,R663H,1.01707317073,0.470765238,sarkar2020,,kcat_rel:sarkar2020|Na_rel:sarkar2020|v_rel:sarkar2020
C024,S782N,0.980249636914,9.627779674,morck2022,,kcat_rel:morck2022|Na_rel:morck2022|v_rel:morck2022
C024,Y115H,0.449612403101,1.001480582,nandwani2025,,kcat_rel:nandwani2025|Na_rel:nandwani2025|v_rel:nandwani2025
C025,D239N,1.94186046512,13.403061292,adhikari2016,,kcat_rel:adhikari2016|v_rel:adhikari2016
C025,D778V,1.45871842144,40.463212935,morck2022,,kcat_rel:morck2022|Na_rel:morck2022|v_rel:morck2022
C025,E497D,0.808416389812,33.041275717,nandwani2025,,kcat_rel:nandwani2025|Na_rel:nandwani2025|v_rel:nandwani2025
C025,G768R,0.198040016333,37.221601537,pathak2026,,kcat_rel:pathak2026|Na_rel:pathak2026|v_rel:pathak2026
C025,H251N,1.39534883721,25.169257061,adhikari2016,,kcat_rel:adhikari2016|Na_rel:adhikari2019|v_rel:adhikari2016
C025,I457T,2.42857142857,21.837342352,adhikari2019,,kcat_rel:adhikari2019|Na_rel:adhikari2019|v_rel:adhikari2019
C025,L781P,0.704141222701,44.222855912,morck2022,,kcat_rel:morck2022|Na_rel:morck2022|v_rel:morck2022
C025,P710R,0.313648293963,32.007836947,vanderroest2021,,Na_rel:vanderroest2021|v_rel:vanderroest2021
C025,R403Q,1.14545454545,51.830841456,nag2015,,kcat_rel:nag2015|Na_rel:sarkar2020|v_rel:nag2015
C025,R453C,0.7625,30.254764402,sommese2013,,kcat_rel:sommese2013|v_rel:sommese2013
C025,R663H,1.01707317073,28.386762514,sarkar2020,,kcat_rel:sarkar2020|Na_rel:sarkar2020|v_rel:sarkar2020
C025,S782N,0.980249636914,44.593384453,morck2022,,kcat_rel:morck2022|Na_rel:morck2022|v_rel:morck2022
C025,Y115H,0.449612403101,10.592775132,nandwani2025,,kcat_rel:nandwani2025|Na_rel:nandwani2025|v_rel:nandwani2025
C026,D239N,1.94186046512,35.055819859,adhikari2016,,kcat_rel:adhikari2016|v_rel:adhikari2016
C026,D778V,1.45871842144,49.423230469,morck2022,,kcat_rel:morck2022|Na_rel:morck2022|v_rel:morck2022
C026,E497D,0.808416389812,35.006758447,nandwani2025,,kcat_rel:nandwani2025|Na_rel:nandwani2025|v_rel:nandwani2025
C026,G768R,0.198040016333,41.371189951,pathak2026,,kcat_rel:pathak2026|Na_rel:pathak2026|v_rel:pathak2026
C026,H251N,1.39534883721,33.494749156,adhikari2016,,kcat_rel:adhikari2016|Na_rel:adhikari2019|v_rel:adhikari2016
C026,I457T,2.42857142857,34.656604638,adhikari2019,,kcat_rel:adhikari2019|Na_rel:adhikari2019|v_rel:adhikari2019
C026,L781P,0.704141222701,54.824513176,morck2022,,kcat_rel:morck2022|Na_rel:morck2022|v_rel:morck2022
C026,P710R,0.313648293963,42.843603397,vanderroest2021,,Na_rel:vanderroest2021|v_rel:vanderroest2021
C026,R403Q,1.14545454545,6.824444959,nag2015,,kcat_rel:nag2015|Na_rel:sarkar2020|v_rel:nag2015
C026,R453C,0.7625,35.183105321,sommese2013,,kcat_rel:sommese2013|v_rel:sommese2013
C026,R663H,1.01707317073,18.430391993,sarkar2020,,kcat_rel:sarkar2020|Na_rel:sarkar2020|v_rel:sarkar2020
C026,Y115H,0.449612403101,46.983964392,nandwani2025,,kcat_rel:nandwani2025|Na_rel:nandwani2025|v_rel:nandwani2025
C027,A797T,0.946675899425,52.462266922,morck2022,,kcat_rel:morck2022|Na_rel:morck2022|v_rel:morck2022
C027,D239N,1.94186046512,35.685035706,adhikari2016,,kcat_rel:adhikari2016|v_rel:adhikari2016
C027,D778V,1.45871842144,28.416404724,morck2022,,kcat_rel:morck2022|Na_rel:morck2022|v_rel:morck2022
C027,E497D,0.808416389812,0.0,nandwani2025,,kcat_rel:nandwani2025|Na_rel:nandwani2025|v_rel:nandwani2025
C027,F834L,1.0180466619,91.854549408,morck2022,,kcat_rel:morck2022|Na_rel:morck2022|v_rel:morck2022
C027,G768R,0.198040016333,17.450050354,pathak2026,,kcat_rel:pathak2026|Na_rel:pathak2026|v_rel:pathak2026
C027,H251N,1.39534883721,27.890908241,adhikari2016,,kcat_rel:adhikari2016|Na_rel:adhikari2019|v_rel:adhikari2016
C027,I457T,2.42857142857,22.242405891,adhikari2019,,kcat_rel:adhikari2019|Na_rel:adhikari2019|v_rel:adhikari2019
C027,L781P,0.704141222701,31.056694984,morck2022,,kcat_rel:morck2022|Na_rel:morck2022|v_rel:morck2022
C027,P710R,0.313648293963,8.58924818,vanderroest2021,,Na_rel:vanderroest2021|v_rel:vanderroest2021
C027,R403Q,1.14545454545,58.937068939,nag2015,,kcat_rel:nag2015|Na_rel:sarkar2020|v_rel:nag2015
C027,R453C,0.7625,30.65838623,sommese2013,,kcat_rel:sommese2013|v_rel:sommese2013
C027,R663H,1.01707317073,13.299701691,sarkar2020,,kcat_rel:sarkar2020|Na_rel:sarkar2020|v_rel:sarkar2020
C027,S782N,0.980249636914,33.881681442,morck2022,,kcat_rel:morck2022|Na_rel:morck2022|v_rel:morck2022
C027,Y115H,0.449612403101,25.090517044,nandwani2025,,kcat_rel:nandwani2025|Na_rel:nandwani2025|v_rel:nandwani2025
C028,A797T,0.946675899425,3.156838916,morck2022,,kcat_rel:morck2022|Na_rel:morck2022|v_rel:morck2022
C028,D239N,1.94186046512,38.631224062,adhikari2016,,kcat_rel:adhikari2016|v_rel:adhikari2016
C028,D778V,1.45871842144,5.919902893,morck2022,,kcat_rel:morck2022|Na_rel:morck2022|v_rel:morck2022
C028,E497D,0.808416389812,22.479331336,nandwani2025,,kcat_rel:nandwani2025|Na_rel:nandwani2025|v_rel:nandwani2025
C028,F834L,1.0180466619,29.13726394,morck2022,,kcat_rel:morck2022|Na_rel:morck2022|v_rel:morck2022
C028,G768R,0.198040016333,17.509287479,pathak2026,,kcat_rel:pathak2026|Na_rel:pathak2026|v_rel:pathak2026
C028,H251N,1.39534883721,13.811298229,adhikari2016,,kcat_rel:adhikari2016|Na_rel:adhikari2019|v_rel:adhikari2016
C028,I457T,2.42857142857,12.500166133,adhikari2019,,kcat_rel:adhikari2019|Na_rel:adhikari2019|v_rel:adhikari2019
C028,L781P,0.704141222701,3.36913415,morck2022,,kcat_rel:morck2022|Na_rel:morck2022|v_rel:morck2022
C028,P710R,0.313648293963,18.87526729,vanderroest2021,,Na_rel:vanderroest2021|v_rel:vanderroest2021
C028,R403Q,1.14545454545,59.339271569,nag2015,,kcat_rel:nag2015|Na_rel:sarkar2020|v_rel:nag2015
C028,R453C,0.7625,10.360766721,sommese2013,,kcat_rel:sommese2013|v_rel:sommese2013
C028,R663H,1.01707317073,21.301204586,sarkar2020,,kcat_rel:sarkar2020|Na_rel:sarkar2020|v_rel:sarkar2020
C028,S782N,0.980249636914,4.56841049,morck2022,,kcat_rel:morck2022|Na_rel:morck2022|v_rel:morck2022
C028,Y115H,0.449612403101,23.217351996,nandwani2025,,kcat_rel:nandwani2025|Na_rel:nandwani2025|v_rel:nandwani2025
C029,A797T,0.946675899425,0,morck2022,,kcat_rel:morck2022|Na_rel:morck2022|v_rel:morck2022
C029,D239N,1.94186046512,1,adhikari2016,,kcat_rel:adhikari2016|v_rel:adhikari2016
C029,D778V,1.45871842144,1,morck2022,,kcat_rel:morck2022|Na_rel:morck2022|v_rel:morck2022
C029,E497D,0.808416389812,0,nandwani2025,,kcat_rel:nandwani2025|Na_rel:nandwani2025|v_rel:nandwani2025
C029,F834L,1.0180466619,0,morck2022,,kcat_rel:morck2022|Na_rel:morck2022|v_rel:morck2022
C029,G768R,0.198040016333,1,pathak2026,,kcat_rel:pathak2026|Na_rel:pathak2026|v_rel:pathak2026
C029,H251N,1.39534883721,0,adhikari2016,,kcat_rel:adhikari2016|Na_rel:adhikari2019|v_rel:adhikari2016
C029,I457T,2.42857142857,0,adhikari2019,,kcat_rel:adhikari2019|Na_rel:adhikari2019|v_rel:adhikari2019
C029,L781P,0.704141222701,0,morck2022,,kcat_rel:morck2022|Na_rel:morck2022|v_rel:morck2022
C029,P710R,0.313648293963,1,vanderroest2021,,Na_rel:vanderroest2021|v_rel:vanderroest2021
C029,R403Q,1.14545454545,-1,nag2015,,kcat_rel:nag2015|Na_rel:sarkar2020|v_rel:nag2015
C029,R453C,0.7625,-1,sommese2013,,kcat_rel:sommese2013|v_rel:sommese2013
C029,R663H,1.01707317073,-1,sarkar2020,,kcat_rel:sarkar2020|Na_rel:sarkar2020|v_rel:sarkar2020
C029,S782N,0.980249636914,0,morck2022,,kcat_rel:morck2022|Na_rel:morck2022|v_rel:morck2022
C029,Y115H,0.449612403101,0,nandwani2025,,kcat_rel:nandwani2025|Na_rel:nandwani2025|v_rel:nandwani2025
C030,A797T,0.946675899425,58,morck2022,,kcat_rel:morck2022|Na_rel:morck2022|v_rel:morck2022
C030,D239N,1.94186046512,23,adhikari2016,,kcat_rel:adhikari2016|v_rel:adhikari2016
C030,D778V,1.45871842144,152,morck2022,,kcat_rel:morck2022|Na_rel:morck2022|v_rel:morck2022
C030,E497D,0.808416389812,45,nandwani2025,,kcat_rel:nandwani2025|Na_rel:nandwani2025|v_rel:nandwani2025
C030,F834L,1.0180466619,22,morck2022,,kcat_rel:morck2022|Na_rel:morck2022|v_rel:morck2022
C030,G768R,0.198040016333,125,pathak2026,,kcat_rel:pathak2026|Na_rel:pathak2026|v_rel:pathak2026
C030,H251N,1.39534883721,68,adhikari2016,,kcat_rel:adhikari2016|Na_rel:adhikari2019|v_rel:adhikari2016
C030,I457T,2.42857142857,89,adhikari2019,,kcat_rel:adhikari2019|Na_rel:adhikari2019|v_rel:adhikari2019
C030,L781P,0.704141222701,98,morck2022,,kcat_rel:morck2022|Na_rel:morck2022|v_rel:morck2022
C030,R403Q,1.14545454545,43,nag2015,,kcat_rel:nag2015|Na_rel:sarkar2020|v_rel:nag2015
C030,R453C,0.7625,180,sommese2013,,kcat_rel:sommese2013|v_rel:sommese2013
C030,R663H,1.01707317073,29,sarkar2020,,kcat_rel:sarkar2020|Na_rel:sarkar2020|v_rel:sarkar2020
C030,S782N,0.980249636914,46,morck2022,,kcat_rel:morck2022|Na_rel:morck2022|v_rel:morck2022
C030,Y115H,0.449612403101,83,nandwani2025,,kcat_rel:nandwani2025|Na_rel:nandwani2025|v_rel:nandwani2025
C031,A797T,0.946675899425,52.61597947966432,morck2022,,kcat_rel:morck2022|Na_rel:morck2022|v_rel:morck2022
C031,D239N,1.94186046512,0.0,adhikari2016,,kcat_rel:adhikari2016|v_rel:adhikari2016
C031,D778V,1.45871842144,34.84337112631988,morck2022,,kcat_rel:morck2022|Na_rel:morck2022|v_rel:morck2022
C031,E497D,0.808416389812,22.822294945851162,nandwani2025,,kcat_rel:nandwani2025|Na_rel:nandwani2025|v_rel:nandwani2025
C031,F834L,1.0180466619,86.25095026129094,morck2022,,kcat_rel:morck2022|Na_rel:morck2022|v_rel:morck2022
C031,G768R,0.198040016333,27.477198222458405,pathak2026,,kcat_rel:pathak2026|Na_rel:pathak2026|v_rel:pathak2026
C031,H251N,1.39534883721,16.073682688680528,adhikari2016,,kcat_rel:adhikari2016|Na_rel:adhikari2019|v_rel:adhikari2016
C031,I457T,2.42857142857,13.221737309855547,adhikari2019,,kcat_rel:adhikari2019|Na_rel:adhikari2019|v_rel:adhikari2019
C031,L781P,0.704141222701,38.97306060048324,morck2022,,kcat_rel:morck2022|Na_rel:morck2022|v_rel:morck2022
C031,R403Q,1.14545454545,33.522361644995755,nag2015,,kcat_rel:nag2015|Na_rel:sarkar2020|v_rel:nag2015
C031,R453C,0.7625,21.430166265853757,sommese2013,,kcat_rel:sommese2013|v_rel:sommese2013
C031,R663H,1.01707317073,16.313801523298913,sarkar2020,,kcat_rel:sarkar2020|Na_rel:sarkar2020|v_rel:sarkar2020
C031,S782N,0.980249636914,38.841925839573804,morck2022,,kcat_rel:morck2022|Na_rel:morck2022|v_rel:morck2022
C031,Y115H,0.449612403101,12.022325833439357,nandwani2025,,kcat_rel:nandwani2025|Na_rel:nandwani2025|v_rel:nandwani2025
C032,A797T,0.946675899425,0.0283018867925,morck2022,,kcat_rel:morck2022|Na_rel:morck2022|v_rel:morck2022
C032,D778V,1.45871842144,0.315950920245,morck2022,,kcat_rel:morck2022|Na_rel:morck2022|v_rel:morck2022
C032,E497D,0.808416389812,0.0876288659794,nandwani2025,,kcat_rel:nandwani2025|Na_rel:nandwani2025|v_rel:nandwani2025
C032,F834L,1.0180466619,0.210659898477,morck2022,,kcat_rel:morck2022|Na_rel:morck2022|v_rel:morck2022
C032,G768R,0.198040016333,0.613095238095,pathak2026,,kcat_rel:pathak2026|Na_rel:pathak2026|v_rel:pathak2026
C032,H251N,1.39534883721,0.0951086956522,adhikari2016,,kcat_rel:adhikari2016|Na_rel:adhikari2019|v_rel:adhikari2016
C032,I457T,2.42857142857,0,adhikari2019,,kcat_rel:adhikari2019|Na_rel:adhikari2019|v_rel:adhikari2019
C032,L781P,0.704141222701,0.15243902439,morck2022,,kcat_rel:morck2022|Na_rel:morck2022|v_rel:morck2022
C032,P710R,0.313648293963,0.110294117647,vanderroest2021,,Na_rel:vanderroest2021|v_rel:vanderroest2021
C032,R403Q,1.14545454545,0.183467741935,nag2015,,kcat_rel:nag2015|Na_rel:sarkar2020|v_rel:nag2015
C032,R663H,1.01707317073,0.608870967742,sarkar2020,,kcat_rel:sarkar2020|Na_rel:sarkar2020|v_rel:sarkar2020
C032,S782N,0.980249636914,0.342307692308,morck2022,,kcat_rel:morck2022|Na_rel:morck2022|v_rel:morck2022
C032,Y115H,0.449612403101,0.018018018018,nandwani2025,,kcat_rel:nandwani2025|Na_rel:nandwani2025|v_rel:nandwani2025
C033,A797T,0.946675899425,0,morck2022,,kcat_rel:morck2022|Na_rel:morck2022|v_rel:morck2022
C033,D778V,1.45871842144,0,morck2022,,kcat_rel:morck2022|Na_rel:morck2022|v_rel:morck2022
C033,E497D,0.808416389812,0,nandwani2025,,kcat_rel:nandwani2025|Na_rel:nandwani2025|v_rel:nandwani2025
C033,F834L,1.0180466619,0,morck2022,,kcat_rel:morck2022|Na_rel:morck2022|v_rel:morck2022
C033,G768R,0.198040016333,0,pathak2026,,kcat_rel:pathak2026|Na_rel:pathak2026|v_rel:pathak2026
C033,H251N,1.39534883721,0,adhikari2016,,kcat_rel:adhikari2016|Na_rel:adhikari2019|v_rel:adhikari2016
C033,I457T,2.42857142857,0,adhikari2019,,kcat_rel:adhikari2019|Na_rel:adhikari2019|v_rel:adhikari2019
C033,L781P,0.704141222701,0,morck2022,,kcat_rel:morck2022|Na_rel:morck2022|v_rel:morck2022
C033,P710R,0.313648293963,0,vanderroest2021,,Na_rel:vanderroest2021|v_rel:vanderroest2021
C033,R403Q,1.14545454545,1,nag2015,,kcat_rel:nag2015|Na_rel:sarkar2020|v_rel:nag2015
C033,R663H,1.01707317073,0,sarkar2020,,kcat_rel:sarkar2020|Na_rel:sarkar2020|v_rel:sarkar2020
C033,S782N,0.980249636914,0,morck2022,,kcat_rel:morck2022|Na_rel:morck2022|v_rel:morck2022
C033,Y115H,0.449612403101,0,nandwani2025,,kcat_rel:nandwani2025|Na_rel:nandwani2025|v_rel:nandwani2025
C034,D239N,0.647845688,13.403061292,,,kcat_rel:adhikari2016|v_rel:adhikari2016
C034,D382Y,1.074311125,45.385706627,,,Na_rel:adhikari2019
C034,D778V,8.86589456,40.463212935,,,kcat_rel:morck2022|Na_rel:morck2022|v_rel:morck2022
C034,E497D,2.321440558,33.041275717,,,kcat_rel:nandwani2025|Na_rel:nandwani2025|v_rel:nandwani2025
C034,G741R,7.082193584,50.536779052,,,kcat_rel:kawana2017
C034,G768R,4.944418844,37.221601537,,,kcat_rel:pathak2026|Na_rel:pathak2026|v_rel:pathak2026
C034,H251N,0.549455682,25.169257061,,,kcat_rel:adhikari2016|Na_rel:adhikari2019|v_rel:adhikari2016
C034,I457T,0.514728554,21.837342352,,,kcat_rel:adhikari2019|Na_rel:adhikari2019|v_rel:adhikari2019
C034,I467V,1.229711029,21.332175956,,,v_expanded:lehman2023
C034,L781P,9.189484579,44.222855912,,,kcat_rel:morck2022|Na_rel:morck2022|v_rel:morck2022
C034,M493I,1.565772466,28.201165455,,,v_expanded:cail2025
C034,P710R,4.618472905,32.007836947,,,Na_rel:vanderroest2021|v_rel:vanderroest2021
C034,R249Q,0.32951951,21.010504373,,,kcat_rel:adhikari2019|Na_rel:adhikari2019
C034,R403Q,0.423043993,51.830841456,,,kcat_rel:nag2015|Na_rel:sarkar2020|v_rel:nag2015
C034,R453C,0.593341729,30.254764402,,,kcat_rel:sommese2013|v_rel:sommese2013
C034,R663H,0.470765238,28.386762514,,,kcat_rel:sarkar2020|Na_rel:sarkar2020|v_rel:sarkar2020
C034,R671C,1.341872897,12.481364389,,,v_expanded:liu2024
C034,R719W,8.406363571,43.651493651,,,kcat_rel:kawana2017|Na_rel:adhikari2019
C034,S782N,9.627779674,44.593384453,,,kcat_rel:morck2022|Na_rel:morck2022|v_rel:morck2022
C034,Y115H,1.001480582,10.592775132,,,kcat_rel:nandwani2025|Na_rel:nandwani2025|v_rel:nandwani2025
C035,D239N,0.647845688,35.055819859,,,kcat_rel:adhikari2016|v_rel:adhikari2016
C035,D382Y,1.074311125,23.146598433,,,Na_rel:adhikari2019
C035,D778V,8.86589456,49.423230469,,,kcat_rel:morck2022|Na_rel:morck2022|v_rel:morck2022
C035,E497D,2.321440558,35.006758447,,,kcat_rel:nandwani2025|Na_rel:nandwani2025|v_rel:nandwani2025
C035,G741R,7.082193584,59.812430589,,,kcat_rel:kawana2017
C035,G768R,4.944418844,41.371189951,,,kcat_rel:pathak2026|Na_rel:pathak2026|v_rel:pathak2026
C035,H251N,0.549455682,33.494749156,,,kcat_rel:adhikari2016|Na_rel:adhikari2019|v_rel:adhikari2016
C035,I457T,0.514728554,34.656604638,,,kcat_rel:adhikari2019|Na_rel:adhikari2019|v_rel:adhikari2019
C035,I467V,1.229711029,25.12088623,,,v_expanded:lehman2023
C035,L781P,9.189484579,54.824513176,,,kcat_rel:morck2022|Na_rel:morck2022|v_rel:morck2022
C035,M493I,1.565772466,31.105244076,,,v_expanded:cail2025
C035,P710R,4.618472905,42.843603397,,,Na_rel:vanderroest2021|v_rel:vanderroest2021
C035,R249Q,0.32951951,29.534631079,,,kcat_rel:adhikari2019|Na_rel:adhikari2019
C035,R403Q,0.423043993,6.824444959,,,kcat_rel:nag2015|Na_rel:sarkar2020|v_rel:nag2015
C035,R453C,0.593341729,35.183105321,,,kcat_rel:sommese2013|v_rel:sommese2013
C035,R663H,0.470765238,18.430391993,,,kcat_rel:sarkar2020|Na_rel:sarkar2020|v_rel:sarkar2020
C035,R671C,1.341872897,31.945815375,,,v_expanded:liu2024
C035,R719W,8.406363571,59.390799237,,,kcat_rel:kawana2017|Na_rel:adhikari2019
C035,Y115H,1.001480582,46.983964392,,,kcat_rel:nandwani2025|Na_rel:nandwani2025|v_rel:nandwani2025
C036,D239N,0.647845688,35.685035706,,,kcat_rel:adhikari2016|v_rel:adhikari2016
C036,D382Y,1.074311125,63.235746384,,,Na_rel:adhikari2019
C036,D778V,8.86589456,28.416404724,,,kcat_rel:morck2022|Na_rel:morck2022|v_rel:morck2022
C036,E497D,2.321440558,0.0,,,kcat_rel:nandwani2025|Na_rel:nandwani2025|v_rel:nandwani2025
C036,G741R,7.082193584,17.866434097,,,kcat_rel:kawana2017
C036,G768R,4.944418844,17.450050354,,,kcat_rel:pathak2026|Na_rel:pathak2026|v_rel:pathak2026
C036,H251N,0.549455682,27.890908241,,,kcat_rel:adhikari2016|Na_rel:adhikari2019|v_rel:adhikari2016
C036,I457T,0.514728554,22.242405891,,,kcat_rel:adhikari2019|Na_rel:adhikari2019|v_rel:adhikari2019
C036,I467V,1.229711029,26.474781036,,,v_expanded:lehman2023
C036,L781P,9.189484579,31.056694984,,,kcat_rel:morck2022|Na_rel:morck2022|v_rel:morck2022
C036,M493I,1.565772466,6.19353199,,,v_expanded:cail2025
C036,P710R,4.618472905,8.58924818,,,Na_rel:vanderroest2021|v_rel:vanderroest2021
C036,R249Q,0.32951951,26.015706062,,,kcat_rel:adhikari2019|Na_rel:adhikari2019
C036,R403Q,0.423043993,58.937068939,,,kcat_rel:nag2015|Na_rel:sarkar2020|v_rel:nag2015
C036,R453C,0.593341729,30.65838623,,,kcat_rel:sommese2013|v_rel:sommese2013
C036,R663H,0.470765238,13.299701691,,,kcat_rel:sarkar2020|Na_rel:sarkar2020|v_rel:sarkar2020
C036,R671C,1.341872897,18.444245338,,,v_expanded:liu2024
C036,R719W,8.406363571,18.235423088,,,kcat_rel:kawana2017|Na_rel:adhikari2019
C036,S782N,9.627779674,33.881681442,,,kcat_rel:morck2022|Na_rel:morck2022|v_rel:morck2022
C036,Y115H,1.001480582,25.090517044,,,kcat_rel:nandwani2025|Na_rel:nandwani2025|v_rel:nandwani2025
C037,D239N,0.647845688,38.631224062,,,kcat_rel:adhikari2016|v_rel:adhikari2016
C037,D382Y,1.074311125,58.317239874,,,Na_rel:adhikari2019
C037,D778V,8.86589456,5.919902893,,,kcat_rel:morck2022|Na_rel:morck2022|v_rel:morck2022
C037,E497D,2.321440558,22.479331336,,,kcat_rel:nandwani2025|Na_rel:nandwani2025|v_rel:nandwani2025
C037,G741R,7.082193584,12.707218468,,,kcat_rel:kawana2017
C037,G768R,4.944418844,17.509287479,,,kcat_rel:pathak2026|Na_rel:pathak2026|v_rel:pathak2026
C037,H251N,0.549455682,13.811298229,,,kcat_rel:adhikari2016|Na_rel:adhikari2019|v_rel:adhikari2016
C037,I457T,0.514728554,12.500166133,,,kcat_rel:adhikari2019|Na_rel:adhikari2019|v_rel:adhikari2019
C037,I467V,1.229711029,43.063935422,,,v_expanded:lehman2023
C037,L781P,9.189484579,3.36913415,,,kcat_rel:morck2022|Na_rel:morck2022|v_rel:morck2022
C037,M493I,1.565772466,23.688039216,,,v_expanded:cail2025
C037,P710R,4.618472905,18.87526729,,,Na_rel:vanderroest2021|v_rel:vanderroest2021
C037,R249Q,0.32951951,18.980836575,,,kcat_rel:adhikari2019|Na_rel:adhikari2019
C037,R403Q,0.423043993,59.339271569,,,kcat_rel:nag2015|Na_rel:sarkar2020|v_rel:nag2015
C037,R453C,0.593341729,10.360766721,,,kcat_rel:sommese2013|v_rel:sommese2013
C037,R663H,0.470765238,21.301204586,,,kcat_rel:sarkar2020|Na_rel:sarkar2020|v_rel:sarkar2020
C037,R671C,1.341872897,25.784122897,,,v_expanded:liu2024
C037,R719W,8.406363571,6.05199896,,,kcat_rel:kawana2017|Na_rel:adhikari2019
C037,S782N,9.627779674,4.56841049,,,kcat_rel:morck2022|Na_rel:morck2022|v_rel:morck2022
C037,Y115H,1.001480582,23.217351996,,,kcat_rel:nandwani2025|Na_rel:nandwani2025|v_rel:nandwani2025
C038,D239N,0.647845688,1,,,kcat_rel:adhikari2016|v_rel:adhikari2016
C038,D382Y,1.074311125,1,,,Na_rel:adhikari2019
C038,D778V,8.86589456,1,,,kcat_rel:morck2022|Na_rel:morck2022|v_rel:morck2022
C038,E497D,2.321440558,0,,,kcat_rel:nandwani2025|Na_rel:nandwani2025|v_rel:nandwani2025
C038,G741R,7.082193584,1,,,kcat_rel:kawana2017
C038,G768R,4.944418844,1,,,kcat_rel:pathak2026|Na_rel:pathak2026|v_rel:pathak2026
C038,H251N,0.549455682,0,,,kcat_rel:adhikari2016|Na_rel:adhikari2019|v_rel:adhikari2016
C038,I457T,0.514728554,0,,,kcat_rel:adhikari2019|Na_rel:adhikari2019|v_rel:adhikari2019
C038,L781P,9.189484579,0,,,kcat_rel:morck2022|Na_rel:morck2022|v_rel:morck2022
C038,P710R,4.618472905,1,,,Na_rel:vanderroest2021|v_rel:vanderroest2021
C038,R249Q,0.32951951,-1,,,kcat_rel:adhikari2019|Na_rel:adhikari2019
C038,R403Q,0.423043993,-1,,,kcat_rel:nag2015|Na_rel:sarkar2020|v_rel:nag2015
C038,R453C,0.593341729,-1,,,kcat_rel:sommese2013|v_rel:sommese2013
C038,R663H,0.470765238,-1,,,kcat_rel:sarkar2020|Na_rel:sarkar2020|v_rel:sarkar2020
C038,R719W,8.406363571,-1,,,kcat_rel:kawana2017|Na_rel:adhikari2019
C038,S782N,9.627779674,0,,,kcat_rel:morck2022|Na_rel:morck2022|v_rel:morck2022
C038,Y115H,1.001480582,0,,,kcat_rel:nandwani2025|Na_rel:nandwani2025|v_rel:nandwani2025
C039,D239N,0.647845688,23,,,kcat_rel:adhikari2016|v_rel:adhikari2016
C039,D778V,8.86589456,152,,,kcat_rel:morck2022|Na_rel:morck2022|v_rel:morck2022
C039,E497D,2.321440558,45,,,kcat_rel:nandwani2025|Na_rel:nandwani2025|v_rel:nandwani2025
C039,G741R,7.082193584,125,,,kcat_rel:kawana2017
C039,G768R,4.944418844,125,,,kcat_rel:pathak2026|Na_rel:pathak2026|v_rel:pathak2026
C039,H251N,0.549455682,68,,,kcat_rel:adhikari2016|Na_rel:adhikari2019|v_rel:adhikari2016
C039,I457T,0.514728554,89,,,kcat_rel:adhikari2019|Na_rel:adhikari2019|v_rel:adhikari2019
C039,L781P,9.189484579,98,,,kcat_rel:morck2022|Na_rel:morck2022|v_rel:morck2022
C039,R249Q,0.32951951,43,,,kcat_rel:adhikari2019|Na_rel:adhikari2019
C039,R403Q,0.423043993,43,,,kcat_rel:nag2015|Na_rel:sarkar2020|v_rel:nag2015
C039,R453C,0.593341729,180,,,kcat_rel:sommese2013|v_rel:sommese2013
C039,R663H,0.470765238,29,,,kcat_rel:sarkar2020|Na_rel:sarkar2020|v_rel:sarkar2020
C039,R719W,8.406363571,101,,,kcat_rel:kawana2017|Na_rel:adhikari2019
C039,S782N,9.627779674,46,,,kcat_rel:morck2022|Na_rel:morck2022|v_rel:morck2022
C039,Y115H,1.001480582,83,,,kcat_rel:nandwani2025|Na_rel:nandwani2025|v_rel:nandwani2025
C040,D239N,0.647845688,0.0,,,kcat_rel:adhikari2016|v_rel:adhikari2016
C040,D778V,8.86589456,34.84337112631988,,,kcat_rel:morck2022|Na_rel:morck2022|v_rel:morck2022
C040,E497D,2.321440558,22.822294945851162,,,kcat_rel:nandwani2025|Na_rel:nandwani2025|v_rel:nandwani2025
C040,G741R,7.082193584,43.44510234672077,,,kcat_rel:kawana2017
C040,G768R,4.944418844,27.477198222458405,,,kcat_rel:pathak2026|Na_rel:pathak2026|v_rel:pathak2026
C040,H251N,0.549455682,16.073682688680528,,,kcat_rel:adhikari2016|Na_rel:adhikari2019|v_rel:adhikari2016
C040,I457T,0.514728554,13.221737309855547,,,kcat_rel:adhikari2019|Na_rel:adhikari2019|v_rel:adhikari2019
C040,L781P,9.189484579,38.97306060048324,,,kcat_rel:morck2022|Na_rel:morck2022|v_rel:morck2022
C040,R249Q,0.32951951,9.744404953362427,,,kcat_rel:adhikari2019|Na_rel:adhikari2019
C040,R403Q,0.423043993,33.522361644995755,,,kcat_rel:nag2015|Na_rel:sarkar2020|v_rel:nag2015
C040,R453C,0.593341729,21.430166265853757,,,kcat_rel:sommese2013|v_rel:sommese2013
C040,R663H,0.470765238,16.313801523298913,,,kcat_rel:sarkar2020|Na_rel:sarkar2020|v_rel:sarkar2020
C040,R719W,8.406363571,37.94742621682316,,,kcat_rel:kawana2017|Na_rel:adhikari2019
C040,S782N,9.627779674,38.841925839573804,,,kcat_rel:morck2022|Na_rel:morck2022|v_rel:morck2022
C040,Y115H,1.001480582,12.022325833439357,,,kcat_rel:nandwani2025|Na_rel:nandwani2025|v_rel:nandwani2025
C041,D382Y,1.074311125,0.233128834356,,,Na_rel:adhikari2019
C041,D778V,8.86589456,0.315950920245,,,kcat_rel:morck2022|Na_rel:morck2022|v_rel:morck2022
C041,E497D,2.321440558,0.0876288659794,,,kcat_rel:nandwani2025|Na_rel:nandwani2025|v_rel:nandwani2025
C041,G768R,4.944418844,0.613095238095,,,kcat_rel:pathak2026|Na_rel:pathak2026|v_rel:pathak2026
C041,H251N,0.549455682,0.0951086956522,,,kcat_rel:adhikari2016|Na_rel:adhikari2019|v_rel:adhikari2016
C041,I457T,0.514728554,0,,,kcat_rel:adhikari2019|Na_rel:adhikari2019|v_rel:adhikari2019
C041,L781P,9.189484579,0.15243902439,,,kcat_rel:morck2022|Na_rel:morck2022|v_rel:morck2022
C041,P710R,4.618472905,0.110294117647,,,Na_rel:vanderroest2021|v_rel:vanderroest2021
C041,R249Q,0.32951951,0.20564516129,,,kcat_rel:adhikari2019|Na_rel:adhikari2019
C041,R403Q,0.423043993,0.183467741935,,,kcat_rel:nag2015|Na_rel:sarkar2020|v_rel:nag2015
C041,R663H,0.470765238,0.608870967742,,,kcat_rel:sarkar2020|Na_rel:sarkar2020|v_rel:sarkar2020
C041,R719W,8.406363571,0.161290322581,,,kcat_rel:kawana2017|Na_rel:adhikari2019
C041,S782N,9.627779674,0.342307692308,,,kcat_rel:morck2022|Na_rel:morck2022|v_rel:morck2022
C041,Y115H,1.001480582,0.018018018018,,,kcat_rel:nandwani2025|Na_rel:nandwani2025|v_rel:nandwani2025
C042,D382Y,1.074311125,1,,,Na_rel:adhikari2019
C042,D778V,8.86589456,0,,,kcat_rel:morck2022|Na_rel:morck2022|v_rel:morck2022
C042,E497D,2.321440558,0,,,kcat_rel:nandwani2025|Na_rel:nandwani2025|v_rel:nandwani2025
C042,G768R,4.944418844,0,,,kcat_rel:pathak2026|Na_rel:pathak2026|v_rel:pathak2026
C042,H251N,0.549455682,0,,,kcat_rel:adhikari2016|Na_rel:adhikari2019|v_rel:adhikari2016
C042,I457T,0.514728554,0,,,kcat_rel:adhikari2019|Na_rel:adhikari2019|v_rel:adhikari2019
C042,L781P,9.189484579,0,,,kcat_rel:morck2022|Na_rel:morck2022|v_rel:morck2022
C042,P710R,4.618472905,0,,,Na_rel:vanderroest2021|v_rel:vanderroest2021
C042,R249Q,0.32951951,0,,,kcat_rel:adhikari2019|Na_rel:adhikari2019
C042,R403Q,0.423043993,1,,,kcat_rel:nag2015|Na_rel:sarkar2020|v_rel:nag2015
C042,R663H,0.470765238,0,,,kcat_rel:sarkar2020|Na_rel:sarkar2020|v_rel:sarkar2020
C042,R719W,8.406363571,0,,,kcat_rel:kawana2017|Na_rel:adhikari2019
C042,S782N,9.627779674,0,,,kcat_rel:morck2022|Na_rel:morck2022|v_rel:morck2022
C042,Y115H,1.001480582,0,,,kcat_rel:nandwani2025|Na_rel:nandwani2025|v_rel:nandwani2025
C043,D239N,13.403061292,35.055819859,,,kcat_rel:adhikari2016|v_rel:adhikari2016
C043,D382Y,45.385706627,23.146598433,,,Na_rel:adhikari2019
C043,D778V,40.463212935,49.423230469,,,kcat_rel:morck2022|Na_rel:morck2022|v_rel:morck2022
C043,E497D,33.041275717,35.006758447,,,kcat_rel:nandwani2025|Na_rel:nandwani2025|v_rel:nandwani2025
C043,G741R,50.536779052,59.812430589,,,kcat_rel:kawana2017
C043,G768R,37.221601537,41.371189951,,,kcat_rel:pathak2026|Na_rel:pathak2026|v_rel:pathak2026
C043,H251N,25.169257061,33.494749156,,,kcat_rel:adhikari2016|Na_rel:adhikari2019|v_rel:adhikari2016
C043,I457T,21.837342352,34.656604638,,,kcat_rel:adhikari2019|Na_rel:adhikari2019|v_rel:adhikari2019
C043,I467V,21.332175956,25.12088623,,,v_expanded:lehman2023
C043,L781P,44.222855912,54.824513176,,,kcat_rel:morck2022|Na_rel:morck2022|v_rel:morck2022
C043,M493I,28.201165455,31.105244076,,,v_expanded:cail2025
C043,P710R,32.007836947,42.843603397,,,Na_rel:vanderroest2021|v_rel:vanderroest2021
C043,R249Q,21.010504373,29.534631079,,,kcat_rel:adhikari2019|Na_rel:adhikari2019
C043,R403Q,51.830841456,6.824444959,,,kcat_rel:nag2015|Na_rel:sarkar2020|v_rel:nag2015
C043,R453C,30.254764402,35.183105321,,,kcat_rel:sommese2013|v_rel:sommese2013
C043,R663H,28.386762514,18.430391993,,,kcat_rel:sarkar2020|Na_rel:sarkar2020|v_rel:sarkar2020
C043,R671C,12.481364389,31.945815375,,,v_expanded:liu2024
C043,R719W,43.651493651,59.390799237,,,kcat_rel:kawana2017|Na_rel:adhikari2019
C043,Y115H,10.592775132,46.983964392,,,kcat_rel:nandwani2025|Na_rel:nandwani2025|v_rel:nandwani2025
C044,D239N,13.403061292,35.685035706,,,kcat_rel:adhikari2016|v_rel:adhikari2016
C044,D382Y,45.385706627,63.235746384,,,Na_rel:adhikari2019
C044,D778V,40.463212935,28.416404724,,,kcat_rel:morck2022|Na_rel:morck2022|v_rel:morck2022
C044,E497D,33.041275717,0.0,,,kcat_rel:nandwani2025|Na_rel:nandwani2025|v_rel:nandwani2025
C044,G741R,50.536779052,17.866434097,,,kcat_rel:kawana2017
C044,G768R,37.221601537,17.450050354,,,kcat_rel:pathak2026|Na_rel:pathak2026|v_rel:pathak2026
C044,H251N,25.169257061,27.890908241,,,kcat_rel:adhikari2016|Na_rel:adhikari2019|v_rel:adhikari2016
C044,I457T,21.837342352,22.242405891,,,kcat_rel:adhikari2019|Na_rel:adhikari2019|v_rel:adhikari2019
C044,I467V,21.332175956,26.474781036,,,v_expanded:lehman2023
C044,L781P,44.222855912,31.056694984,,,kcat_rel:morck2022|Na_rel:morck2022|v_rel:morck2022
C044,M493I,28.201165455,6.19353199,,,v_expanded:cail2025
C044,P710R,32.007836947,8.58924818,,,Na_rel:vanderroest2021|v_rel:vanderroest2021
C044,R249Q,21.010504373,26.015706062,,,kcat_rel:adhikari2019|Na_rel:adhikari2019
C044,R403Q,51.830841456,58.937068939,,,kcat_rel:nag2015|Na_rel:sarkar2020|v_rel:nag2015
C044,R453C,30.254764402,30.65838623,,,kcat_rel:sommese2013|v_rel:sommese2013
C044,R663H,28.386762514,13.299701691,,,kcat_rel:sarkar2020|Na_rel:sarkar2020|v_rel:sarkar2020
C044,R671C,12.481364389,18.444245338,,,v_expanded:liu2024
C044,R719W,43.651493651,18.235423088,,,kcat_rel:kawana2017|Na_rel:adhikari2019
C044,S782N,44.593384453,33.881681442,,,kcat_rel:morck2022|Na_rel:morck2022|v_rel:morck2022
C044,Y115H,10.592775132,25.090517044,,,kcat_rel:nandwani2025|Na_rel:nandwani2025|v_rel:nandwani2025
C045,D239N,13.403061292,38.631224062,,,kcat_rel:adhikari2016|v_rel:adhikari2016
C045,D382Y,45.385706627,58.317239874,,,Na_rel:adhikari2019
C045,D778V,40.463212935,5.919902893,,,kcat_rel:morck2022|Na_rel:morck2022|v_rel:morck2022
C045,E497D,33.041275717,22.479331336,,,kcat_rel:nandwani2025|Na_rel:nandwani2025|v_rel:nandwani2025
C045,G741R,50.536779052,12.707218468,,,kcat_rel:kawana2017
C045,G768R,37.221601537,17.509287479,,,kcat_rel:pathak2026|Na_rel:pathak2026|v_rel:pathak2026
C045,H251N,25.169257061,13.811298229,,,kcat_rel:adhikari2016|Na_rel:adhikari2019|v_rel:adhikari2016
C045,I457T,21.837342352,12.500166133,,,kcat_rel:adhikari2019|Na_rel:adhikari2019|v_rel:adhikari2019
C045,I467V,21.332175956,43.063935422,,,v_expanded:lehman2023
C045,L781P,44.222855912,3.36913415,,,kcat_rel:morck2022|Na_rel:morck2022|v_rel:morck2022
C045,M493I,28.201165455,23.688039216,,,v_expanded:cail2025
C045,P710R,32.007836947,18.87526729,,,Na_rel:vanderroest2021|v_rel:vanderroest2021
C045,R249Q,21.010504373,18.980836575,,,kcat_rel:adhikari2019|Na_rel:adhikari2019
C045,R403Q,51.830841456,59.339271569,,,kcat_rel:nag2015|Na_rel:sarkar2020|v_rel:nag2015
C045,R453C,30.254764402,10.360766721,,,kcat_rel:sommese2013|v_rel:sommese2013
C045,R663H,28.386762514,21.301204586,,,kcat_rel:sarkar2020|Na_rel:sarkar2020|v_rel:sarkar2020
C045,R671C,12.481364389,25.784122897,,,v_expanded:liu2024
C045,R719W,43.651493651,6.05199896,,,kcat_rel:kawana2017|Na_rel:adhikari2019
C045,S782N,44.593384453,4.56841049,,,kcat_rel:morck2022|Na_rel:morck2022|v_rel:morck2022
C045,Y115H,10.592775132,23.217351996,,,kcat_rel:nandwani2025|Na_rel:nandwani2025|v_rel:nandwani2025
C046,D239N,13.403061292,1,,,kcat_rel:adhikari2016|v_rel:adhikari2016
C046,D382Y,45.385706627,1,,,Na_rel:adhikari2019
C046,D778V,40.463212935,1,,,kcat_rel:morck2022|Na_rel:morck2022|v_rel:morck2022
C046,E497D,33.041275717,0,,,kcat_rel:nandwani2025|Na_rel:nandwani2025|v_rel:nandwani2025
C046,G741R,50.536779052,1,,,kcat_rel:kawana2017
C046,G768R,37.221601537,1,,,kcat_rel:pathak2026|Na_rel:pathak2026|v_rel:pathak2026
C046,H251N,25.169257061,0,,,kcat_rel:adhikari2016|Na_rel:adhikari2019|v_rel:adhikari2016
C046,I457T,21.837342352,0,,,kcat_rel:adhikari2019|Na_rel:adhikari2019|v_rel:adhikari2019
C046,L781P,44.222855912,0,,,kcat_rel:morck2022|Na_rel:morck2022|v_rel:morck2022
C046,P710R,32.007836947,1,,,Na_rel:vanderroest2021|v_rel:vanderroest2021
C046,R249Q,21.010504373,-1,,,kcat_rel:adhikari2019|Na_rel:adhikari2019
C046,R403Q,51.830841456,-1,,,kcat_rel:nag2015|Na_rel:sarkar2020|v_rel:nag2015
C046,R453C,30.254764402,-1,,,kcat_rel:sommese2013|v_rel:sommese2013
C046,R663H,28.386762514,-1,,,kcat_rel:sarkar2020|Na_rel:sarkar2020|v_rel:sarkar2020
C046,R719W,43.651493651,-1,,,kcat_rel:kawana2017|Na_rel:adhikari2019
C046,S782N,44.593384453,0,,,kcat_rel:morck2022|Na_rel:morck2022|v_rel:morck2022
C046,Y115H,10.592775132,0,,,kcat_rel:nandwani2025|Na_rel:nandwani2025|v_rel:nandwani2025
C047,D239N,13.403061292,23,,,kcat_rel:adhikari2016|v_rel:adhikari2016
C047,D778V,40.463212935,152,,,kcat_rel:morck2022|Na_rel:morck2022|v_rel:morck2022
C047,E497D,33.041275717,45,,,kcat_rel:nandwani2025|Na_rel:nandwani2025|v_rel:nandwani2025
C047,G741R,50.536779052,125,,,kcat_rel:kawana2017
C047,G768R,37.221601537,125,,,kcat_rel:pathak2026|Na_rel:pathak2026|v_rel:pathak2026
C047,H251N,25.169257061,68,,,kcat_rel:adhikari2016|Na_rel:adhikari2019|v_rel:adhikari2016
C047,I457T,21.837342352,89,,,kcat_rel:adhikari2019|Na_rel:adhikari2019|v_rel:adhikari2019
C047,L781P,44.222855912,98,,,kcat_rel:morck2022|Na_rel:morck2022|v_rel:morck2022
C047,R249Q,21.010504373,43,,,kcat_rel:adhikari2019|Na_rel:adhikari2019
C047,R403Q,51.830841456,43,,,kcat_rel:nag2015|Na_rel:sarkar2020|v_rel:nag2015
C047,R453C,30.254764402,180,,,kcat_rel:sommese2013|v_rel:sommese2013
C047,R663H,28.386762514,29,,,kcat_rel:sarkar2020|Na_rel:sarkar2020|v_rel:sarkar2020
C047,R719W,43.651493651,101,,,kcat_rel:kawana2017|Na_rel:adhikari2019
C047,S782N,44.593384453,46,,,kcat_rel:morck2022|Na_rel:morck2022|v_rel:morck2022
C047,Y115H,10.592775132,83,,,kcat_rel:nandwani2025|Na_rel:nandwani2025|v_rel:nandwani2025
C048,D239N,13.403061292,0.0,,,kcat_rel:adhikari2016|v_rel:adhikari2016
C048,D778V,40.463212935,34.84337112631988,,,kcat_rel:morck2022|Na_rel:morck2022|v_rel:morck2022
C048,E497D,33.041275717,22.822294945851162,,,kcat_rel:nandwani2025|Na_rel:nandwani2025|v_rel:nandwani2025
C048,G741R,50.536779052,43.44510234672077,,,kcat_rel:kawana2017
C048,G768R,37.221601537,27.477198222458405,,,kcat_rel:pathak2026|Na_rel:pathak2026|v_rel:pathak2026
C048,H251N,25.169257061,16.073682688680528,,,kcat_rel:adhikari2016|Na_rel:adhikari2019|v_rel:adhikari2016
C048,I457T,21.837342352,13.221737309855547,,,kcat_rel:adhikari2019|Na_rel:adhikari2019|v_rel:adhikari2019
C048,L781P,44.222855912,38.97306060048324,,,kcat_rel:morck2022|Na_rel:morck2022|v_rel:morck2022
C048,R249Q,21.010504373,9.744404953362427,,,kcat_rel:adhikari2019|Na_rel:adhikari2019
C048,R403Q,51.830841456,33.522361644995755,,,kcat_rel:nag2015|Na_rel:sarkar2020|v_rel:nag2015
C048,R453C,30.254764402,21.430166265853757,,,kcat_rel:sommese2013|v_rel:sommese2013
C048,R663H,28.386762514,16.313801523298913,,,kcat_rel:sarkar2020|Na_rel:sarkar2020|v_rel:sarkar2020
C048,R719W,43.651493651,37.94742621682316,,,kcat_rel:kawana2017|Na_rel:adhikari2019
C048,S782N,44.593384453,38.841925839573804,,,kcat_rel:morck2022|Na_rel:morck2022|v_rel:morck2022
C048,Y115H,10.592775132,12.022325833439357,,,kcat_rel:nandwani2025|Na_rel:nandwani2025|v_rel:nandwani2025
C049,D382Y,45.385706627,0.233128834356,,,Na_rel:adhikari2019
C049,D778V,40.463212935,0.315950920245,,,kcat_rel:morck2022|Na_rel:morck2022|v_rel:morck2022
C049,E497D,33.041275717,0.0876288659794,,,kcat_rel:nandwani2025|Na_rel:nandwani2025|v_rel:nandwani2025
C049,G768R,37.221601537,0.613095238095,,,kcat_rel:pathak2026|Na_rel:pathak2026|v_rel:pathak2026
C049,H251N,25.169257061,0.0951086956522,,,kcat_rel:adhikari2016|Na_rel:adhikari2019|v_rel:adhikari2016
C049,I457T,21.837342352,0,,,kcat_rel:adhikari2019|Na_rel:adhikari2019|v_rel:adhikari2019
C049,L781P,44.222855912,0.15243902439,,,kcat_rel:morck2022|Na_rel:morck2022|v_rel:morck2022
C049,P710R,32.007836947,0.110294117647,,,Na_rel:vanderroest2021|v_rel:vanderroest2021
C049,R249Q,21.010504373,0.20564516129,,,kcat_rel:adhikari2019|Na_rel:adhikari2019
C049,R403Q,51.830841456,0.183467741935,,,kcat_rel:nag2015|Na_rel:sarkar2020|v_rel:nag2015
C049,R663H,28.386762514,0.608870967742,,,kcat_rel:sarkar2020|Na_rel:sarkar2020|v_rel:sarkar2020
C049,R719W,43.651493651,0.161290322581,,,kcat_rel:kawana2017|Na_rel:adhikari2019
C049,S782N,44.593384453,0.342307692308,,,kcat_rel:morck2022|Na_rel:morck2022|v_rel:morck2022
C049,Y115H,10.592775132,0.018018018018,,,kcat_rel:nandwani2025|Na_rel:nandwani2025|v_rel:nandwani2025
C050,D382Y,45.385706627,1,,,Na_rel:adhikari2019
C050,D778V,40.463212935,0,,,kcat_rel:morck2022|Na_rel:morck2022|v_rel:morck2022
C050,E497D,33.041275717,0,,,kcat_rel:nandwani2025|Na_rel:nandwani2025|v_rel:nandwani2025
C050,G768R,37.221601537,0,,,kcat_rel:pathak2026|Na_rel:pathak2026|v_rel:pathak2026
C050,H251N,25.169257061,0,,,kcat_rel:adhikari2016|Na_rel:adhikari2019|v_rel:adhikari2016
C050,I457T,21.837342352,0,,,kcat_rel:adhikari2019|Na_rel:adhikari2019|v_rel:adhikari2019
C050,L781P,44.222855912,0,,,kcat_rel:morck2022|Na_rel:morck2022|v_rel:morck2022
C050,P710R,32.007836947,0,,,Na_rel:vanderroest2021|v_rel:vanderroest2021
C050,R249Q,21.010504373,0,,,kcat_rel:adhikari2019|Na_rel:adhikari2019
C050,R403Q,51.830841456,1,,,kcat_rel:nag2015|Na_rel:sarkar2020|v_rel:nag2015
C050,R663H,28.386762514,0,,,kcat_rel:sarkar2020|Na_rel:sarkar2020|v_rel:sarkar2020
C050,R719W,43.651493651,0,,,kcat_rel:kawana2017|Na_rel:adhikari2019
C050,S782N,44.593384453,0,,,kcat_rel:morck2022|Na_rel:morck2022|v_rel:morck2022
C050,Y115H,10.592775132,0,,,kcat_rel:nandwani2025|Na_rel:nandwani2025|v_rel:nandwani2025
C051,D239N,35.055819859,35.685035706,,,kcat_rel:adhikari2016|v_rel:adhikari2016
C051,D382Y,23.146598433,63.235746384,,,Na_rel:adhikari2019
C051,D778V,49.423230469,28.416404724,,,kcat_rel:morck2022|Na_rel:morck2022|v_rel:morck2022
C051,E497D,35.006758447,0.0,,,kcat_rel:nandwani2025|Na_rel:nandwani2025|v_rel:nandwani2025
C051,G741R,59.812430589,17.866434097,,,kcat_rel:kawana2017
C051,G768R,41.371189951,17.450050354,,,kcat_rel:pathak2026|Na_rel:pathak2026|v_rel:pathak2026
C051,H251N,33.494749156,27.890908241,,,kcat_rel:adhikari2016|Na_rel:adhikari2019|v_rel:adhikari2016
C051,I457T,34.656604638,22.242405891,,,kcat_rel:adhikari2019|Na_rel:adhikari2019|v_rel:adhikari2019
C051,I467V,25.12088623,26.474781036,,,v_expanded:lehman2023
C051,L781P,54.824513176,31.056694984,,,kcat_rel:morck2022|Na_rel:morck2022|v_rel:morck2022
C051,M493I,31.105244076,6.19353199,,,v_expanded:cail2025
C051,P710R,42.843603397,8.58924818,,,Na_rel:vanderroest2021|v_rel:vanderroest2021
C051,R249Q,29.534631079,26.015706062,,,kcat_rel:adhikari2019|Na_rel:adhikari2019
C051,R403Q,6.824444959,58.937068939,,,kcat_rel:nag2015|Na_rel:sarkar2020|v_rel:nag2015
C051,R453C,35.183105321,30.65838623,,,kcat_rel:sommese2013|v_rel:sommese2013
C051,R663H,18.430391993,13.299701691,,,kcat_rel:sarkar2020|Na_rel:sarkar2020|v_rel:sarkar2020
C051,R671C,31.945815375,18.444245338,,,v_expanded:liu2024
C051,R719W,59.390799237,18.235423088,,,kcat_rel:kawana2017|Na_rel:adhikari2019
C051,Y115H,46.983964392,25.090517044,,,kcat_rel:nandwani2025|Na_rel:nandwani2025|v_rel:nandwani2025
C052,D239N,35.055819859,38.631224062,,,kcat_rel:adhikari2016|v_rel:adhikari2016
C052,D382Y,23.146598433,58.317239874,,,Na_rel:adhikari2019
C052,D778V,49.423230469,5.919902893,,,kcat_rel:morck2022|Na_rel:morck2022|v_rel:morck2022
C052,E497D,35.006758447,22.479331336,,,kcat_rel:nandwani2025|Na_rel:nandwani2025|v_rel:nandwani2025
C052,G741R,59.812430589,12.707218468,,,kcat_rel:kawana2017
C052,G768R,41.371189951,17.509287479,,,kcat_rel:pathak2026|Na_rel:pathak2026|v_rel:pathak2026
C052,H251N,33.494749156,13.811298229,,,kcat_rel:adhikari2016|Na_rel:adhikari2019|v_rel:adhikari2016
C052,I457T,34.656604638,12.500166133,,,kcat_rel:adhikari2019|Na_rel:adhikari2019|v_rel:adhikari2019
C052,I467V,25.12088623,43.063935422,,,v_expanded:lehman2023
C052,L781P,54.824513176,3.36913415,,,kcat_rel:morck2022|Na_rel:morck2022|v_rel:morck2022
C052,M493I,31.105244076,23.688039216,,,v_expanded:cail2025
C052,P710R,42.843603397,18.87526729,,,Na_rel:vanderroest2021|v_rel:vanderroest2021
C052,R249Q,29.534631079,18.980836575,,,kcat_rel:adhikari2019|Na_rel:adhikari2019
C052,R403Q,6.824444959,59.339271569,,,kcat_rel:nag2015|Na_rel:sarkar2020|v_rel:nag2015
C052,R453C,35.183105321,10.360766721,,,kcat_rel:sommese2013|v_rel:sommese2013
C052,R663H,18.430391993,21.301204586,,,kcat_rel:sarkar2020|Na_rel:sarkar2020|v_rel:sarkar2020
C052,R671C,31.945815375,25.784122897,,,v_expanded:liu2024
C052,R719W,59.390799237,6.05199896,,,kcat_rel:kawana2017|Na_rel:adhikari2019
C052,Y115H,46.983964392,23.217351996,,,kcat_rel:nandwani2025|Na_rel:nandwani2025|v_rel:nandwani2025
C053,D239N,35.055819859,1,,,kcat_rel:adhikari2016|v_rel:adhikari2016
C053,D382Y,23.146598433,1,,,Na_rel:adhikari2019
C053,D778V,49.423230469,1,,,kcat_rel:morck2022|Na_rel:morck2022|v_rel:morck2022
C053,E497D,35.006758447,0,,,kcat_rel:nandwani2025|Na_rel:nandwani2025|v_rel:nandwani2025
C053,G741R,59.812430589,1,,,kcat_rel:kawana2017
C053,G768R,41.371189951,1,,,kcat_rel:pathak2026|Na_rel:pathak2026|v_rel:pathak2026
C053,H251N,33.494749156,0,,,kcat_rel:adhikari2016|Na_rel:adhikari2019|v_rel:adhikari2016
C053,I457T,34.656604638,0,,,kcat_rel:adhikari2019|Na_rel:adhikari2019|v_rel:adhikari2019
C053,L781P,54.824513176,0,,,kcat_rel:morck2022|Na_rel:morck2022|v_rel:morck2022
C053,P710R,42.843603397,1,,,Na_rel:vanderroest2021|v_rel:vanderroest2021
C053,R249Q,29.534631079,-1,,,kcat_rel:adhikari2019|Na_rel:adhikari2019
C053,R403Q,6.824444959,-1,,,kcat_rel:nag2015|Na_rel:sarkar2020|v_rel:nag2015
C053,R453C,35.183105321,-1,,,kcat_rel:sommese2013|v_rel:sommese2013
C053,R663H,18.430391993,-1,,,kcat_rel:sarkar2020|Na_rel:sarkar2020|v_rel:sarkar2020
C053,R719W,59.390799237,-1,,,kcat_rel:kawana2017|Na_rel:adhikari2019
C053,Y115H,46.983964392,0,,,kcat_rel:nandwani2025|Na_rel:nandwani2025|v_rel:nandwani2025
C054,D239N,35.055819859,23,,,kcat_rel:adhikari2016|v_rel:adhikari2016
C054,D778V,49.423230469,152,,,kcat_rel:morck2022|Na_rel:morck2022|v_rel:morck2022
C054,E497D,35.006758447,45,,,kcat_rel:nandwani2025|Na_rel:nandwani2025|v_rel:nandwani2025
C054,G741R,59.812430589,125,,,kcat_rel:kawana2017
C054,G768R,41.371189951,125,,,kcat_rel:pathak2026|Na_rel:pathak2026|v_rel:pathak2026
C054,H251N,33.494749156,68,,,kcat_rel:adhikari2016|Na_rel:adhikari2019|v_rel:adhikari2016
C054,I457T,34.656604638,89,,,kcat_rel:adhikari2019|Na_rel:adhikari2019|v_rel:adhikari2019
C054,L781P,54.824513176,98,,,kcat_rel:morck2022|Na_rel:morck2022|v_rel:morck2022
C054,R249Q,29.534631079,43,,,kcat_rel:adhikari2019|Na_rel:adhikari2019
C054,R403Q,6.824444959,43,,,kcat_rel:nag2015|Na_rel:sarkar2020|v_rel:nag2015
C054,R453C,35.183105321,180,,,kcat_rel:sommese2013|v_rel:sommese2013
C054,R663H,18.430391993,29,,,kcat_rel:sarkar2020|Na_rel:sarkar2020|v_rel:sarkar2020
C054,R719W,59.390799237,101,,,kcat_rel:kawana2017|Na_rel:adhikari2019
C054,Y115H,46.983964392,83,,,kcat_rel:nandwani2025|Na_rel:nandwani2025|v_rel:nandwani2025
C055,D239N,35.055819859,0.0,,,kcat_rel:adhikari2016|v_rel:adhikari2016
C055,D778V,49.423230469,34.84337112631988,,,kcat_rel:morck2022|Na_rel:morck2022|v_rel:morck2022
C055,E497D,35.006758447,22.822294945851162,,,kcat_rel:nandwani2025|Na_rel:nandwani2025|v_rel:nandwani2025
C055,G741R,59.812430589,43.44510234672077,,,kcat_rel:kawana2017
C055,G768R,41.371189951,27.477198222458405,,,kcat_rel:pathak2026|Na_rel:pathak2026|v_rel:pathak2026
C055,H251N,33.494749156,16.073682688680528,,,kcat_rel:adhikari2016|Na_rel:adhikari2019|v_rel:adhikari2016
C055,I457T,34.656604638,13.221737309855547,,,kcat_rel:adhikari2019|Na_rel:adhikari2019|v_rel:adhikari2019
C055,L781P,54.824513176,38.97306060048324,,,kcat_rel:morck2022|Na_rel:morck2022|v_rel:morck2022
C055,R249Q,29.534631079,9.744404953362427,,,kcat_rel:adhikari2019|Na_rel:adhikari2019
C055,R403Q,6.824444959,33.522361644995755,,,kcat_rel:nag2015|Na_rel:sarkar2020|v_rel:nag2015
C055,R453C,35.183105321,21.430166265853757,,,kcat_rel:sommese2013|v_rel:sommese2013
C055,R663H,18.430391993,16.313801523298913,,,kcat_rel:sarkar2020|Na_rel:sarkar2020|v_rel:sarkar2020
C055,R719W,59.390799237,37.94742621682316,,,kcat_rel:kawana2017|Na_rel:adhikari2019
C055,Y115H,46.983964392,12.022325833439357,,,kcat_rel:nandwani2025|Na_rel:nandwani2025|v_rel:nandwani2025
C056,D382Y,23.146598433,0.233128834356,,,Na_rel:adhikari2019
C056,D778V,49.423230469,0.315950920245,,,kcat_rel:morck2022|Na_rel:morck2022|v_rel:morck2022
C056,E497D,35.006758447,0.0876288659794,,,kcat_rel:nandwani2025|Na_rel:nandwani2025|v_rel:nandwani2025
C056,G768R,41.371189951,0.613095238095,,,kcat_rel:pathak2026|Na_rel:pathak2026|v_rel:pathak2026
C056,H251N,33.494749156,0.0951086956522,,,kcat_rel:adhikari2016|Na_rel:adhikari2019|v_rel:adhikari2016
C056,I457T,34.656604638,0,,,kcat_rel:adhikari2019|Na_rel:adhikari2019|v_rel:adhikari2019
C056,L781P,54.824513176,0.15243902439,,,kcat_rel:morck2022|Na_rel:morck2022|v_rel:morck2022
C056,P710R,42.843603397,0.110294117647,,,Na_rel:vanderroest2021|v_rel:vanderroest2021
C056,R249Q,29.534631079,0.20564516129,,,kcat_rel:adhikari2019|Na_rel:adhikari2019
C056,R403Q,6.824444959,0.183467741935,,,kcat_rel:nag2015|Na_rel:sarkar2020|v_rel:nag2015
C056,R663H,18.430391993,0.608870967742,,,kcat_rel:sarkar2020|Na_rel:sarkar2020|v_rel:sarkar2020
C056,R719W,59.390799237,0.161290322581,,,kcat_rel:kawana2017|Na_rel:adhikari2019
C056,Y115H,46.983964392,0.018018018018,,,kcat_rel:nandwani2025|Na_rel:nandwani2025|v_rel:nandwani2025
C057,D382Y,23.146598433,1,,,Na_rel:adhikari2019
C057,D778V,49.423230469,0,,,kcat_rel:morck2022|Na_rel:morck2022|v_rel:morck2022
C057,E497D,35.006758447,0,,,kcat_rel:nandwani2025|Na_rel:nandwani2025|v_rel:nandwani2025
C057,G768R,41.371189951,0,,,kcat_rel:pathak2026|Na_rel:pathak2026|v_rel:pathak2026
C057,H251N,33.494749156,0,,,kcat_rel:adhikari2016|Na_rel:adhikari2019|v_rel:adhikari2016
C057,I457T,34.656604638,0,,,kcat_rel:adhikari2019|Na_rel:adhikari2019|v_rel:adhikari2019
C057,L781P,54.824513176,0,,,kcat_rel:morck2022|Na_rel:morck2022|v_rel:morck2022
C057,P710R,42.843603397,0,,,Na_rel:vanderroest2021|v_rel:vanderroest2021
C057,R249Q,29.534631079,0,,,kcat_rel:adhikari2019|Na_rel:adhikari2019
C057,R403Q,6.824444959,1,,,kcat_rel:nag2015|Na_rel:sarkar2020|v_rel:nag2015
C057,R663H,18.430391993,0,,,kcat_rel:sarkar2020|Na_rel:sarkar2020|v_rel:sarkar2020
C057,R719W,59.390799237,0,,,kcat_rel:kawana2017|Na_rel:adhikari2019
C057,Y115H,46.983964392,0,,,kcat_rel:nandwani2025|Na_rel:nandwani2025|v_rel:nandwani2025
C058,A797T,52.462266922,3.156838916,,,kcat_rel:morck2022|Na_rel:morck2022|v_rel:morck2022
C058,D239N,35.685035706,38.631224062,,,kcat_rel:adhikari2016|v_rel:adhikari2016
C058,D382Y,63.235746384,58.317239874,,,Na_rel:adhikari2019
C058,D778V,28.416404724,5.919902893,,,kcat_rel:morck2022|Na_rel:morck2022|v_rel:morck2022
C058,E497D,0.0,22.479331336,,,kcat_rel:nandwani2025|Na_rel:nandwani2025|v_rel:nandwani2025
C058,F834L,91.854549408,29.13726394,,,kcat_rel:morck2022|Na_rel:morck2022|v_rel:morck2022
C058,G741R,17.866434097,12.707218468,,,kcat_rel:kawana2017
C058,G768R,17.450050354,17.509287479,,,kcat_rel:pathak2026|Na_rel:pathak2026|v_rel:pathak2026
C058,H251N,27.890908241,13.811298229,,,kcat_rel:adhikari2016|Na_rel:adhikari2019|v_rel:adhikari2016
C058,I457T,22.242405891,12.500166133,,,kcat_rel:adhikari2019|Na_rel:adhikari2019|v_rel:adhikari2019
C058,I467V,26.474781036,43.063935422,,,v_expanded:lehman2023
C058,L781P,31.056694984,3.36913415,,,kcat_rel:morck2022|Na_rel:morck2022|v_rel:morck2022
C058,M493I,6.19353199,23.688039216,,,v_expanded:cail2025
C058,P710R,8.58924818,18.87526729,,,Na_rel:vanderroest2021|v_rel:vanderroest2021
C058,R249Q,26.015706062,18.980836575,,,kcat_rel:adhikari2019|Na_rel:adhikari2019
C058,R403Q,58.937068939,59.339271569,,,kcat_rel:nag2015|Na_rel:sarkar2020|v_rel:nag2015
C058,R453C,30.65838623,10.360766721,,,kcat_rel:sommese2013|v_rel:sommese2013
C058,R663H,13.299701691,21.301204586,,,kcat_rel:sarkar2020|Na_rel:sarkar2020|v_rel:sarkar2020
C058,R671C,18.444245338,25.784122897,,,v_expanded:liu2024
C058,R719W,18.235423088,6.05199896,,,kcat_rel:kawana2017|Na_rel:adhikari2019
C058,S782N,33.881681442,4.56841049,,,kcat_rel:morck2022|Na_rel:morck2022|v_rel:morck2022
C058,Y115H,25.090517044,23.217351996,,,kcat_rel:nandwani2025|Na_rel:nandwani2025|v_rel:nandwani2025
C059,A797T,52.462266922,0,,,kcat_rel:morck2022|Na_rel:morck2022|v_rel:morck2022
C059,D239N,35.685035706,1,,,kcat_rel:adhikari2016|v_rel:adhikari2016
C059,D382Y,63.235746384,1,,,Na_rel:adhikari2019
C059,D778V,28.416404724,1,,,kcat_rel:morck2022|Na_rel:morck2022|v_rel:morck2022
C059,E497D,0.0,0,,,kcat_rel:nandwani2025|Na_rel:nandwani2025|v_rel:nandwani2025
C059,F834L,91.854549408,0,,,kcat_rel:morck2022|Na_rel:morck2022|v_rel:morck2022
C059,G741R,17.866434097,1,,,kcat_rel:kawana2017
C059,G768R,17.450050354,1,,,kcat_rel:pathak2026|Na_rel:pathak2026|v_rel:pathak2026
C059,H251N,27.890908241,0,,,kcat_rel:adhikari2016|Na_rel:adhikari2019|v_rel:adhikari2016
C059,I457T,22.242405891,0,,,kcat_rel:adhikari2019|Na_rel:adhikari2019|v_rel:adhikari2019
C059,L781P,31.056694984,0,,,kcat_rel:morck2022|Na_rel:morck2022|v_rel:morck2022
C059,P710R,8.58924818,1,,,Na_rel:vanderroest2021|v_rel:vanderroest2021
C059,R249Q,26.015706062,-1,,,kcat_rel:adhikari2019|Na_rel:adhikari2019
C059,R403Q,58.937068939,-1,,,kcat_rel:nag2015|Na_rel:sarkar2020|v_rel:nag2015
C059,R453C,30.65838623,-1,,,kcat_rel:sommese2013|v_rel:sommese2013
C059,R663H,13.299701691,-1,,,kcat_rel:sarkar2020|Na_rel:sarkar2020|v_rel:sarkar2020
C059,R719W,18.235423088,-1,,,kcat_rel:kawana2017|Na_rel:adhikari2019
C059,S782N,33.881681442,0,,,kcat_rel:morck2022|Na_rel:morck2022|v_rel:morck2022
C059,Y115H,25.090517044,0,,,kcat_rel:nandwani2025|Na_rel:nandwani2025|v_rel:nandwani2025
C060,A797T,52.462266922,58,,,kcat_rel:morck2022|Na_rel:morck2022|v_rel:morck2022
C060,D239N,35.685035706,23,,,kcat_rel:adhikari2016|v_rel:adhikari2016
C060,D778V,28.416404724,152,,,kcat_rel:morck2022|Na_rel:morck2022|v_rel:morck2022
C060,E497D,0.0,45,,,kcat_rel:nandwani2025|Na_rel:nandwani2025|v_rel:nandwani2025
C060,F834L,91.854549408,22,,,kcat_rel:morck2022|Na_rel:morck2022|v_rel:morck2022
C060,G741R,17.866434097,125,,,kcat_rel:kawana2017
C060,G768R,17.450050354,125,,,kcat_rel:pathak2026|Na_rel:pathak2026|v_rel:pathak2026
C060,H251N,27.890908241,68,,,kcat_rel:adhikari2016|Na_rel:adhikari2019|v_rel:adhikari2016
C060,I457T,22.242405891,89,,,kcat_rel:adhikari2019|Na_rel:adhikari2019|v_rel:adhikari2019
C060,L781P,31.056694984,98,,,kcat_rel:morck2022|Na_rel:morck2022|v_rel:morck2022
C060,R249Q,26.015706062,43,,,kcat_rel:adhikari2019|Na_rel:adhikari2019
C060,R403Q,58.937068939,43,,,kcat_rel:nag2015|Na_rel:sarkar2020|v_rel:nag2015
C060,R453C,30.65838623,180,,,kcat_rel:sommese2013|v_rel:sommese2013
C060,R663H,13.299701691,29,,,kcat_rel:sarkar2020|Na_rel:sarkar2020|v_rel:sarkar2020
C060,R719W,18.235423088,101,,,kcat_rel:kawana2017|Na_rel:adhikari2019
C060,S782N,33.881681442,46,,,kcat_rel:morck2022|Na_rel:morck2022|v_rel:morck2022
C060,Y115H,25.090517044,83,,,kcat_rel:nandwani2025|Na_rel:nandwani2025|v_rel:nandwani2025
C061,A797T,52.462266922,52.61597947966432,,,kcat_rel:morck2022|Na_rel:morck2022|v_rel:morck2022
C061,D239N,35.685035706,0.0,,,kcat_rel:adhikari2016|v_rel:adhikari2016
C061,D778V,28.416404724,34.84337112631988,,,kcat_rel:morck2022|Na_rel:morck2022|v_rel:morck2022
C061,E497D,0.0,22.822294945851162,,,kcat_rel:nandwani2025|Na_rel:nandwani2025|v_rel:nandwani2025
C061,F834L,91.854549408,86.25095026129094,,,kcat_rel:morck2022|Na_rel:morck2022|v_rel:morck2022
C061,G741R,17.866434097,43.44510234672077,,,kcat_rel:kawana2017
C061,G768R,17.450050354,27.477198222458405,,,kcat_rel:pathak2026|Na_rel:pathak2026|v_rel:pathak2026
C061,H251N,27.890908241,16.073682688680528,,,kcat_rel:adhikari2016|Na_rel:adhikari2019|v_rel:adhikari2016
C061,I457T,22.242405891,13.221737309855547,,,kcat_rel:adhikari2019|Na_rel:adhikari2019|v_rel:adhikari2019
C061,L781P,31.056694984,38.97306060048324,,,kcat_rel:morck2022|Na_rel:morck2022|v_rel:morck2022
C061,R249Q,26.015706062,9.744404953362427,,,kcat_rel:adhikari2019|Na_rel:adhikari2019
C061,R403Q,58.937068939,33.522361644995755,,,kcat_rel:nag2015|Na_rel:sarkar2020|v_rel:nag2015
C061,R453C,30.65838623,21.430166265853757,,,kcat_rel:sommese2013|v_rel:sommese2013
C061,R663H,13.299701691,16.313801523298913,,,kcat_rel:sarkar2020|Na_rel:sarkar2020|v_rel:sarkar2020
C061,R719W,18.235423088,37.94742621682316,,,kcat_rel:kawana2017|Na_rel:adhikari2019
C061,S782N,33.881681442,38.841925839573804,,,kcat_rel:morck2022|Na_rel:morck2022|v_rel:morck2022
C061,Y115H,25.090517044,12.022325833439357,,,kcat_rel:nandwani2025|Na_rel:nandwani2025|v_rel:nandwani2025
C062,A797T,52.462266922,0.0283018867925,,,kcat_rel:morck2022|Na_rel:morck2022|v_rel:morck2022
C062,D382Y,63.235746384,0.233128834356,,,Na_rel:adhikari2019
C062,D778V,28.416404724,0.315950920245,,,kcat_rel:morck2022|Na_rel:morck2022|v_rel:morck2022
C062,E497D,0.0,0.0876288659794,,,kcat_rel:nandwani2025|Na_rel:nandwani2025|v_rel:nandwani2025
C062,F834L,91.854549408,0.210659898477,,,kcat_rel:morck2022|Na_rel:morck2022|v_rel:morck2022
C062,G768R,17.450050354,0.613095238095,,,kcat_rel:pathak2026|Na_rel:pathak2026|v_rel:pathak2026
C062,H251N,27.890908241,0.0951086956522,,,kcat_rel:adhikari2016|Na_rel:adhikari2019|v_rel:adhikari2016
C062,I457T,22.242405891,0,,,kcat_rel:adhikari2019|Na_rel:adhikari2019|v_rel:adhikari2019
C062,L781P,31.056694984,0.15243902439,,,kcat_rel:morck2022|Na_rel:morck2022|v_rel:morck2022
C062,P710R,8.58924818,0.110294117647,,,Na_rel:vanderroest2021|v_rel:vanderroest2021
C062,R249Q,26.015706062,0.20564516129,,,kcat_rel:adhikari2019|Na_rel:adhikari2019
C062,R403Q,58.937068939,0.183467741935,,,kcat_rel:nag2015|Na_rel:sarkar2020|v_rel:nag2015
C062,R663H,13.299701691,0.608870967742,,,kcat_rel:sarkar2020|Na_rel:sarkar2020|v_rel:sarkar2020
C062,R719W,18.235423088,0.161290322581,,,kcat_rel:kawana2017|Na_rel:adhikari2019
C062,S782N,33.881681442,0.342307692308,,,kcat_rel:morck2022|Na_rel:morck2022|v_rel:morck2022
C062,Y115H,25.090517044,0.018018018018,,,kcat_rel:nandwani2025|Na_rel:nandwani2025|v_rel:nandwani2025
C063,A797T,52.462266922,0,,,kcat_rel:morck2022|Na_rel:morck2022|v_rel:morck2022
C063,D382Y,63.235746384,1,,,Na_rel:adhikari2019
C063,D778V,28.416404724,0,,,kcat_rel:morck2022|Na_rel:morck2022|v_rel:morck2022
C063,E497D,0.0,0,,,kcat_rel:nandwani2025|Na_rel:nandwani2025|v_rel:nandwani2025
C063,F834L,91.854549408,0,,,kcat_rel:morck2022|Na_rel:morck2022|v_rel:morck2022
C063,G768R,17.450050354,0,,,kcat_rel:pathak2026|Na_rel:pathak2026|v_rel:pathak2026
C063,H251N,27.890908241,0,,,kcat_rel:adhikari2016|Na_rel:adhikari2019|v_rel:adhikari2016
C063,I457T,22.242405891,0,,,kcat_rel:adhikari2019|Na_rel:adhikari2019|v_rel:adhikari2019
C063,L781P,31.056694984,0,,,kcat_rel:morck2022|Na_rel:morck2022|v_rel:morck2022
C063,P710R,8.58924818,0,,,Na_rel:vanderroest2021|v_rel:vanderroest2021
C063,R249Q,26.015706062,0,,,kcat_rel:adhikari2019|Na_rel:adhikari2019
C063,R403Q,58.937068939,1,,,kcat_rel:nag2015|Na_rel:sarkar2020|v_rel:nag2015
C063,R663H,13.299701691,0,,,kcat_rel:sarkar2020|Na_rel:sarkar2020|v_rel:sarkar2020
C063,R719W,18.235423088,0,,,kcat_rel:kawana2017|Na_rel:adhikari2019
C063,S782N,33.881681442,0,,,kcat_rel:morck2022|Na_rel:morck2022|v_rel:morck2022
C063,Y115H,25.090517044,0,,,kcat_rel:nandwani2025|Na_rel:nandwani2025|v_rel:nandwani2025
C064,A797T,3.156838916,0,,,kcat_rel:morck2022|Na_rel:morck2022|v_rel:morck2022
C064,D239N,38.631224062,1,,,kcat_rel:adhikari2016|v_rel:adhikari2016
C064,D382Y,58.317239874,1,,,Na_rel:adhikari2019
C064,D778V,5.919902893,1,,,kcat_rel:morck2022|Na_rel:morck2022|v_rel:morck2022
C064,E497D,22.479331336,0,,,kcat_rel:nandwani2025|Na_rel:nandwani2025|v_rel:nandwani2025
C064,F834L,29.13726394,0,,,kcat_rel:morck2022|Na_rel:morck2022|v_rel:morck2022
C064,G741R,12.707218468,1,,,kcat_rel:kawana2017
C064,G768R,17.509287479,1,,,kcat_rel:pathak2026|Na_rel:pathak2026|v_rel:pathak2026
C064,H251N,13.811298229,0,,,kcat_rel:adhikari2016|Na_rel:adhikari2019|v_rel:adhikari2016
C064,I457T,12.500166133,0,,,kcat_rel:adhikari2019|Na_rel:adhikari2019|v_rel:adhikari2019
C064,L781P,3.36913415,0,,,kcat_rel:morck2022|Na_rel:morck2022|v_rel:morck2022
C064,P710R,18.87526729,1,,,Na_rel:vanderroest2021|v_rel:vanderroest2021
C064,R249Q,18.980836575,-1,,,kcat_rel:adhikari2019|Na_rel:adhikari2019
C064,R403Q,59.339271569,-1,,,kcat_rel:nag2015|Na_rel:sarkar2020|v_rel:nag2015
C064,R453C,10.360766721,-1,,,kcat_rel:sommese2013|v_rel:sommese2013
C064,R663H,21.301204586,-1,,,kcat_rel:sarkar2020|Na_rel:sarkar2020|v_rel:sarkar2020
C064,R719W,6.05199896,-1,,,kcat_rel:kawana2017|Na_rel:adhikari2019
C064,S782N,4.56841049,0,,,kcat_rel:morck2022|Na_rel:morck2022|v_rel:morck2022
C064,Y115H,23.217351996,0,,,kcat_rel:nandwani2025|Na_rel:nandwani2025|v_rel:nandwani2025
C065,A797T,3.156838916,58,,,kcat_rel:morck2022|Na_rel:morck2022|v_rel:morck2022
C065,D239N,38.631224062,23,,,kcat_rel:adhikari2016|v_rel:adhikari2016
C065,D778V,5.919902893,152,,,kcat_rel:morck2022|Na_rel:morck2022|v_rel:morck2022
C065,E497D,22.479331336,45,,,kcat_rel:nandwani2025|Na_rel:nandwani2025|v_rel:nandwani2025
C065,F834L,29.13726394,22,,,kcat_rel:morck2022|Na_rel:morck2022|v_rel:morck2022
C065,G741R,12.707218468,125,,,kcat_rel:kawana2017
C065,G768R,17.509287479,125,,,kcat_rel:pathak2026|Na_rel:pathak2026|v_rel:pathak2026
C065,H251N,13.811298229,68,,,kcat_rel:adhikari2016|Na_rel:adhikari2019|v_rel:adhikari2016
C065,I457T,12.500166133,89,,,kcat_rel:adhikari2019|Na_rel:adhikari2019|v_rel:adhikari2019
C065,L781P,3.36913415,98,,,kcat_rel:morck2022|Na_rel:morck2022|v_rel:morck2022
C065,R249Q,18.980836575,43,,,kcat_rel:adhikari2019|Na_rel:adhikari2019
C065,R403Q,59.339271569,43,,,kcat_rel:nag2015|Na_rel:sarkar2020|v_rel:nag2015
C065,R453C,10.360766721,180,,,kcat_rel:sommese2013|v_rel:sommese2013
C065,R663H,21.301204586,29,,,kcat_rel:sarkar2020|Na_rel:sarkar2020|v_rel:sarkar2020
C065,R719W,6.05199896,101,,,kcat_rel:kawana2017|Na_rel:adhikari2019
C065,S782N,4.56841049,46,,,kcat_rel:morck2022|Na_rel:morck2022|v_rel:morck2022
C065,Y115H,23.217351996,83,,,kcat_rel:nandwani2025|Na_rel:nandwani2025|v_rel:nandwani2025
C066,A797T,3.156838916,52.61597947966432,,,kcat_rel:morck2022|Na_rel:morck2022|v_rel:morck2022
C066,D239N,38.631224062,0.0,,,kcat_rel:adhikari2016|v_rel:adhikari2016
C066,D778V,5.919902893,34.84337112631988,,,kcat_rel:morck2022|Na_rel:morck2022|v_rel:morck2022
C066,E497D,22.479331336,22.822294945851162,,,kcat_rel:nandwani2025|Na_rel:nandwani2025|v_rel:nandwani2025
C066,F834L,29.13726394,86.25095026129094,,,kcat_rel:morck2022|Na_rel:morck2022|v_rel:morck2022
C066,G741R,12.707218468,43.44510234672077,,,kcat_rel:kawana2017
C066,G768R,17.509287479,27.477198222458405,,,kcat_rel:pathak2026|Na_rel:pathak2026|v_rel:pathak2026
C066,H251N,13.811298229,16.073682688680528,,,kcat_rel:adhikari2016|Na_rel:adhikari2019|v_rel:adhikari2016
C066,I457T,12.500166133,13.221737309855547,,,kcat_rel:adhikari2019|Na_rel:adhikari2019|v_rel:adhikari2019
C066,L781P,3.36913415,38.97306060048324,,,kcat_rel:morck2022|Na_rel:morck2022|v_rel:morck2022
C066,R249Q,18.980836575,9.744404953362427,,,kcat_rel:adhikari2019|Na_rel:adhikari2019
C066,R403Q,59.339271569,33.522361644995755,,,kcat_rel:nag2015|Na_rel:sarkar2020|v_rel:nag2015
C066,R453C,10.360766721,21.430166265853757,,,kcat_rel:sommese2013|v_rel:sommese2013
C066,R663H,21.301204586,16.313801523298913,,,kcat_rel:sarkar2020|Na_rel:sarkar2020|v_rel:sarkar2020
C066,R719W,6.05199896,37.94742621682316,,,kcat_rel:kawana2017|Na_rel:adhikari2019
C066,S782N,4.56841049,38.841925839573804,,,kcat_rel:morck2022|Na_rel:morck2022|v_rel:morck2022
C066,Y115H,23.217351996,12.022325833439357,,,kcat_rel:nandwani2025|Na_rel:nandwani2025|v_rel:nandwani2025
C067,A797T,3.156838916,0.0283018867925,,,kcat_rel:morck2022|Na_rel:morck2022|v_rel:morck2022
C067,D382Y,58.317239874,0.233128834356,,,Na_rel:adhikari2019
C067,D778V,5.919902893,0.315950920245,,,kcat_rel:morck2022|Na_rel:morck2022|v_rel:morck2022
C067,E497D,22.479331336,0.0876288659794,,,kcat_rel:nandwani2025|Na_rel:nandwani2025|v_rel:nandwani2025
C067,F834L,29.13726394,0.210659898477,,,kcat_rel:morck2022|Na_rel:morck2022|v_rel:morck2022
C067,G768R,17.509287479,0.613095238095,,,kcat_rel:pathak2026|Na_rel:pathak2026|v_rel:pathak2026
C067,H251N,13.811298229,0.0951086956522,,,kcat_rel:adhikari2016|Na_rel:adhikari2019|v_rel:adhikari2016
C067,I457T,12.500166133,0,,,kcat_rel:adhikari2019|Na_rel:adhikari2019|v_rel:adhikari2019
C067,L781P,3.36913415,0.15243902439,,,kcat_rel:morck2022|Na_rel:morck2022|v_rel:morck2022
C067,P710R,18.87526729,0.110294117647,,,Na_rel:vanderroest2021|v_rel:vanderroest2021
C067,R249Q,18.980836575,0.20564516129,,,kcat_rel:adhikari2019|Na_rel:adhikari2019
C067,R403Q,59.339271569,0.183467741935,,,kcat_rel:nag2015|Na_rel:sarkar2020|v_rel:nag2015
C067,R663H,21.301204586,0.608870967742,,,kcat_rel:sarkar2020|Na_rel:sarkar2020|v_rel:sarkar2020
C067,R719W,6.05199896,0.161290322581,,,kcat_rel:kawana2017|Na_rel:adhikari2019
C067,S782N,4.56841049,0.342307692308,,,kcat_rel:morck2022|Na_rel:morck2022|v_rel:morck2022
C067,Y115H,23.217351996,0.018018018018,,,kcat_rel:nandwani2025|Na_rel:nandwani2025|v_rel:nandwani2025
C068,A797T,3.156838916,0,,,kcat_rel:morck2022|Na_rel:morck2022|v_rel:morck2022
C068,D382Y,58.317239874,1,,,Na_rel:adhikari2019
C068,D778V,5.919902893,0,,,kcat_rel:morck2022|Na_rel:morck2022|v_rel:morck2022
C068,E497D,22.479331336,0,,,kcat_rel:nandwani2025|Na_rel:nandwani2025|v_rel:nandwani2025
C068,F834L,29.13726394,0,,,kcat_rel:morck2022|Na_rel:morck2022|v_rel:morck2022
C068,G768R,17.509287479,0,,,kcat_rel:pathak2026|Na_rel:pathak2026|v_rel:pathak2026
C068,H251N,13.811298229,0,,,kcat_rel:adhikari2016|Na_rel:adhikari2019|v_rel:adhikari2016
C068,I457T,12.500166133,0,,,kcat_rel:adhikari2019|Na_rel:adhikari2019|v_rel:adhikari2019
C068,L781P,3.36913415,0,,,kcat_rel:morck2022|Na_rel:morck2022|v_rel:morck2022
C068,P710R,18.87526729,0,,,Na_rel:vanderroest2021|v_rel:vanderroest2021
C068,R249Q,18.980836575,0,,,kcat_rel:adhikari2019|Na_rel:adhikari2019
C068,R403Q,59.339271569,1,,,kcat_rel:nag2015|Na_rel:sarkar2020|v_rel:nag2015
C068,R663H,21.301204586,0,,,kcat_rel:sarkar2020|Na_rel:sarkar2020|v_rel:sarkar2020
C068,R719W,6.05199896,0,,,kcat_rel:kawana2017|Na_rel:adhikari2019
C068,S782N,4.56841049,0,,,kcat_rel:morck2022|Na_rel:morck2022|v_rel:morck2022
C068,Y115H,23.217351996,0,,,kcat_rel:nandwani2025|Na_rel:nandwani2025|v_rel:nandwani2025
C069,A797T,0,58,,,kcat_rel:morck2022|Na_rel:morck2022|v_rel:morck2022
C069,D239N,1,23,,,kcat_rel:adhikari2016|v_rel:adhikari2016
C069,D778V,1,152,,,kcat_rel:morck2022|Na_rel:morck2022|v_rel:morck2022
C069,E497D,0,45,,,kcat_rel:nandwani2025|Na_rel:nandwani2025|v_rel:nandwani2025
C069,F834L,0,22,,,kcat_rel:morck2022|Na_rel:morck2022|v_rel:morck2022
C069,G741R,1,125,,,kcat_rel:kawana2017
C069,G768R,1,125,,,kcat_rel:pathak2026|Na_rel:pathak2026|v_rel:pathak2026
C069,H251N,0,68,,,kcat_rel:adhikari2016|Na_rel:adhikari2019|v_rel:adhikari2016
C069,I457T,0,89,,,kcat_rel:adhikari2019|Na_rel:adhikari2019|v_rel:adhikari2019
C069,L781P,0,98,,,kcat_rel:morck2022|Na_rel:morck2022|v_rel:morck2022
C069,R249Q,-1,43,,,kcat_rel:adhikari2019|Na_rel:adhikari2019
C069,R403Q,-1,43,,,kcat_rel:nag2015|Na_rel:sarkar2020|v_rel:nag2015
C069,R453C,-1,180,,,kcat_rel:sommese2013|v_rel:sommese2013
C069,R663H,-1,29,,,kcat_rel:sarkar2020|Na_rel:sarkar2020|v_rel:sarkar2020
C069,R719W,-1,101,,,kcat_rel:kawana2017|Na_rel:adhikari2019
C069,S782N,0,46,,,kcat_rel:morck2022|Na_rel:morck2022|v_rel:morck2022
C069,Y115H,0,83,,,kcat_rel:nandwani2025|Na_rel:nandwani2025|v_rel:nandwani2025
C070,A797T,0,52.61597947966432,,,kcat_rel:morck2022|Na_rel:morck2022|v_rel:morck2022
C070,D239N,1,0.0,,,kcat_rel:adhikari2016|v_rel:adhikari2016
C070,D778V,1,34.84337112631988,,,kcat_rel:morck2022|Na_rel:morck2022|v_rel:morck2022
C070,E497D,0,22.822294945851162,,,kcat_rel:nandwani2025|Na_rel:nandwani2025|v_rel:nandwani2025
C070,F834L,0,86.25095026129094,,,kcat_rel:morck2022|Na_rel:morck2022|v_rel:morck2022
C070,G741R,1,43.44510234672077,,,kcat_rel:kawana2017
C070,G768R,1,27.477198222458405,,,kcat_rel:pathak2026|Na_rel:pathak2026|v_rel:pathak2026
C070,H251N,0,16.073682688680528,,,kcat_rel:adhikari2016|Na_rel:adhikari2019|v_rel:adhikari2016
C070,I457T,0,13.221737309855547,,,kcat_rel:adhikari2019|Na_rel:adhikari2019|v_rel:adhikari2019
C070,L781P,0,38.97306060048324,,,kcat_rel:morck2022|Na_rel:morck2022|v_rel:morck2022
C070,R249Q,-1,9.744404953362427,,,kcat_rel:adhikari2019|Na_rel:adhikari2019
C070,R403Q,-1,33.522361644995755,,,kcat_rel:nag2015|Na_rel:sarkar2020|v_rel:nag2015
C070,R453C,-1,21.430166265853757,,,kcat_rel:sommese2013|v_rel:sommese2013
C070,R663H,-1,16.313801523298913,,,kcat_rel:sarkar2020|Na_rel:sarkar2020|v_rel:sarkar2020
C070,R719W,-1,37.94742621682316,,,kcat_rel:kawana2017|Na_rel:adhikari2019
C070,S782N,0,38.841925839573804,,,kcat_rel:morck2022|Na_rel:morck2022|v_rel:morck2022
C070,Y115H,0,12.022325833439357,,,kcat_rel:nandwani2025|Na_rel:nandwani2025|v_rel:nandwani2025
C071,A797T,0,0.0283018867925,,,kcat_rel:morck2022|Na_rel:morck2022|v_rel:morck2022
C071,D382Y,1,0.233128834356,,,Na_rel:adhikari2019
C071,D778V,1,0.315950920245,,,kcat_rel:morck2022|Na_rel:morck2022|v_rel:morck2022
C071,E497D,0,0.0876288659794,,,kcat_rel:nandwani2025|Na_rel:nandwani2025|v_rel:nandwani2025
C071,F834L,0,0.210659898477,,,kcat_rel:morck2022|Na_rel:morck2022|v_rel:morck2022
C071,G768R,1,0.613095238095,,,kcat_rel:pathak2026|Na_rel:pathak2026|v_rel:pathak2026
C071,H251N,0,0.0951086956522,,,kcat_rel:adhikari2016|Na_rel:adhikari2019|v_rel:adhikari2016
C071,I457T,0,0,,,kcat_rel:adhikari2019|Na_rel:adhikari2019|v_rel:adhikari2019
C071,L781P,0,0.15243902439,,,kcat_rel:morck2022|Na_rel:morck2022|v_rel:morck2022
C071,P710R,1,0.110294117647,,,Na_rel:vanderroest2021|v_rel:vanderroest2021
C071,R249Q,-1,0.20564516129,,,kcat_rel:adhikari2019|Na_rel:adhikari2019
C071,R403Q,-1,0.183467741935,,,kcat_rel:nag2015|Na_rel:sarkar2020|v_rel:nag2015
C071,R663H,-1,0.608870967742,,,kcat_rel:sarkar2020|Na_rel:sarkar2020|v_rel:sarkar2020
C071,R719W,-1,0.161290322581,,,kcat_rel:kawana2017|Na_rel:adhikari2019
C071,S782N,0,0.342307692308,,,kcat_rel:morck2022|Na_rel:morck2022|v_rel:morck2022
C071,Y115H,0,0.018018018018,,,kcat_rel:nandwani2025|Na_rel:nandwani2025|v_rel:nandwani2025
C072,A797T,0,0,,,kcat_rel:morck2022|Na_rel:morck2022|v_rel:morck2022
C072,D382Y,1,1,,,Na_rel:adhikari2019
C072,D778V,1,0,,,kcat_rel:morck2022|Na_rel:morck2022|v_rel:morck2022
C072,E497D,0,0,,,kcat_rel:nandwani2025|Na_rel:nandwani2025|v_rel:nandwani2025
C072,F834L,0,0,,,kcat_rel:morck2022|Na_rel:morck2022|v_rel:morck2022
C072,G768R,1,0,,,kcat_rel:pathak2026|Na_rel:pathak2026|v_rel:pathak2026
C072,H251N,0,0,,,kcat_rel:adhikari2016|Na_rel:adhikari2019|v_rel:adhikari2016
C072,I457T,0,0,,,kcat_rel:adhikari2019|Na_rel:adhikari2019|v_rel:adhikari2019
C072,L781P,0,0,,,kcat_rel:morck2022|Na_rel:morck2022|v_rel:morck2022
C072,P710R,1,0,,,Na_rel:vanderroest2021|v_rel:vanderroest2021
C072,R249Q,-1,0,,,kcat_rel:adhikari2019|Na_rel:adhikari2019
C072,R403Q,-1,1,,,kcat_rel:nag2015|Na_rel:sarkar2020|v_rel:nag2015
C072,R663H,-1,0,,,kcat_rel:sarkar2020|Na_rel:sarkar2020|v_rel:sarkar2020
C072,R719W,-1,0,,,kcat_rel:kawana2017|Na_rel:adhikari2019
C072,S782N,0,0,,,kcat_rel:morck2022|Na_rel:morck2022|v_rel:morck2022
C072,Y115H,0,0,,,kcat_rel:nandwani2025|Na_rel:nandwani2025|v_rel:nandwani2025
C073,A797T,58,52.61597947966432,,,kcat_rel:morck2022|Na_rel:morck2022|v_rel:morck2022
C073,D239N,23,0.0,,,kcat_rel:adhikari2016|v_rel:adhikari2016
C073,D778V,152,34.84337112631988,,,kcat_rel:morck2022|Na_rel:morck2022|v_rel:morck2022
C073,E497D,45,22.822294945851162,,,kcat_rel:nandwani2025|Na_rel:nandwani2025|v_rel:nandwani2025
C073,F834L,22,86.25095026129094,,,kcat_rel:morck2022|Na_rel:morck2022|v_rel:morck2022
C073,G741R,125,43.44510234672077,,,kcat_rel:kawana2017
C073,G768R,125,27.477198222458405,,,kcat_rel:pathak2026|Na_rel:pathak2026|v_rel:pathak2026
C073,H251N,68,16.073682688680528,,,kcat_rel:adhikari2016|Na_rel:adhikari2019|v_rel:adhikari2016
C073,I457T,89,13.221737309855547,,,kcat_rel:adhikari2019|Na_rel:adhikari2019|v_rel:adhikari2019
C073,L781P,98,38.97306060048324,,,kcat_rel:morck2022|Na_rel:morck2022|v_rel:morck2022
C073,R249Q,43,9.744404953362427,,,kcat_rel:adhikari2019|Na_rel:adhikari2019
C073,R403Q,43,33.522361644995755,,,kcat_rel:nag2015|Na_rel:sarkar2020|v_rel:nag2015
C073,R453C,180,21.430166265853757,,,kcat_rel:sommese2013|v_rel:sommese2013
C073,R663H,29,16.313801523298913,,,kcat_rel:sarkar2020|Na_rel:sarkar2020|v_rel:sarkar2020
C073,R719W,101,37.94742621682316,,,kcat_rel:kawana2017|Na_rel:adhikari2019
C073,S782N,46,38.841925839573804,,,kcat_rel:morck2022|Na_rel:morck2022|v_rel:morck2022
C073,Y115H,83,12.022325833439357,,,kcat_rel:nandwani2025|Na_rel:nandwani2025|v_rel:nandwani2025
C074,A797T,58,0.0283018867925,,,kcat_rel:morck2022|Na_rel:morck2022|v_rel:morck2022
C074,D778V,152,0.315950920245,,,kcat_rel:morck2022|Na_rel:morck2022|v_rel:morck2022
C074,E497D,45,0.0876288659794,,,kcat_rel:nandwani2025|Na_rel:nandwani2025|v_rel:nandwani2025
C074,F834L,22,0.210659898477,,,kcat_rel:morck2022|Na_rel:morck2022|v_rel:morck2022
C074,G768R,125,0.613095238095,,,kcat_rel:pathak2026|Na_rel:pathak2026|v_rel:pathak2026
C074,H251N,68,0.0951086956522,,,kcat_rel:adhikari2016|Na_rel:adhikari2019|v_rel:adhikari2016
C074,I457T,89,0,,,kcat_rel:adhikari2019|Na_rel:adhikari2019|v_rel:adhikari2019
C074,L781P,98,0.15243902439,,,kcat_rel:morck2022|Na_rel:morck2022|v_rel:morck2022
C074,R249Q,43,0.20564516129,,,kcat_rel:adhikari2019|Na_rel:adhikari2019
C074,R403Q,43,0.183467741935,,,kcat_rel:nag2015|Na_rel:sarkar2020|v_rel:nag2015
C074,R663H,29,0.608870967742,,,kcat_rel:sarkar2020|Na_rel:sarkar2020|v_rel:sarkar2020
C074,R719W,101,0.161290322581,,,kcat_rel:kawana2017|Na_rel:adhikari2019
C074,S782N,46,0.342307692308,,,kcat_rel:morck2022|Na_rel:morck2022|v_rel:morck2022
C074,Y115H,83,0.018018018018,,,kcat_rel:nandwani2025|Na_rel:nandwani2025|v_rel:nandwani2025
C075,A797T,58,0,,,kcat_rel:morck2022|Na_rel:morck2022|v_rel:morck2022
C075,D778V,152,0,,,kcat_rel:morck2022|Na_rel:morck2022|v_rel:morck2022
C075,E497D,45,0,,,kcat_rel:nandwani2025|Na_rel:nandwani2025|v_rel:nandwani2025
C075,F834L,22,0,,,kcat_rel:morck2022|Na_rel:morck2022|v_rel:morck2022
C075,G768R,125,0,,,kcat_rel:pathak2026|Na_rel:pathak2026|v_rel:pathak2026
C075,H251N,68,0,,,kcat_rel:adhikari2016|Na_rel:adhikari2019|v_rel:adhikari2016
C075,I457T,89,0,,,kcat_rel:adhikari2019|Na_rel:adhikari2019|v_rel:adhikari2019
C075,L781P,98,0,,,kcat_rel:morck2022|Na_rel:morck2022|v_rel:morck2022
C075,R249Q,43,0,,,kcat_rel:adhikari2019|Na_rel:adhikari2019
C075,R403Q,43,1,,,kcat_rel:nag2015|Na_rel:sarkar2020|v_rel:nag2015
C075,R663H,29,0,,,kcat_rel:sarkar2020|Na_rel:sarkar2020|v_rel:sarkar2020
C075,R719W,101,0,,,kcat_rel:kawana2017|Na_rel:adhikari2019
C075,S782N,46,0,,,kcat_rel:morck2022|Na_rel:morck2022|v_rel:morck2022
C075,Y115H,83,0,,,kcat_rel:nandwani2025|Na_rel:nandwani2025|v_rel:nandwani2025
C076,A797T,52.61597947966432,0.0283018867925,,,kcat_rel:morck2022|Na_rel:morck2022|v_rel:morck2022
C076,D778V,34.84337112631988,0.315950920245,,,kcat_rel:morck2022|Na_rel:morck2022|v_rel:morck2022
C076,E497D,22.822294945851162,0.0876288659794,,,kcat_rel:nandwani2025|Na_rel:nandwani2025|v_rel:nandwani2025
C076,F834L,86.25095026129094,0.210659898477,,,kcat_rel:morck2022|Na_rel:morck2022|v_rel:morck2022
C076,G768R,27.477198222458405,0.613095238095,,,kcat_rel:pathak2026|Na_rel:pathak2026|v_rel:pathak2026
C076,H251N,16.073682688680528,0.0951086956522,,,kcat_rel:adhikari2016|Na_rel:adhikari2019|v_rel:adhikari2016
C076,I457T,13.221737309855547,0,,,kcat_rel:adhikari2019|Na_rel:adhikari2019|v_rel:adhikari2019
C076,L781P,38.97306060048324,0.15243902439,,,kcat_rel:morck2022|Na_rel:morck2022|v_rel:morck2022
C076,R249Q,9.744404953362427,0.20564516129,,,kcat_rel:adhikari2019|Na_rel:adhikari2019
C076,R403Q,33.522361644995755,0.183467741935,,,kcat_rel:nag2015|Na_rel:sarkar2020|v_rel:nag2015
C076,R663H,16.313801523298913,0.608870967742,,,kcat_rel:sarkar2020|Na_rel:sarkar2020|v_rel:sarkar2020
C076,R719W,37.94742621682316,0.161290322581,,,kcat_rel:kawana2017|Na_rel:adhikari2019
C076,S782N,38.841925839573804,0.342307692308,,,kcat_rel:morck2022|Na_rel:morck2022|v_rel:morck2022
C076,Y115H,12.022325833439357,0.018018018018,,,kcat_rel:nandwani2025|Na_rel:nandwani2025|v_rel:nandwani2025
C077,A797T,52.61597947966432,0,,,kcat_rel:morck2022|Na_rel:morck2022|v_rel:morck2022
C077,D778V,34.84337112631988,0,,,kcat_rel:morck2022|Na_rel:morck2022|v_rel:morck2022
C077,E497D,22.822294945851162,0,,,kcat_rel:nandwani2025|Na_rel:nandwani2025|v_rel:nandwani2025
C077,F834L,86.25095026129094,0,,,kcat_rel:morck2022|Na_rel:morck2022|v_rel:morck2022
C077,G768R,27.477198222458405,0,,,kcat_rel:pathak2026|Na_rel:pathak2026|v_rel:pathak2026
C077,H251N,16.073682688680528,0,,,kcat_rel:adhikari2016|Na_rel:adhikari2019|v_rel:adhikari2016
C077,I457T,13.221737309855547,0,,,kcat_rel:adhikari2019|Na_rel:adhikari2019|v_rel:adhikari2019
C077,L781P,38.97306060048324,0,,,kcat_rel:morck2022|Na_rel:morck2022|v_rel:morck2022
C077,R249Q,9.744404953362427,0,,,kcat_rel:adhikari2019|Na_rel:adhikari2019
C077,R403Q,33.522361644995755,1,,,kcat_rel:nag2015|Na_rel:sarkar2020|v_rel:nag2015
C077,R663H,16.313801523298913,0,,,kcat_rel:sarkar2020|Na_rel:sarkar2020|v_rel:sarkar2020
C077,R719W,37.94742621682316,0,,,kcat_rel:kawana2017|Na_rel:adhikari2019
C077,S782N,38.841925839573804,0,,,kcat_rel:morck2022|Na_rel:morck2022|v_rel:morck2022
C077,Y115H,12.022325833439357,0,,,kcat_rel:nandwani2025|Na_rel:nandwani2025|v_rel:nandwani2025
C078,A797T,0.0283018867925,0,,,kcat_rel:morck2022|Na_rel:morck2022|v_rel:morck2022
C078,D382Y,0.233128834356,1,,,Na_rel:adhikari2019
C078,D778V,0.315950920245,0,,,kcat_rel:morck2022|Na_rel:morck2022|v_rel:morck2022
C078,E497D,0.0876288659794,0,,,kcat_rel:nandwani2025|Na_rel:nandwani2025|v_rel:nandwani2025
C078,F834L,0.210659898477,0,,,kcat_rel:morck2022|Na_rel:morck2022|v_rel:morck2022
C078,G768R,0.613095238095,0,,,kcat_rel:pathak2026|Na_rel:pathak2026|v_rel:pathak2026
C078,H251N,0.0951086956522,0,,,kcat_rel:adhikari2016|Na_rel:adhikari2019|v_rel:adhikari2016
C078,I457T,0,0,,,kcat_rel:adhikari2019|Na_rel:adhikari2019|v_rel:adhikari2019
C078,L781P,0.15243902439,0,,,kcat_rel:morck2022|Na_rel:morck2022|v_rel:morck2022
C078,P710R,0.110294117647,0,,,Na_rel:vanderroest2021|v_rel:vanderroest2021
C078,R249Q,0.20564516129,0,,,kcat_rel:adhikari2019|Na_rel:adhikari2019
C078,R403Q,0.183467741935,1,,,kcat_rel:nag2015|Na_rel:sarkar2020|v_rel:nag2015
C078,R663H,0.608870967742,0,,,kcat_rel:sarkar2020|Na_rel:sarkar2020|v_rel:sarkar2020
C078,R719W,0.161290322581,0,,,kcat_rel:kawana2017|Na_rel:adhikari2019
C078,S782N,0.342307692308,0,,,kcat_rel:morck2022|Na_rel:morck2022|v_rel:morck2022
C078,Y115H,0.018018018018,0,,,kcat_rel:nandwani2025|Na_rel:nandwani2025|v_rel:nandwani2025
